solid OpenSCAD_Model
  facet normal 0 0 -1
    outer loop
      vertex -23.802780391316933 -7.5620014546273335 0
      vertex -23.38109352276238 -5.572627291619865 0
      vertex -23.403037654437075 -7.703557781990743 0
    endloop
  endfacet
  facet normal 0 0 -1
    outer loop
      vertex -23.403037654437075 -7.703557781990743 0
      vertex -22.785003665687178 -5.801444749400436 0
      vertex -22.996434265330418 -7.823999192941453 0
    endloop
  endfacet
  facet normal 0 0 -1
    outer loop
      vertex -24 -7.480310417944892 0
      vertex -23.669342048411234 -5.435139797549044 0
      vertex -23.802780391316933 -7.5620014546273335 0
    endloop
  endfacet
  facet normal 0 0 -1
    outer loop
      vertex -22.58408469562385 -7.922995565943825 0
      vertex -21.854250236745408 -6.02489887763034 0
      vertex -22.16711916682587 -8.000275558820615 0
    endloop
  endfacet
  facet normal 0 0 -1
    outer loop
      vertex -22.16711916682587 -8.000275558820615 0
      vertex -21.53762362593269 -6.066583561746467 0
      vertex -21.746680552467993 -8.055627352483013 0
    endloop
  endfacet
  facet normal 0 0 -1
    outer loop
      vertex -21.746680552467993 -8.055627352483013 0
      vertex -21.219249333081958 -6.0916401620029 0
      vertex -21.323921245567846 -8.088899231512048 0
    endloop
  endfacet
  facet normal 0 0 -1
    outer loop
      vertex -22.58408469562385 -7.922995565943825 0
      vertex -22.996434265330418 -7.823999192941453 0
      vertex -22.478796175125375 -5.892147540363316 0
    endloop
  endfacet
  facet normal 0 0 -1
    outer loop
      vertex -22.996434265330418 -7.823999192941453 0
      vertex -22.785003665687178 -5.801444749400436 0
      vertex -22.478796175125375 -5.892147540363316 0
    endloop
  endfacet
  facet normal 0 0 -1
    outer loop
      vertex -22.58408469562385 -7.922995565943825 0
      vertex -22.16826131398833 -5.966700364476214 0
      vertex -21.854250236745408 -6.02489887763034 0
    endloop
  endfacet
  facet normal 0 0 -1
    outer loop
      vertex -22.58408469562385 -7.922995565943825 0
      vertex -22.478796175125375 -5.892147540363316 0
      vertex -22.16826131398833 -5.966700364476214 0
    endloop
  endfacet
  facet normal 0 0 -1
    outer loop
      vertex -22.16711916682587 -8.000275558820615 0
      vertex -21.854250236745408 -6.02489887763034 0
      vertex -21.53762362593269 -6.066583561746467 0
    endloop
  endfacet
  facet normal 0 0 -1
    outer loop
      vertex -21.746680552467993 -8.055627352483013 0
      vertex -21.53762362593269 -6.066583561746467 0
      vertex -21.219249333081958 -6.0916401620029 0
    endloop
  endfacet
  facet normal 0 0 -1
    outer loop
      vertex -21.323921245567846 -8.088899231512048 0
      vertex -21.219249333081958 -6.0916401620029 0
      vertex -20.9 -8.1 0
    endloop
  endfacet
  facet normal 0 0 -1
    outer loop
      vertex -20.9 -8.1 0
      vertex -20.580750666918043 -6.0916401620029 0
      vertex -20.476078754432155 -8.088899231512048 0
    endloop
  endfacet
  facet normal 0 0 -1
    outer loop
      vertex -20.476078754432155 -8.088899231512048 0
      vertex -20.262376374067316 -6.066583561746467 0
      vertex -20.053319447532008 -8.055627352483013 0
    endloop
  endfacet
  facet normal 0 0 -1
    outer loop
      vertex -20.053319447532008 -8.055627352483013 0
      vertex -19.945749763254593 -6.02489887763034 0
      vertex -19.63288083317413 -8.000275558820615 0
    endloop
  endfacet
  facet normal 0 0 -1
    outer loop
      vertex -19.63288083317413 -8.000275558820615 0
      vertex -19.321203824874623 -5.892147540363316 0
      vertex -19.21591530437615 -7.922995565943825 0
    endloop
  endfacet
  facet normal 0 0 -1
    outer loop
      vertex -20.9 -8.1 0
      vertex -21.219249333081958 -6.0916401620029 0
      vertex -20.9 -6.1 0
    endloop
  endfacet
  facet normal 0 0 -1
    outer loop
      vertex -20.9 -8.1 0
      vertex -20.9 -6.1 0
      vertex -20.580750666918043 -6.0916401620029 0
    endloop
  endfacet
  facet normal 0 0 -1
    outer loop
      vertex -20.476078754432155 -8.088899231512048 0
      vertex -20.580750666918043 -6.0916401620029 0
      vertex -20.262376374067316 -6.066583561746467 0
    endloop
  endfacet
  facet normal 0 0 -1
    outer loop
      vertex -20.053319447532008 -8.055627352483013 0
      vertex -20.262376374067316 -6.066583561746467 0
      vertex -19.945749763254593 -6.02489887763034 0
    endloop
  endfacet
  facet normal 0 0 -1
    outer loop
      vertex -19.63288083317413 -8.000275558820615 0
      vertex -19.945749763254593 -6.02489887763034 0
      vertex -19.63173868601167 -5.966700364476214 0
    endloop
  endfacet
  facet normal 0 0 -1
    outer loop
      vertex -19.63288083317413 -8.000275558820615 0
      vertex -19.63173868601167 -5.966700364476214 0
      vertex -19.321203824874623 -5.892147540363316 0
    endloop
  endfacet
  facet normal 0 0 -1
    outer loop
      vertex -19.21591530437615 -7.922995565943825 0
      vertex -19.01499633431282 -5.801444749400436 0
      vertex -18.803565734669583 -7.823999192941453 0
    endloop
  endfacet
  facet normal 0 0 -1
    outer loop
      vertex -18.803565734669583 -7.823999192941453 0
      vertex -18.71395550777367 -5.69484060163293 0
      vertex -18.396962345562926 -7.703557781990743 0
    endloop
  endfacet
  facet normal 0 0 -1
    outer loop
      vertex -19.21591530437615 -7.922995565943825 0
      vertex -19.321203824874623 -5.892147540363316 0
      vertex -19.01499633431282 -5.801444749400436 0
    endloop
  endfacet
  facet normal 0 0 -1
    outer loop
      vertex -18.803565734669583 -7.823999192941453 0
      vertex -19.01499633431282 -5.801444749400436 0
      vertex -18.71395550777367 -5.69484060163293 0
    endloop
  endfacet
  facet normal 0 0 -1
    outer loop
      vertex -18.396962345562926 -7.703557781990743 0
      vertex -18.130657951588766 -5.435139797549044 0
      vertex -17.997219608683068 -7.5620014546273335 0
    endloop
  endfacet
  facet normal 0 0 -1
    outer loop
      vertex -17.997219608683068 -7.5620014546273335 0
      vertex -17.85 -5.282754963085075 0
      vertex -17.605433191086018 -7.399718206905066 0
    endloop
  endfacet
  facet normal -0.3826834323650908 -0.9238795325112864 0
    outer loop
      vertex -24 -7.480310417944892 0
      vertex -23.802780391316933 -7.5620014546273335 0
      vertex -23.802780391316933 -7.5620014546273335 12
    endloop
  endfacet
  facet normal -0.28401534470392276 -0.9588197348681929 0
    outer loop
      vertex -23.403037654437075 -7.703557781990743 0
      vertex -22.996434265330418 -7.823999192941453 0
      vertex -22.996434265330418 -7.823999192941453 12
    endloop
  endfacet
  facet normal -0.3338068592337707 -0.9426414910921784 0
    outer loop
      vertex -23.802780391316933 -7.5620014546273335 0
      vertex -23.403037654437075 -7.703557781990743 0
      vertex -23.403037654437075 -7.703557781990743 12
    endloop
  endfacet
  facet normal -0.23344536385590584 -0.9723699203976764 0
    outer loop
      vertex -22.58408469562385 -7.922995565943825 0
      vertex -22.58408469562385 -7.922995565943825 12
      vertex -22.996434265330418 -7.823999192941453 0
    endloop
  endfacet
  facet normal -0.18223552549214656 -0.9832549075639547 0
    outer loop
      vertex -22.58408469562385 -7.922995565943825 0
      vertex -22.16711916682587 -8.000275558820615 0
      vertex -22.16711916682587 -8.000275558820615 12
    endloop
  endfacet
  facet normal -0.13052619222005032 -0.9914448613738106 0
    outer loop
      vertex -22.16711916682587 -8.000275558820615 0
      vertex -21.746680552467993 -8.055627352483013 0
      vertex -21.746680552467993 -8.055627352483013 12
    endloop
  endfacet
  facet normal -0.07845909572784754 -0.9969173337331276 0
    outer loop
      vertex -21.746680552467993 -8.055627352483013 0
      vertex -21.323921245567846 -8.088899231512048 0
      vertex -21.323921245567846 -8.088899231512048 12
    endloop
  endfacet
  facet normal -0.026176948307872476 -0.9996573249755573 0
    outer loop
      vertex -21.323921245567846 -8.088899231512048 0
      vertex -20.9 -8.1 0
      vertex -20.9 -8.1 12
    endloop
  endfacet
  facet normal 0.026176948307872695 -0.9996573249755573 0
    outer loop
      vertex -20.9 -8.1 0
      vertex -20.476078754432155 -8.088899231512048 0
      vertex -20.476078754432155 -8.088899231512048 12
    endloop
  endfacet
  facet normal 0.07845909572784754 -0.9969173337331276 0
    outer loop
      vertex -20.476078754432155 -8.088899231512048 0
      vertex -20.053319447532008 -8.055627352483013 0
      vertex -20.053319447532008 -8.055627352483013 12
    endloop
  endfacet
  facet normal 0.13052619222005032 -0.9914448613738106 0
    outer loop
      vertex -20.053319447532008 -8.055627352483013 0
      vertex -19.63288083317413 -8.000275558820615 0
      vertex -19.63288083317413 -8.000275558820615 12
    endloop
  endfacet
  facet normal 0.18223552549214656 -0.9832549075639547 0
    outer loop
      vertex -19.63288083317413 -8.000275558820615 0
      vertex -19.21591530437615 -7.922995565943825 0
      vertex -19.21591530437615 -7.922995565943825 12
    endloop
  endfacet
  facet normal 0.23344536385590584 -0.9723699203976764 0
    outer loop
      vertex -19.21591530437615 -7.922995565943825 0
      vertex -18.803565734669583 -7.823999192941453 0
      vertex -18.803565734669583 -7.823999192941453 12
    endloop
  endfacet
  facet normal 0.28401534470392276 -0.9588197348681929 0
    outer loop
      vertex -18.803565734669583 -7.823999192941453 0
      vertex -18.396962345562926 -7.703557781990743 0
      vertex -18.396962345562926 -7.703557781990743 12
    endloop
  endfacet
  facet normal 0.3338068592337707 -0.9426414910921784 0
    outer loop
      vertex -18.396962345562926 -7.703557781990743 0
      vertex -17.997219608683068 -7.5620014546273335 0
      vertex -17.997219608683068 -7.5620014546273335 12
    endloop
  endfacet
  facet normal 0.38268343236508967 -0.9238795325112868 0
    outer loop
      vertex -17.997219608683068 -7.5620014546273335 0
      vertex -17.605433191086018 -7.399718206905066 0
      vertex -17.605433191086018 -7.399718206905066 12
    endloop
  endfacet
  facet normal 0 0 -1
    outer loop
      vertex -17.605433191086018 -7.399718206905066 0
      vertex -17.314509961015915 -4.935003665687179 0
      vertex -17.222676952109673 -7.21715284592578 0
    endloop
  endfacet
  facet normal 0.4305110968082957 -0.9025852843498603 0
    outer loop
      vertex -17.605433191086018 -7.399718206905066 0
      vertex -17.222676952109673 -7.21715284592578 0
      vertex -17.222676952109673 -7.21715284592578 12
    endloop
  endfacet
  facet normal 0.4771587602596096 -0.8788171126619647 0
    outer loop
      vertex -17.222676952109673 -7.21715284592578 0
      vertex -16.85 -7.014805770653952 0
      vertex -16.85 -7.014805770653952 12
    endloop
  endfacet
  facet normal 0.5224985647159451 -0.8526401643540945 0
    outer loop
      vertex -16.85 -7.014805770653952 0
      vertex -16.48842381637828 -6.7932316003579345 0
      vertex -16.48842381637828 -6.7932316003579345 12
    endloop
  endfacet
  facet normal 0.5664062369248344 -0.8241261886220146 0
    outer loop
      vertex -16.48842381637828 -6.7932316003579345 0
      vertex -16.13893945643097 -6.553037654437074 0
      vertex -16.13893945643097 -6.553037654437074 12
    endloop
  endfacet
  facet normal -0.3826834323650908 -0.9238795325112864 0
    outer loop
      vertex -24 -7.480310417944892 0
      vertex -23.802780391316933 -7.5620014546273335 12
      vertex -24 -7.480310417944892 12
    endloop
  endfacet
  facet normal -0.28401534470392276 -0.9588197348681929 0
    outer loop
      vertex -23.403037654437075 -7.703557781990743 0
      vertex -22.996434265330418 -7.823999192941453 12
      vertex -23.403037654437075 -7.703557781990743 12
    endloop
  endfacet
  facet normal -0.3338068592337707 -0.9426414910921784 0
    outer loop
      vertex -23.802780391316933 -7.5620014546273335 0
      vertex -23.403037654437075 -7.703557781990743 12
      vertex -23.802780391316933 -7.5620014546273335 12
    endloop
  endfacet
  facet normal -0.23344536385590584 -0.9723699203976764 0
    outer loop
      vertex -22.996434265330418 -7.823999192941453 0
      vertex -22.58408469562385 -7.922995565943825 12
      vertex -22.996434265330418 -7.823999192941453 12
    endloop
  endfacet
  facet normal -0.18223552549214656 -0.9832549075639547 0
    outer loop
      vertex -22.58408469562385 -7.922995565943825 0
      vertex -22.16711916682587 -8.000275558820615 12
      vertex -22.58408469562385 -7.922995565943825 12
    endloop
  endfacet
  facet normal -0.13052619222005032 -0.9914448613738106 0
    outer loop
      vertex -22.16711916682587 -8.000275558820615 0
      vertex -21.746680552467993 -8.055627352483013 12
      vertex -22.16711916682587 -8.000275558820615 12
    endloop
  endfacet
  facet normal -0.07845909572784754 -0.9969173337331276 0
    outer loop
      vertex -21.746680552467993 -8.055627352483013 0
      vertex -21.323921245567846 -8.088899231512048 12
      vertex -21.746680552467993 -8.055627352483013 12
    endloop
  endfacet
  facet normal -0.026176948307872476 -0.9996573249755573 0
    outer loop
      vertex -21.323921245567846 -8.088899231512048 0
      vertex -20.9 -8.1 12
      vertex -21.323921245567846 -8.088899231512048 12
    endloop
  endfacet
  facet normal 0.026176948307872695 -0.9996573249755573 0
    outer loop
      vertex -20.9 -8.1 0
      vertex -20.476078754432155 -8.088899231512048 12
      vertex -20.9 -8.1 12
    endloop
  endfacet
  facet normal 0.07845909572784754 -0.9969173337331276 0
    outer loop
      vertex -20.476078754432155 -8.088899231512048 0
      vertex -20.053319447532008 -8.055627352483013 12
      vertex -20.476078754432155 -8.088899231512048 12
    endloop
  endfacet
  facet normal 0.13052619222005032 -0.9914448613738106 0
    outer loop
      vertex -20.053319447532008 -8.055627352483013 0
      vertex -19.63288083317413 -8.000275558820615 12
      vertex -20.053319447532008 -8.055627352483013 12
    endloop
  endfacet
  facet normal 0.18223552549214656 -0.9832549075639547 0
    outer loop
      vertex -19.63288083317413 -8.000275558820615 0
      vertex -19.21591530437615 -7.922995565943825 12
      vertex -19.63288083317413 -8.000275558820615 12
    endloop
  endfacet
  facet normal 0.23344536385590584 -0.9723699203976764 0
    outer loop
      vertex -19.21591530437615 -7.922995565943825 0
      vertex -18.803565734669583 -7.823999192941453 12
      vertex -19.21591530437615 -7.922995565943825 12
    endloop
  endfacet
  facet normal 0.28401534470392276 -0.9588197348681929 0
    outer loop
      vertex -18.803565734669583 -7.823999192941453 0
      vertex -18.396962345562926 -7.703557781990743 12
      vertex -18.803565734669583 -7.823999192941453 12
    endloop
  endfacet
  facet normal 0.3338068592337707 -0.9426414910921784 0
    outer loop
      vertex -18.396962345562926 -7.703557781990743 0
      vertex -17.997219608683068 -7.5620014546273335 12
      vertex -18.396962345562926 -7.703557781990743 12
    endloop
  endfacet
  facet normal 0.38268343236508967 -0.9238795325112868 0
    outer loop
      vertex -17.997219608683068 -7.5620014546273335 0
      vertex -17.605433191086018 -7.399718206905066 12
      vertex -17.997219608683068 -7.5620014546273335 12
    endloop
  endfacet
  facet normal 0.4305110968082957 -0.9025852843498603 0
    outer loop
      vertex -17.605433191086018 -7.399718206905066 0
      vertex -17.222676952109673 -7.21715284592578 12
      vertex -17.605433191086018 -7.399718206905066 12
    endloop
  endfacet
  facet normal 0.4771587602596096 -0.8788171126619647 0
    outer loop
      vertex -17.222676952109673 -7.21715284592578 0
      vertex -16.85 -7.014805770653952 12
      vertex -17.222676952109673 -7.21715284592578 12
    endloop
  endfacet
  facet normal 0.5224985647159451 -0.8526401643540945 0
    outer loop
      vertex -16.85 -7.014805770653952 0
      vertex -16.48842381637828 -6.7932316003579345 12
      vertex -16.85 -7.014805770653952 12
    endloop
  endfacet
  facet normal 0.5664062369248344 -0.8241261886220146 0
    outer loop
      vertex -16.48842381637828 -6.7932316003579345 0
      vertex -16.13893945643097 -6.553037654437074 12
      vertex -16.48842381637828 -6.7932316003579345 12
    endloop
  endfacet
  facet normal 0.6087614290087219 -0.7933533402912343 0
    outer loop
      vertex -16.13893945643097 -6.553037654437074 0
      vertex -15.802504832496318 -6.294882287801464 12
      vertex -16.13893945643097 -6.553037654437074 12
    endloop
  endfacet
  facet normal 0 0 -1
    outer loop
      vertex -24 -7.480310417944892 0
      vertex -24 -5.252114923678079 0
      vertex -23.95 -5.282754963085075 0
    endloop
  endfacet
  facet normal 0 0 -1
    outer loop
      vertex -24 -7.480310417944892 0
      vertex -23.95 -5.282754963085075 0
      vertex -23.669342048411234 -5.435139797549044 0
    endloop
  endfacet
  facet normal 0 0 -1
    outer loop
      vertex -23.802780391316933 -7.5620014546273335 0
      vertex -23.669342048411234 -5.435139797549044 0
      vertex -23.38109352276238 -5.572627291619865 0
    endloop
  endfacet
  facet normal 0 0 -1
    outer loop
      vertex -23.403037654437075 -7.703557781990743 0
      vertex -23.38109352276238 -5.572627291619865 0
      vertex -23.086044492226332 -5.69484060163293 0
    endloop
  endfacet
  facet normal 0 0 -1
    outer loop
      vertex -23.403037654437075 -7.703557781990743 0
      vertex -23.086044492226332 -5.69484060163293 0
      vertex -22.785003665687178 -5.801444749400436 0
    endloop
  endfacet
  facet normal 0 0 -1
    outer loop
      vertex -18.396962345562926 -7.703557781990743 0
      vertex -18.71395550777367 -5.69484060163293 0
      vertex -18.41890647723762 -5.572627291619865 0
    endloop
  endfacet
  facet normal 0 0 -1
    outer loop
      vertex -18.396962345562926 -7.703557781990743 0
      vertex -18.41890647723762 -5.572627291619865 0
      vertex -18.130657951588766 -5.435139797549044 0
    endloop
  endfacet
  facet normal 0 0 -1
    outer loop
      vertex -17.997219608683068 -7.5620014546273335 0
      vertex -18.130657951588766 -5.435139797549044 0
      vertex -17.85 -5.282754963085075 0
    endloop
  endfacet
  facet normal 0 0 -1
    outer loop
      vertex -17.605433191086018 -7.399718206905066 0
      vertex -17.85 -5.282754963085075 0
      vertex -17.577701886408335 -5.115890464467086 0
    endloop
  endfacet
  facet normal 0 0 -1
    outer loop
      vertex -24 7.480310417944892 0
      vertex -23.95 5.282754963085075 0
      vertex -24 5.252114923678079 0
    endloop
  endfacet
  facet normal 0 0 -1
    outer loop
      vertex -23.802780391316933 7.5620014546273335 0
      vertex -23.669342048411234 5.435139797549044 0
      vertex -23.95 5.282754963085075 0
    endloop
  endfacet
  facet normal 0 0 -1
    outer loop
      vertex -23.403037654437075 7.703557781990743 0
      vertex -23.38109352276238 5.572627291619865 0
      vertex -23.669342048411234 5.435139797549044 0
    endloop
  endfacet
  facet normal 0 0 -1
    outer loop
      vertex -23.403037654437075 7.703557781990743 0
      vertex -23.086044492226332 5.69484060163293 0
      vertex -23.38109352276238 5.572627291619865 0
    endloop
  endfacet
  facet normal 0 0 -1
    outer loop
      vertex -24 7.480310417944892 0
      vertex -23.802780391316933 7.5620014546273335 0
      vertex -23.95 5.282754963085075 0
    endloop
  endfacet
  facet normal 0 0 -1
    outer loop
      vertex -23.802780391316933 7.5620014546273335 0
      vertex -23.403037654437075 7.703557781990743 0
      vertex -23.669342048411234 5.435139797549044 0
    endloop
  endfacet
  facet normal 0 0 -1
    outer loop
      vertex -23.403037654437075 7.703557781990743 0
      vertex -22.996434265330418 7.823999192941453 0
      vertex -23.086044492226332 5.69484060163293 0
    endloop
  endfacet
  facet normal 0 0 -1
    outer loop
      vertex -22.996434265330418 7.823999192941453 0
      vertex -22.785003665687178 5.801444749400436 0
      vertex -23.086044492226332 5.69484060163293 0
    endloop
  endfacet
  facet normal 0 0 -1
    outer loop
      vertex -22.58408469562385 7.922995565943825 0
      vertex -22.478796175125375 5.892147540363316 0
      vertex -22.785003665687178 5.801444749400436 0
    endloop
  endfacet
  facet normal 0 0 -1
    outer loop
      vertex -22.16711916682587 8.000275558820615 0
      vertex -22.16826131398833 5.966700364476214 0
      vertex -22.478796175125375 5.892147540363316 0
    endloop
  endfacet
  facet normal 0 0 -1
    outer loop
      vertex -22.16711916682587 8.000275558820615 0
      vertex -21.854250236745408 6.02489887763034 0
      vertex -22.16826131398833 5.966700364476214 0
    endloop
  endfacet
  facet normal 0 0 -1
    outer loop
      vertex -22.996434265330418 7.823999192941453 0
      vertex -22.58408469562385 7.922995565943825 0
      vertex -22.785003665687178 5.801444749400436 0
    endloop
  endfacet
  facet normal 0 0 -1
    outer loop
      vertex -22.58408469562385 7.922995565943825 0
      vertex -22.16711916682587 8.000275558820615 0
      vertex -22.478796175125375 5.892147540363316 0
    endloop
  endfacet
  facet normal 0 0 -1
    outer loop
      vertex -21.746680552467993 8.055627352483013 0
      vertex -21.53762362593269 6.066583561746467 0
      vertex -21.854250236745408 6.02489887763034 0
    endloop
  endfacet
  facet normal 0 0 -1
    outer loop
      vertex -21.323921245567846 8.088899231512048 0
      vertex -21.219249333081958 6.0916401620029 0
      vertex -21.53762362593269 6.066583561746467 0
    endloop
  endfacet
  facet normal 0 0 -1
    outer loop
      vertex -22.16711916682587 8.000275558820615 0
      vertex -21.746680552467993 8.055627352483013 0
      vertex -21.854250236745408 6.02489887763034 0
    endloop
  endfacet
  facet normal 0 0 -1
    outer loop
      vertex -20.9 8.1 0
      vertex -20.9 6.1 0
      vertex -21.219249333081958 6.0916401620029 0
    endloop
  endfacet
  facet normal 0 0 -1
    outer loop
      vertex -20.9 8.1 0
      vertex -20.580750666918043 6.0916401620029 0
      vertex -20.9 6.1 0
    endloop
  endfacet
  facet normal 0 0 -1
    outer loop
      vertex -20.053319447532008 8.055627352483013 0
      vertex -20.262376374067316 6.066583561746467 0
      vertex -20.580750666918043 6.0916401620029 0
    endloop
  endfacet
  facet normal 0 0 -1
    outer loop
      vertex -19.63288083317413 8.000275558820615 0
      vertex -19.945749763254593 6.02489887763034 0
      vertex -20.262376374067316 6.066583561746467 0
    endloop
  endfacet
  facet normal 0 0 -1
    outer loop
      vertex -19.21591530437615 7.922995565943825 0
      vertex -19.63173868601167 5.966700364476214 0
      vertex -19.945749763254593 6.02489887763034 0
    endloop
  endfacet
  facet normal 0 0 -1
    outer loop
      vertex -19.21591530437615 7.922995565943825 0
      vertex -19.321203824874623 5.892147540363316 0
      vertex -19.63173868601167 5.966700364476214 0
    endloop
  endfacet
  facet normal 0 0 -1
    outer loop
      vertex -20.053319447532008 8.055627352483013 0
      vertex -19.63288083317413 8.000275558820615 0
      vertex -20.262376374067316 6.066583561746467 0
    endloop
  endfacet
  facet normal 0 0 -1
    outer loop
      vertex -19.63288083317413 8.000275558820615 0
      vertex -19.21591530437615 7.922995565943825 0
      vertex -19.945749763254593 6.02489887763034 0
    endloop
  endfacet
  facet normal 0 0 -1
    outer loop
      vertex -18.803565734669583 7.823999192941453 0
      vertex -19.01499633431282 5.801444749400436 0
      vertex -19.321203824874623 5.892147540363316 0
    endloop
  endfacet
  facet normal 0 0 -1
    outer loop
      vertex -18.396962345562926 7.703557781990743 0
      vertex -18.71395550777367 5.69484060163293 0
      vertex -19.01499633431282 5.801444749400436 0
    endloop
  endfacet
  facet normal 0 0 -1
    outer loop
      vertex -18.396962345562926 7.703557781990743 0
      vertex -18.41890647723762 5.572627291619865 0
      vertex -18.71395550777367 5.69484060163293 0
    endloop
  endfacet
  facet normal 0 0 -1
    outer loop
      vertex -17.222676952109673 7.21715284592578 0
      vertex -17.577701886408335 5.115890464467086 0
      vertex -17.85 5.282754963085075 0
    endloop
  endfacet
  facet normal 0 0 -1
    outer loop
      vertex -17.605433191086018 7.399718206905066 0
      vertex -17.85 5.282754963085075 0
      vertex -18.130657951588766 5.435139797549044 0
    endloop
  endfacet
  facet normal 0 0 -1
    outer loop
      vertex -17.997219608683068 7.5620014546273335 0
      vertex -18.130657951588766 5.435139797549044 0
      vertex -18.41890647723762 5.572627291619865 0
    endloop
  endfacet
  facet normal 0 0 -1
    outer loop
      vertex -18.803565734669583 7.823999192941453 0
      vertex -19.321203824874623 5.892147540363316 0
      vertex -19.21591530437615 7.922995565943825 0
    endloop
  endfacet
  facet normal 0 0 -1
    outer loop
      vertex -18.803565734669583 7.823999192941453 0
      vertex -18.396962345562926 7.703557781990743 0
      vertex -19.01499633431282 5.801444749400436 0
    endloop
  endfacet
  facet normal 0 0 -1
    outer loop
      vertex -18.396962345562926 7.703557781990743 0
      vertex -17.997219608683068 7.5620014546273335 0
      vertex -18.41890647723762 5.572627291619865 0
    endloop
  endfacet
  facet normal 0 0 -1
    outer loop
      vertex -17.605433191086018 7.399718206905066 0
      vertex -17.222676952109673 7.21715284592578 0
      vertex -17.85 5.282754963085075 0
    endloop
  endfacet
  facet normal 0 0 -1
    outer loop
      vertex -17.997219608683068 7.5620014546273335 0
      vertex -17.605433191086018 7.399718206905066 0
      vertex -18.130657951588766 5.435139797549044 0
    endloop
  endfacet
  facet normal 0 0 -1
    outer loop
      vertex -17.222676952109673 -7.21715284592578 0
      vertex -17.061145614595993 -4.740590364887522 0
      vertex -16.85 -7.014805770653952 0
    endloop
  endfacet
  facet normal 0 0 -1
    outer loop
      vertex -16.85 -7.014805770653952 0
      vertex -16.58664863476206 -4.31335136523794 0
      vertex -16.48842381637828 -6.7932316003579345 0
    endloop
  endfacet
  facet normal 0 0 -1
    outer loop
      vertex -17.605433191086018 -7.399718206905066 0
      vertex -17.577701886408335 -5.115890464467086 0
      vertex -17.314509961015915 -4.935003665687179 0
    endloop
  endfacet
  facet normal 0 0 -1
    outer loop
      vertex -17.222676952109673 -7.21715284592578 0
      vertex -17.314509961015915 -4.935003665687179 0
      vertex -17.061145614595993 -4.740590364887522 0
    endloop
  endfacet
  facet normal 0 0 -1
    outer loop
      vertex -16.48842381637828 -6.7932316003579345 0
      vertex -16.366816564587896 -4.081696698789035 0
      vertex -16.13893945643097 -6.553037654437074 0
    endloop
  endfacet
  facet normal 0 0 -1
    outer loop
      vertex -16.85 -7.014805770653952 0
      vertex -17.061145614595993 -4.740590364887522 0
      vertex -16.818303301210968 -4.533183435412105 0
    endloop
  endfacet
  facet normal 0 0 -1
    outer loop
      vertex -16.85 -7.014805770653952 0
      vertex -16.818303301210968 -4.533183435412105 0
      vertex -16.58664863476206 -4.31335136523794 0
    endloop
  endfacet
  facet normal 0 0 -1
    outer loop
      vertex -16.13893945643097 -6.553037654437074 0
      vertex -15.964996334312822 -3.585490038984086 0
      vertex -15.802504832496318 -6.294882287801464 0
    endloop
  endfacet
  facet normal 0 0 -1
    outer loop
      vertex -16.48842381637828 -6.7932316003579345 0
      vertex -16.58664863476206 -4.31335136523794 0
      vertex -16.366816564587896 -4.081696698789035 0
    endloop
  endfacet
  facet normal 0 0 -1
    outer loop
      vertex -16.13893945643097 -6.553037654437074 0
      vertex -16.366816564587896 -4.081696698789035 0
      vertex -16.15940963511248 -3.838854385404008 0
    endloop
  endfacet
  facet normal 0 0 -1
    outer loop
      vertex -15.802504832496318 -6.294882287801464 0
      vertex -15.617245036914923 -3.05 0
      vertex -15.48004208849325 -6.019473086366893 0
    endloop
  endfacet
  facet normal 0 0 -1
    outer loop
      vertex -15.48004208849325 -6.019473086366893 0
      vertex -13.71658022879295 -3.7394516428036755 0
      vertex -15.172435072388964 -5.727564927611035 0
    endloop
  endfacet
  facet normal 0 0 -1
    outer loop
      vertex -15.172435072388964 -5.727564927611035 0
      vertex -13.71658022879295 -3.7394516428036755 0
      vertex -14.880526913633108 -5.419957911506751 0
    endloop
  endfacet
  facet normal 0 0 -1
    outer loop
      vertex -14.880526913633108 -5.419957911506751 0
      vertex -13.71658022879295 -3.7394516428036755 0
      vertex -14.605117712198535 -5.097495167503682 0
    endloop
  endfacet
  facet normal 0 0 -1
    outer loop
      vertex -16.13893945643097 -6.553037654437074 0
      vertex -16.15940963511248 -3.838854385404008 0
      vertex -15.964996334312822 -3.585490038984086 0
    endloop
  endfacet
  facet normal 0 0 -1
    outer loop
      vertex -15.802504832496318 -6.294882287801464 0
      vertex -15.964996334312822 -3.585490038984086 0
      vertex -15.784109535532913 -3.322298113591665 0
    endloop
  endfacet
  facet normal 0 0 -1
    outer loop
      vertex -15.802504832496318 -6.294882287801464 0
      vertex -15.784109535532913 -3.322298113591665 0
      vertex -15.617245036914923 -3.05 0
    endloop
  endfacet
  facet normal 0 0 -1
    outer loop
      vertex -15.48004208849325 -6.019473086366893 0
      vertex -15.617245036914923 -3.05 0
      vertex -13.71658022879295 -3.7394516428036755 0
    endloop
  endfacet
  facet normal 0 0 -1
    outer loop
      vertex -14.605117712198535 -5.097495167503682 0
      vertex -13.71658022879295 -3.7394516428036755 0
      vertex -14.346962345562925 -4.761060543569032 0
    endloop
  endfacet
  facet normal 0 0 -1
    outer loop
      vertex -14.346962345562925 -4.761060543569032 0
      vertex -13.71658022879295 -3.7394516428036755 0
      vertex -14.106768399642064 -4.411576183621719 0
    endloop
  endfacet
  facet normal 0 0 -1
    outer loop
      vertex -13.71658022879295 -3.7394516428036755 0
      vertex -15.617245036914923 -3.05 0
      vertex -15.490264122918148 -2.816130249518817 0
    endloop
  endfacet
  facet normal 0 0 -1
    outer loop
      vertex -14.106768399642064 -4.411576183621719 0
      vertex -13.71658022879295 -3.7394516428036755 0
      vertex -13.885194229346048 -4.05 0
    endloop
  endfacet
  facet normal 0.6087614290087219 -0.7933533402912343 0
    outer loop
      vertex -16.13893945643097 -6.553037654437074 0
      vertex -15.802504832496318 -6.294882287801464 0
      vertex -15.802504832496318 -6.294882287801464 12
    endloop
  endfacet
  facet normal 0.6494480483301833 -0.7604059656000313 0
    outer loop
      vertex -15.802504832496318 -6.294882287801464 0
      vertex -15.48004208849325 -6.019473086366893 0
      vertex -15.48004208849325 -6.019473086366893 12
    endloop
  endfacet
  facet normal 0.6883545756937512 -0.7253743710122902 0
    outer loop
      vertex -15.48004208849325 -6.019473086366893 0
      vertex -15.172435072388964 -5.727564927611035 0
      vertex -15.172435072388964 -5.727564927611035 12
    endloop
  endfacet
  facet normal 0.7253743710122914 -0.6883545756937501 0
    outer loop
      vertex -15.172435072388964 -5.727564927611035 0
      vertex -14.880526913633108 -5.419957911506751 0
      vertex -15.172435072388964 -5.727564927611035 12
    endloop
  endfacet
  facet normal 0.7604059656000283 -0.649448048330187 0
    outer loop
      vertex -14.880526913633108 -5.419957911506751 0
      vertex -14.605117712198535 -5.097495167503682 0
      vertex -14.880526913633108 -5.419957911506751 12
    endloop
  endfacet
  facet normal 0.7933533402912353 -0.6087614290087204 0
    outer loop
      vertex -14.605117712198535 -5.097495167503682 0
      vertex -14.346962345562925 -4.761060543569032 0
      vertex -14.605117712198535 -5.097495167503682 12
    endloop
  endfacet
  facet normal 0.8241261886220149 -0.5664062369248338 0
    outer loop
      vertex -14.346962345562925 -4.761060543569032 0
      vertex -14.106768399642064 -4.411576183621719 0
      vertex -14.346962345562925 -4.761060543569032 12
    endloop
  endfacet
  facet normal 0.8526401643540946 -0.5224985647159449 0
    outer loop
      vertex -14.106768399642064 -4.411576183621719 0
      vertex -13.885194229346048 -4.05 0
      vertex -14.106768399642064 -4.411576183621719 12
    endloop
  endfacet
  facet normal 0.8788171126619639 -0.4771587602596111 0
    outer loop
      vertex -13.885194229346048 -4.05 0
      vertex -13.71658022879295 -3.7394516428036755 0
      vertex -13.71658022879295 -3.7394516428036755 12
    endloop
  endfacet
  facet normal 0 0 -1
    outer loop
      vertex -14.106768399642064 4.411576183621719 0
      vertex -13.885194229346048 4.05 0
      vertex -15.490264122918148 2.816130249518817 0
    endloop
  endfacet
  facet normal 0 0 -1
    outer loop
      vertex -13.885194229346048 4.05 0
      vertex -13.71658022879295 3.7394516428036755 0
      vertex -15.490264122918148 2.816130249518817 0
    endloop
  endfacet
  facet normal 0 0 -1
    outer loop
      vertex -15.48004208849325 6.019473086366893 0
      vertex -15.784109535532913 3.322298113591665 0
      vertex -15.964996334312822 3.585490038984086 0
    endloop
  endfacet
  facet normal 0 0 -1
    outer loop
      vertex -15.802504832496318 6.294882287801464 0
      vertex -15.964996334312822 3.585490038984086 0
      vertex -16.15940963511248 3.838854385404008 0
    endloop
  endfacet
  facet normal 0 0 -1
    outer loop
      vertex -16.48842381637828 6.7932316003579345 0
      vertex -16.58664863476206 4.31335136523794 0
      vertex -16.818303301210968 4.533183435412105 0
    endloop
  endfacet
  facet normal 0 0 -1
    outer loop
      vertex -16.48842381637828 6.7932316003579345 0
      vertex -16.818303301210968 4.533183435412105 0
      vertex -17.061145614595993 4.740590364887522 0
    endloop
  endfacet
  facet normal 0 0 -1
    outer loop
      vertex -16.85 7.014805770653952 0
      vertex -17.061145614595993 4.740590364887522 0
      vertex -17.314509961015915 4.935003665687179 0
    endloop
  endfacet
  facet normal 0 0 -1
    outer loop
      vertex -16.13893945643097 6.553037654437074 0
      vertex -16.15940963511248 3.838854385404008 0
      vertex -16.366816564587896 4.081696698789035 0
    endloop
  endfacet
  facet normal 0 0 -1
    outer loop
      vertex -16.13893945643097 6.553037654437074 0
      vertex -16.366816564587896 4.081696698789035 0
      vertex -16.58664863476206 4.31335136523794 0
    endloop
  endfacet
  facet normal 0 0 -1
    outer loop
      vertex -15.802504832496318 6.294882287801464 0
      vertex -15.48004208849325 6.019473086366893 0
      vertex -15.964996334312822 3.585490038984086 0
    endloop
  endfacet
  facet normal 0 0 -1
    outer loop
      vertex -16.13893945643097 6.553037654437074 0
      vertex -15.802504832496318 6.294882287801464 0
      vertex -16.15940963511248 3.838854385404008 0
    endloop
  endfacet
  facet normal 0 0 -1
    outer loop
      vertex -15.48004208849325 6.019473086366893 0
      vertex -15.490264122918148 2.816130249518817 0
      vertex -15.617245036914923 3.05 0
    endloop
  endfacet
  facet normal 0 0 -1
    outer loop
      vertex -15.48004208849325 6.019473086366893 0
      vertex -15.617245036914923 3.05 0
      vertex -15.784109535532913 3.322298113591665 0
    endloop
  endfacet
  facet normal 0 0 -1
    outer loop
      vertex -14.605117712198535 5.097495167503682 0
      vertex -15.490264122918148 2.816130249518817 0
      vertex -14.880526913633108 5.419957911506751 0
    endloop
  endfacet
  facet normal 0 0 -1
    outer loop
      vertex -14.880526913633108 5.419957911506751 0
      vertex -15.490264122918148 2.816130249518817 0
      vertex -15.172435072388964 5.727564927611035 0
    endloop
  endfacet
  facet normal 0 0 -1
    outer loop
      vertex -14.106768399642064 4.411576183621719 0
      vertex -15.490264122918148 2.816130249518817 0
      vertex -14.346962345562925 4.761060543569032 0
    endloop
  endfacet
  facet normal 0 0 -1
    outer loop
      vertex -14.605117712198535 5.097495167503682 0
      vertex -14.346962345562925 4.761060543569032 0
      vertex -15.490264122918148 2.816130249518817 0
    endloop
  endfacet
  facet normal 0 0 -1
    outer loop
      vertex -15.48004208849325 6.019473086366893 0
      vertex -15.172435072388964 5.727564927611035 0
      vertex -15.490264122918148 2.816130249518817 0
    endloop
  endfacet
  facet normal 0 0 -1
    outer loop
      vertex -17.222676952109673 7.21715284592578 0
      vertex -17.314509961015915 4.935003665687179 0
      vertex -17.577701886408335 5.115890464467086 0
    endloop
  endfacet
  facet normal 0 0 -1
    outer loop
      vertex -17.222676952109673 7.21715284592578 0
      vertex -16.85 7.014805770653952 0
      vertex -17.314509961015915 4.935003665687179 0
    endloop
  endfacet
  facet normal 0 0 -1
    outer loop
      vertex -16.85 7.014805770653952 0
      vertex -16.48842381637828 6.7932316003579345 0
      vertex -17.061145614595993 4.740590364887522 0
    endloop
  endfacet
  facet normal 0 0 -1
    outer loop
      vertex -16.13893945643097 6.553037654437074 0
      vertex -16.58664863476206 4.31335136523794 0
      vertex -16.48842381637828 6.7932316003579345 0
    endloop
  endfacet
  facet normal 0.8788171126619639 0.4771587602596111 0
    outer loop
      vertex -13.885194229346048 4.05 0
      vertex -13.885194229346048 4.05 12
      vertex -13.71658022879295 3.7394516428036755 0
    endloop
  endfacet
  facet normal 0.8526401643540946 0.5224985647159449 0
    outer loop
      vertex -14.106768399642064 4.411576183621719 0
      vertex -13.885194229346048 4.05 12
      vertex -13.885194229346048 4.05 0
    endloop
  endfacet
  facet normal 0.8241261886220149 0.5664062369248338 0
    outer loop
      vertex -14.106768399642064 4.411576183621719 0
      vertex -14.346962345562925 4.761060543569032 0
      vertex -14.106768399642064 4.411576183621719 12
    endloop
  endfacet
  facet normal 0.7253743710122914 0.6883545756937501 0
    outer loop
      vertex -14.880526913633108 5.419957911506751 0
      vertex -15.172435072388964 5.727564927611035 0
      vertex -14.880526913633108 5.419957911506751 12
    endloop
  endfacet
  facet normal 0.7933533402912353 0.6087614290087204 0
    outer loop
      vertex -14.605117712198535 5.097495167503682 0
      vertex -14.346962345562925 4.761060543569032 12
      vertex -14.346962345562925 4.761060543569032 0
    endloop
  endfacet
  facet normal 0.7604059656000283 0.649448048330187 0
    outer loop
      vertex -14.605117712198535 5.097495167503682 0
      vertex -14.880526913633108 5.419957911506751 0
      vertex -14.605117712198535 5.097495167503682 12
    endloop
  endfacet
  facet normal 0.6087614290087219 0.7933533402912343 0
    outer loop
      vertex -16.13893945643097 6.553037654437074 0
      vertex -16.13893945643097 6.553037654437074 12
      vertex -15.802504832496318 6.294882287801464 0
    endloop
  endfacet
  facet normal 0.5224985647159451 0.8526401643540945 0
    outer loop
      vertex -16.85 7.014805770653952 0
      vertex -16.85 7.014805770653952 12
      vertex -16.48842381637828 6.7932316003579345 0
    endloop
  endfacet
  facet normal 0.4771587602596096 0.8788171126619647 0
    outer loop
      vertex -17.222676952109673 7.21715284592578 0
      vertex -17.222676952109673 7.21715284592578 12
      vertex -16.85 7.014805770653952 0
    endloop
  endfacet
  facet normal 0.4305110968082957 0.9025852843498603 0
    outer loop
      vertex -17.605433191086018 7.399718206905066 0
      vertex -17.605433191086018 7.399718206905066 12
      vertex -17.222676952109673 7.21715284592578 0
    endloop
  endfacet
  facet normal 0.5664062369248344 0.8241261886220146 0
    outer loop
      vertex -16.13893945643097 6.553037654437074 0
      vertex -16.48842381637828 6.7932316003579345 0
      vertex -16.48842381637828 6.7932316003579345 12
    endloop
  endfacet
  facet normal 0.6883545756937512 0.7253743710122902 0
    outer loop
      vertex -15.48004208849325 6.019473086366893 0
      vertex -15.48004208849325 6.019473086366893 12
      vertex -15.172435072388964 5.727564927611035 0
    endloop
  endfacet
  facet normal 0.6494480483301833 0.7604059656000313 0
    outer loop
      vertex -15.802504832496318 6.294882287801464 0
      vertex -15.802504832496318 6.294882287801464 12
      vertex -15.48004208849325 6.019473086366893 0
    endloop
  endfacet
  facet normal 0.6494480483301833 -0.7604059656000313 0
    outer loop
      vertex -15.802504832496318 -6.294882287801464 0
      vertex -15.48004208849325 -6.019473086366893 12
      vertex -15.802504832496318 -6.294882287801464 12
    endloop
  endfacet
  facet normal 0.6883545756937512 -0.7253743710122902 0
    outer loop
      vertex -15.48004208849325 -6.019473086366893 0
      vertex -15.172435072388964 -5.727564927611035 12
      vertex -15.48004208849325 -6.019473086366893 12
    endloop
  endfacet
  facet normal 0.7253743710122914 -0.6883545756937501 0
    outer loop
      vertex -14.880526913633108 -5.419957911506751 0
      vertex -14.880526913633108 -5.419957911506751 12
      vertex -15.172435072388964 -5.727564927611035 12
    endloop
  endfacet
  facet normal 0.7604059656000283 -0.649448048330187 0
    outer loop
      vertex -14.605117712198535 -5.097495167503682 0
      vertex -14.605117712198535 -5.097495167503682 12
      vertex -14.880526913633108 -5.419957911506751 12
    endloop
  endfacet
  facet normal 0.7933533402912353 -0.6087614290087204 0
    outer loop
      vertex -14.346962345562925 -4.761060543569032 0
      vertex -14.346962345562925 -4.761060543569032 12
      vertex -14.605117712198535 -5.097495167503682 12
    endloop
  endfacet
  facet normal 0.8241261886220149 -0.5664062369248338 0
    outer loop
      vertex -14.106768399642064 -4.411576183621719 0
      vertex -14.106768399642064 -4.411576183621719 12
      vertex -14.346962345562925 -4.761060543569032 12
    endloop
  endfacet
  facet normal 0.8526401643540946 -0.5224985647159449 0
    outer loop
      vertex -13.885194229346048 -4.05 0
      vertex -13.885194229346048 -4.05 12
      vertex -14.106768399642064 -4.411576183621719 12
    endloop
  endfacet
  facet normal 0.8788171126619639 -0.4771587602596111 0
    outer loop
      vertex -13.885194229346048 -4.05 0
      vertex -13.71658022879295 -3.7394516428036755 12
      vertex -13.885194229346048 -4.05 12
    endloop
  endfacet
  facet normal 0.8788171126619639 0.4771587602596111 0
    outer loop
      vertex -13.885194229346048 4.05 12
      vertex -13.71658022879295 3.7394516428036755 12
      vertex -13.71658022879295 3.7394516428036755 0
    endloop
  endfacet
  facet normal 0.8526401643540946 0.5224985647159449 0
    outer loop
      vertex -14.106768399642064 4.411576183621719 0
      vertex -14.106768399642064 4.411576183621719 12
      vertex -13.885194229346048 4.05 12
    endloop
  endfacet
  facet normal 0.8241261886220149 0.5664062369248338 0
    outer loop
      vertex -14.346962345562925 4.761060543569032 0
      vertex -14.346962345562925 4.761060543569032 12
      vertex -14.106768399642064 4.411576183621719 12
    endloop
  endfacet
  facet normal 0.7253743710122914 0.6883545756937501 0
    outer loop
      vertex -15.172435072388964 5.727564927611035 0
      vertex -15.172435072388964 5.727564927611035 12
      vertex -14.880526913633108 5.419957911506751 12
    endloop
  endfacet
  facet normal 0.7933533402912353 0.6087614290087204 0
    outer loop
      vertex -14.605117712198535 5.097495167503682 0
      vertex -14.605117712198535 5.097495167503682 12
      vertex -14.346962345562925 4.761060543569032 12
    endloop
  endfacet
  facet normal 0.7604059656000283 0.649448048330187 0
    outer loop
      vertex -14.880526913633108 5.419957911506751 0
      vertex -14.880526913633108 5.419957911506751 12
      vertex -14.605117712198535 5.097495167503682 12
    endloop
  endfacet
  facet normal 0.6087614290087219 0.7933533402912343 0
    outer loop
      vertex -15.802504832496318 6.294882287801464 0
      vertex -16.13893945643097 6.553037654437074 12
      vertex -15.802504832496318 6.294882287801464 12
    endloop
  endfacet
  facet normal 0.4305110968082957 0.9025852843498603 0
    outer loop
      vertex -17.222676952109673 7.21715284592578 0
      vertex -17.605433191086018 7.399718206905066 12
      vertex -17.222676952109673 7.21715284592578 12
    endloop
  endfacet
  facet normal 0.4771587602596096 0.8788171126619647 0
    outer loop
      vertex -16.85 7.014805770653952 0
      vertex -17.222676952109673 7.21715284592578 12
      vertex -16.85 7.014805770653952 12
    endloop
  endfacet
  facet normal 0.5664062369248344 0.8241261886220146 0
    outer loop
      vertex -16.13893945643097 6.553037654437074 0
      vertex -16.48842381637828 6.7932316003579345 12
      vertex -16.13893945643097 6.553037654437074 12
    endloop
  endfacet
  facet normal 0.5224985647159451 0.8526401643540945 0
    outer loop
      vertex -16.48842381637828 6.7932316003579345 0
      vertex -16.85 7.014805770653952 12
      vertex -16.48842381637828 6.7932316003579345 12
    endloop
  endfacet
  facet normal 0.6883545756937512 0.7253743710122902 0
    outer loop
      vertex -15.172435072388964 5.727564927611035 0
      vertex -15.48004208849325 6.019473086366893 12
      vertex -15.172435072388964 5.727564927611035 12
    endloop
  endfacet
  facet normal 0.6494480483301833 0.7604059656000313 0
    outer loop
      vertex -15.48004208849325 6.019473086366893 0
      vertex -15.802504832496318 6.294882287801464 12
      vertex -15.48004208849325 6.019473086366893 12
    endloop
  endfacet
  facet normal 0 0 1
    outer loop
      vertex -24 -7.480310417944892 12
      vertex -23.802780391316933 -7.5620014546273335 12
      vertex -23.95 -5.282754963085075 12
    endloop
  endfacet
  facet normal 0 0 1
    outer loop
      vertex -23.802780391316933 -7.5620014546273335 12
      vertex -23.403037654437075 -7.703557781990743 12
      vertex -23.669342048411234 -5.435139797549044 12
    endloop
  endfacet
  facet normal 0 0 1
    outer loop
      vertex -23.403037654437075 -7.703557781990743 12
      vertex -22.996434265330418 -7.823999192941453 12
      vertex -23.086044492226332 -5.69484060163293 12
    endloop
  endfacet
  facet normal 0 0 1
    outer loop
      vertex -22.58408469562385 -7.922995565943825 12
      vertex -22.16711916682587 -8.000275558820615 12
      vertex -22.478796175125375 -5.892147540363316 12
    endloop
  endfacet
  facet normal 0 0 1
    outer loop
      vertex -22.16711916682587 -8.000275558820615 12
      vertex -21.746680552467993 -8.055627352483013 12
      vertex -21.854250236745408 -6.02489887763034 12
    endloop
  endfacet
  facet normal 0 0 1
    outer loop
      vertex -21.746680552467993 -8.055627352483013 12
      vertex -21.323921245567846 -8.088899231512048 12
      vertex -21.53762362593269 -6.066583561746467 12
    endloop
  endfacet
  facet normal 0 0 1
    outer loop
      vertex -22.58408469562385 -7.922995565943825 12
      vertex -22.785003665687178 -5.801444749400436 12
      vertex -22.996434265330418 -7.823999192941453 12
    endloop
  endfacet
  facet normal 0 0 1
    outer loop
      vertex -22.996434265330418 -7.823999192941453 12
      vertex -22.785003665687178 -5.801444749400436 12
      vertex -23.086044492226332 -5.69484060163293 12
    endloop
  endfacet
  facet normal 0 0 1
    outer loop
      vertex -22.58408469562385 -7.922995565943825 12
      vertex -22.478796175125375 -5.892147540363316 12
      vertex -22.785003665687178 -5.801444749400436 12
    endloop
  endfacet
  facet normal 0 0 1
    outer loop
      vertex -22.16711916682587 -8.000275558820615 12
      vertex -22.16826131398833 -5.966700364476214 12
      vertex -22.478796175125375 -5.892147540363316 12
    endloop
  endfacet
  facet normal 0 0 1
    outer loop
      vertex -22.16711916682587 -8.000275558820615 12
      vertex -21.854250236745408 -6.02489887763034 12
      vertex -22.16826131398833 -5.966700364476214 12
    endloop
  endfacet
  facet normal 0 0 1
    outer loop
      vertex -21.746680552467993 -8.055627352483013 12
      vertex -21.53762362593269 -6.066583561746467 12
      vertex -21.854250236745408 -6.02489887763034 12
    endloop
  endfacet
  facet normal 0 0 1
    outer loop
      vertex -21.323921245567846 -8.088899231512048 12
      vertex -21.219249333081958 -6.0916401620029 12
      vertex -21.53762362593269 -6.066583561746467 12
    endloop
  endfacet
  facet normal 0 0 1
    outer loop
      vertex -21.323921245567846 -8.088899231512048 12
      vertex -20.9 -8.1 12
      vertex -21.219249333081958 -6.0916401620029 12
    endloop
  endfacet
  facet normal 0 0 1
    outer loop
      vertex -20.9 -8.1 12
      vertex -20.476078754432155 -8.088899231512048 12
      vertex -20.580750666918043 -6.0916401620029 12
    endloop
  endfacet
  facet normal 0 0 1
    outer loop
      vertex -20.476078754432155 -8.088899231512048 12
      vertex -20.053319447532008 -8.055627352483013 12
      vertex -20.580750666918043 -6.0916401620029 12
    endloop
  endfacet
  facet normal 0 0 1
    outer loop
      vertex -20.053319447532008 -8.055627352483013 12
      vertex -19.63288083317413 -8.000275558820615 12
      vertex -20.262376374067316 -6.066583561746467 12
    endloop
  endfacet
  facet normal 0 0 1
    outer loop
      vertex -19.63288083317413 -8.000275558820615 12
      vertex -19.21591530437615 -7.922995565943825 12
      vertex -19.945749763254593 -6.02489887763034 12
    endloop
  endfacet
  facet normal 0 0 1
    outer loop
      vertex -20.9 -8.1 12
      vertex -20.9 -6.1 12
      vertex -21.219249333081958 -6.0916401620029 12
    endloop
  endfacet
  facet normal 0 0 1
    outer loop
      vertex -20.9 -8.1 12
      vertex -20.580750666918043 -6.0916401620029 12
      vertex -20.9 -6.1 12
    endloop
  endfacet
  facet normal 0 0 1
    outer loop
      vertex -20.053319447532008 -8.055627352483013 12
      vertex -20.262376374067316 -6.066583561746467 12
      vertex -20.580750666918043 -6.0916401620029 12
    endloop
  endfacet
  facet normal 0 0 1
    outer loop
      vertex -19.63288083317413 -8.000275558820615 12
      vertex -19.945749763254593 -6.02489887763034 12
      vertex -20.262376374067316 -6.066583561746467 12
    endloop
  endfacet
  facet normal 0 0 1
    outer loop
      vertex -19.21591530437615 -7.922995565943825 12
      vertex -19.63173868601167 -5.966700364476214 12
      vertex -19.945749763254593 -6.02489887763034 12
    endloop
  endfacet
  facet normal 0 0 1
    outer loop
      vertex -19.21591530437615 -7.922995565943825 12
      vertex -19.321203824874623 -5.892147540363316 12
      vertex -19.63173868601167 -5.966700364476214 12
    endloop
  endfacet
  facet normal 0 0 1
    outer loop
      vertex -19.21591530437615 -7.922995565943825 12
      vertex -18.803565734669583 -7.823999192941453 12
      vertex -19.321203824874623 -5.892147540363316 12
    endloop
  endfacet
  facet normal 0 0 1
    outer loop
      vertex -18.803565734669583 -7.823999192941453 12
      vertex -18.396962345562926 -7.703557781990743 12
      vertex -19.01499633431282 -5.801444749400436 12
    endloop
  endfacet
  facet normal 0 0 1
    outer loop
      vertex -18.803565734669583 -7.823999192941453 12
      vertex -19.01499633431282 -5.801444749400436 12
      vertex -19.321203824874623 -5.892147540363316 12
    endloop
  endfacet
  facet normal 0 0 1
    outer loop
      vertex -18.396962345562926 -7.703557781990743 12
      vertex -17.997219608683068 -7.5620014546273335 12
      vertex -18.41890647723762 -5.572627291619865 12
    endloop
  endfacet
  facet normal 0 0 1
    outer loop
      vertex -17.997219608683068 -7.5620014546273335 12
      vertex -17.605433191086018 -7.399718206905066 12
      vertex -18.130657951588766 -5.435139797549044 12
    endloop
  endfacet
  facet normal 0 0 1
    outer loop
      vertex -17.605433191086018 -7.399718206905066 12
      vertex -17.222676952109673 -7.21715284592578 12
      vertex -17.85 -5.282754963085075 12
    endloop
  endfacet
  facet normal 0 0 1
    outer loop
      vertex -24 -7.480310417944892 12
      vertex -23.95 -5.282754963085075 12
      vertex -24.030524093621835 -5.233409735049362 12
    endloop
  endfacet
  facet normal 0 0 1
    outer loop
      vertex -23.403037654437075 -7.703557781990743 12
      vertex -23.38109352276238 -5.572627291619865 12
      vertex -23.669342048411234 -5.435139797549044 12
    endloop
  endfacet
  facet normal 0 0 1
    outer loop
      vertex -23.802780391316933 -7.5620014546273335 12
      vertex -23.669342048411234 -5.435139797549044 12
      vertex -23.95 -5.282754963085075 12
    endloop
  endfacet
  facet normal 0 0 1
    outer loop
      vertex -23.403037654437075 -7.703557781990743 12
      vertex -23.086044492226332 -5.69484060163293 12
      vertex -23.38109352276238 -5.572627291619865 12
    endloop
  endfacet
  facet normal 0 0 1
    outer loop
      vertex -18.396962345562926 -7.703557781990743 12
      vertex -18.71395550777367 -5.69484060163293 12
      vertex -19.01499633431282 -5.801444749400436 12
    endloop
  endfacet
  facet normal 0 0 1
    outer loop
      vertex -18.396962345562926 -7.703557781990743 12
      vertex -18.41890647723762 -5.572627291619865 12
      vertex -18.71395550777367 -5.69484060163293 12
    endloop
  endfacet
  facet normal 0 0 1
    outer loop
      vertex -17.997219608683068 -7.5620014546273335 12
      vertex -18.130657951588766 -5.435139797549044 12
      vertex -18.41890647723762 -5.572627291619865 12
    endloop
  endfacet
  facet normal 0 0 1
    outer loop
      vertex -17.605433191086018 -7.399718206905066 12
      vertex -17.85 -5.282754963085075 12
      vertex -18.130657951588766 -5.435139797549044 12
    endloop
  endfacet
  facet normal 0 0 1
    outer loop
      vertex -17.222676952109673 -7.21715284592578 12
      vertex -17.577701886408335 -5.115890464467086 12
      vertex -17.85 -5.282754963085075 12
    endloop
  endfacet
  facet normal 0 0 1
    outer loop
      vertex -24.194566808913983 6.841893583713894 12
      vertex -24.17154163839593 5.146994072470239 12
      vertex -23.95 5.282754963085075 12
    endloop
  endfacet
  facet normal 0 0 1
    outer loop
      vertex -24 7.480310417944892 12
      vertex -23.95 5.282754963085075 12
      vertex -23.669342048411234 5.435139797549044 12
    endloop
  endfacet
  facet normal 0 0 1
    outer loop
      vertex -24.194566808913983 6.841893583713894 12
      vertex -23.95 5.282754963085075 12
      vertex -24.00104229305579 7.479878686025217 12
    endloop
  endfacet
  facet normal 0 0 1
    outer loop
      vertex -23.802780391316933 7.5620014546273335 12
      vertex -23.669342048411234 5.435139797549044 12
      vertex -23.38109352276238 5.572627291619865 12
    endloop
  endfacet
  facet normal 0 0 1
    outer loop
      vertex -23.403037654437075 7.703557781990743 12
      vertex -23.38109352276238 5.572627291619865 12
      vertex -23.086044492226332 5.69484060163293 12
    endloop
  endfacet
  facet normal 0 0 1
    outer loop
      vertex -23.403037654437075 7.703557781990743 12
      vertex -23.086044492226332 5.69484060163293 12
      vertex -22.785003665687178 5.801444749400436 12
    endloop
  endfacet
  facet normal 0 0 1
    outer loop
      vertex -24.00104229305579 7.479878686025217 12
      vertex -23.95 5.282754963085075 12
      vertex -24 7.480310417944892 12
    endloop
  endfacet
  facet normal 0 0 1
    outer loop
      vertex -24 7.480310417944892 12
      vertex -23.669342048411234 5.435139797549044 12
      vertex -23.802780391316933 7.5620014546273335 12
    endloop
  endfacet
  facet normal 0 0 1
    outer loop
      vertex -23.802780391316933 7.5620014546273335 12
      vertex -23.38109352276238 5.572627291619865 12
      vertex -23.403037654437075 7.703557781990743 12
    endloop
  endfacet
  facet normal 0 0 1
    outer loop
      vertex -23.403037654437075 7.703557781990743 12
      vertex -22.785003665687178 5.801444749400436 12
      vertex -22.996434265330418 7.823999192941453 12
    endloop
  endfacet
  facet normal 0 0 1
    outer loop
      vertex -22.996434265330418 7.823999192941453 12
      vertex -22.785003665687178 5.801444749400436 12
      vertex -22.478796175125375 5.892147540363316 12
    endloop
  endfacet
  facet normal 0 0 1
    outer loop
      vertex -22.58408469562385 7.922995565943825 12
      vertex -22.478796175125375 5.892147540363316 12
      vertex -22.16826131398833 5.966700364476214 12
    endloop
  endfacet
  facet normal 0 0 1
    outer loop
      vertex -22.58408469562385 7.922995565943825 12
      vertex -22.16826131398833 5.966700364476214 12
      vertex -21.854250236745408 6.02489887763034 12
    endloop
  endfacet
  facet normal 0 0 1
    outer loop
      vertex -22.996434265330418 7.823999192941453 12
      vertex -22.478796175125375 5.892147540363316 12
      vertex -22.58408469562385 7.922995565943825 12
    endloop
  endfacet
  facet normal 0 0 1
    outer loop
      vertex -22.58408469562385 7.922995565943825 12
      vertex -21.854250236745408 6.02489887763034 12
      vertex -22.16711916682587 8.000275558820615 12
    endloop
  endfacet
  facet normal 0 0 1
    outer loop
      vertex -22.16711916682587 8.000275558820615 12
      vertex -21.854250236745408 6.02489887763034 12
      vertex -21.53762362593269 6.066583561746467 12
    endloop
  endfacet
  facet normal 0 0 1
    outer loop
      vertex -21.746680552467993 8.055627352483013 12
      vertex -21.53762362593269 6.066583561746467 12
      vertex -21.219249333081958 6.0916401620029 12
    endloop
  endfacet
  facet normal 0 0 1
    outer loop
      vertex -22.16711916682587 8.000275558820615 12
      vertex -21.53762362593269 6.066583561746467 12
      vertex -21.746680552467993 8.055627352483013 12
    endloop
  endfacet
  facet normal 0 0 1
    outer loop
      vertex -20.9 8.1 12
      vertex -21.219249333081958 6.0916401620029 12
      vertex -20.9 6.1 12
    endloop
  endfacet
  facet normal 0 0 1
    outer loop
      vertex -20.9 8.1 12
      vertex -20.9 6.1 12
      vertex -20.580750666918043 6.0916401620029 12
    endloop
  endfacet
  facet normal 0 0 1
    outer loop
      vertex -20.476078754432155 8.088899231512048 12
      vertex -20.580750666918043 6.0916401620029 12
      vertex -20.262376374067316 6.066583561746467 12
    endloop
  endfacet
  facet normal 0 0 1
    outer loop
      vertex -20.053319447532008 8.055627352483013 12
      vertex -20.262376374067316 6.066583561746467 12
      vertex -19.945749763254593 6.02489887763034 12
    endloop
  endfacet
  facet normal 0 0 1
    outer loop
      vertex -19.63288083317413 8.000275558820615 12
      vertex -19.945749763254593 6.02489887763034 12
      vertex -19.63173868601167 5.966700364476214 12
    endloop
  endfacet
  facet normal 0 0 1
    outer loop
      vertex -19.63288083317413 8.000275558820615 12
      vertex -19.63173868601167 5.966700364476214 12
      vertex -19.321203824874623 5.892147540363316 12
    endloop
  endfacet
  facet normal 0 0 1
    outer loop
      vertex -20.053319447532008 8.055627352483013 12
      vertex -19.945749763254593 6.02489887763034 12
      vertex -19.63288083317413 8.000275558820615 12
    endloop
  endfacet
  facet normal 0 0 1
    outer loop
      vertex -19.63288083317413 8.000275558820615 12
      vertex -19.321203824874623 5.892147540363316 12
      vertex -19.21591530437615 7.922995565943825 12
    endloop
  endfacet
  facet normal 0 0 1
    outer loop
      vertex -18.803565734669583 7.823999192941453 12
      vertex -19.01499633431282 5.801444749400436 12
      vertex -18.71395550777367 5.69484060163293 12
    endloop
  endfacet
  facet normal 0 0 1
    outer loop
      vertex -18.396962345562926 7.703557781990743 12
      vertex -18.71395550777367 5.69484060163293 12
      vertex -18.41890647723762 5.572627291619865 12
    endloop
  endfacet
  facet normal 0 0 1
    outer loop
      vertex -17.997219608683068 7.5620014546273335 12
      vertex -18.130657951588766 5.435139797549044 12
      vertex -17.85 5.282754963085075 12
    endloop
  endfacet
  facet normal 0 0 1
    outer loop
      vertex -17.605433191086018 7.399718206905066 12
      vertex -17.85 5.282754963085075 12
      vertex -17.577701886408335 5.115890464467086 12
    endloop
  endfacet
  facet normal 0 0 1
    outer loop
      vertex -18.396962345562926 7.703557781990743 12
      vertex -18.41890647723762 5.572627291619865 12
      vertex -18.130657951588766 5.435139797549044 12
    endloop
  endfacet
  facet normal 0 0 1
    outer loop
      vertex -19.21591530437615 7.922995565943825 12
      vertex -19.321203824874623 5.892147540363316 12
      vertex -19.01499633431282 5.801444749400436 12
    endloop
  endfacet
  facet normal 0 0 1
    outer loop
      vertex -18.803565734669583 7.823999192941453 12
      vertex -19.21591530437615 7.922995565943825 12
      vertex -19.01499633431282 5.801444749400436 12
    endloop
  endfacet
  facet normal 0 0 1
    outer loop
      vertex -18.803565734669583 7.823999192941453 12
      vertex -18.71395550777367 5.69484060163293 12
      vertex -18.396962345562926 7.703557781990743 12
    endloop
  endfacet
  facet normal 0 0 1
    outer loop
      vertex -18.396962345562926 7.703557781990743 12
      vertex -18.130657951588766 5.435139797549044 12
      vertex -17.997219608683068 7.5620014546273335 12
    endloop
  endfacet
  facet normal 0 0 1
    outer loop
      vertex -17.997219608683068 7.5620014546273335 12
      vertex -17.85 5.282754963085075 12
      vertex -17.605433191086018 7.399718206905066 12
    endloop
  endfacet
  facet normal 0 0 1
    outer loop
      vertex -17.222676952109673 -7.21715284592578 12
      vertex -16.85 -7.014805770653952 12
      vertex -17.314509961015915 -4.935003665687179 12
    endloop
  endfacet
  facet normal 0 0 1
    outer loop
      vertex -16.85 -7.014805770653952 12
      vertex -16.48842381637828 -6.7932316003579345 12
      vertex -17.061145614595993 -4.740590364887522 12
    endloop
  endfacet
  facet normal 0 0 1
    outer loop
      vertex -17.222676952109673 -7.21715284592578 12
      vertex -17.314509961015915 -4.935003665687179 12
      vertex -17.577701886408335 -5.115890464467086 12
    endloop
  endfacet
  facet normal 0 0 1
    outer loop
      vertex -16.85 -7.014805770653952 12
      vertex -17.061145614595993 -4.740590364887522 12
      vertex -17.314509961015915 -4.935003665687179 12
    endloop
  endfacet
  facet normal 0 0 1
    outer loop
      vertex -16.48842381637828 -6.7932316003579345 12
      vertex -16.13893945643097 -6.553037654437074 12
      vertex -16.58664863476206 -4.31335136523794 12
    endloop
  endfacet
  facet normal 0 0 1
    outer loop
      vertex -16.13893945643097 -6.553037654437074 12
      vertex -15.802504832496318 -6.294882287801464 12
      vertex -16.15940963511248 -3.838854385404008 12
    endloop
  endfacet
  facet normal 0 0 1
    outer loop
      vertex -16.48842381637828 -6.7932316003579345 12
      vertex -16.818303301210968 -4.533183435412105 12
      vertex -17.061145614595993 -4.740590364887522 12
    endloop
  endfacet
  facet normal 0 0 1
    outer loop
      vertex -16.48842381637828 -6.7932316003579345 12
      vertex -16.58664863476206 -4.31335136523794 12
      vertex -16.818303301210968 -4.533183435412105 12
    endloop
  endfacet
  facet normal 0 0 1
    outer loop
      vertex -15.802504832496318 -6.294882287801464 12
      vertex -15.48004208849325 -6.019473086366893 12
      vertex -15.964996334312822 -3.585490038984086 12
    endloop
  endfacet
  facet normal 0 0 1
    outer loop
      vertex -16.13893945643097 -6.553037654437074 12
      vertex -16.366816564587896 -4.081696698789035 12
      vertex -16.58664863476206 -4.31335136523794 12
    endloop
  endfacet
  facet normal 0 0 1
    outer loop
      vertex -16.13893945643097 -6.553037654437074 12
      vertex -16.15940963511248 -3.838854385404008 12
      vertex -16.366816564587896 -4.081696698789035 12
    endloop
  endfacet
  facet normal 0 0 1
    outer loop
      vertex -15.48004208849325 -6.019473086366893 12
      vertex -15.172435072388964 -5.727564927611035 12
      vertex -15.490264122918148 -2.816130249518817 12
    endloop
  endfacet
  facet normal 0 0 1
    outer loop
      vertex -15.802504832496318 -6.294882287801464 12
      vertex -15.964996334312822 -3.585490038984086 12
      vertex -16.15940963511248 -3.838854385404008 12
    endloop
  endfacet
  facet normal 0 0 1
    outer loop
      vertex -15.48004208849325 -6.019473086366893 12
      vertex -15.784109535532913 -3.322298113591665 12
      vertex -15.964996334312822 -3.585490038984086 12
    endloop
  endfacet
  facet normal 0 0 1
    outer loop
      vertex -15.172435072388964 -5.727564927611035 12
      vertex -14.880526913633108 -5.419957911506751 12
      vertex -15.490264122918148 -2.816130249518817 12
    endloop
  endfacet
  facet normal 0 0 1
    outer loop
      vertex -14.880526913633108 -5.419957911506751 12
      vertex -14.605117712198535 -5.097495167503682 12
      vertex -15.490264122918148 -2.816130249518817 12
    endloop
  endfacet
  facet normal 0 0 1
    outer loop
      vertex -15.48004208849325 -6.019473086366893 12
      vertex -15.617245036914923 -3.05 12
      vertex -15.784109535532913 -3.322298113591665 12
    endloop
  endfacet
  facet normal 0 0 1
    outer loop
      vertex -15.48004208849325 -6.019473086366893 12
      vertex -15.490264122918148 -2.816130249518817 12
      vertex -15.617245036914923 -3.05 12
    endloop
  endfacet
  facet normal 0 0 1
    outer loop
      vertex -14.605117712198535 -5.097495167503682 12
      vertex -14.346962345562925 -4.761060543569032 12
      vertex -15.490264122918148 -2.816130249518817 12
    endloop
  endfacet
  facet normal 0 0 1
    outer loop
      vertex -14.346962345562925 -4.761060543569032 12
      vertex -14.106768399642064 -4.411576183621719 12
      vertex -15.490264122918148 -2.816130249518817 12
    endloop
  endfacet
  facet normal 0 0 1
    outer loop
      vertex -14.106768399642064 -4.411576183621719 12
      vertex -13.885194229346048 -4.05 12
      vertex -15.490264122918148 -2.816130249518817 12
    endloop
  endfacet
  facet normal 0 0 1
    outer loop
      vertex -13.885194229346048 -4.05 12
      vertex -13.71658022879295 -3.7394516428036755 12
      vertex -15.490264122918148 -2.816130249518817 12
    endloop
  endfacet
  facet normal 0 0 1
    outer loop
      vertex -13.71658022879295 3.7394516428036755 12
      vertex -15.617245036914923 3.05 12
      vertex -15.490264122918148 2.816130249518817 12
    endloop
  endfacet
  facet normal 0 0 1
    outer loop
      vertex -15.802504832496318 6.294882287801464 12
      vertex -15.784109535532913 3.322298113591665 12
      vertex -15.617245036914923 3.05 12
    endloop
  endfacet
  facet normal 0 0 1
    outer loop
      vertex -15.802504832496318 6.294882287801464 12
      vertex -15.964996334312822 3.585490038984086 12
      vertex -15.784109535532913 3.322298113591665 12
    endloop
  endfacet
  facet normal 0 0 1
    outer loop
      vertex -16.13893945643097 6.553037654437074 12
      vertex -16.15940963511248 3.838854385404008 12
      vertex -15.964996334312822 3.585490038984086 12
    endloop
  endfacet
  facet normal 0 0 1
    outer loop
      vertex -17.222676952109673 7.21715284592578 12
      vertex -17.314509961015915 4.935003665687179 12
      vertex -17.061145614595993 4.740590364887522 12
    endloop
  endfacet
  facet normal 0 0 1
    outer loop
      vertex -16.85 7.014805770653952 12
      vertex -17.061145614595993 4.740590364887522 12
      vertex -16.818303301210968 4.533183435412105 12
    endloop
  endfacet
  facet normal 0 0 1
    outer loop
      vertex -16.85 7.014805770653952 12
      vertex -16.818303301210968 4.533183435412105 12
      vertex -16.58664863476206 4.31335136523794 12
    endloop
  endfacet
  facet normal 0 0 1
    outer loop
      vertex -16.13893945643097 6.553037654437074 12
      vertex -16.366816564587896 4.081696698789035 12
      vertex -16.15940963511248 3.838854385404008 12
    endloop
  endfacet
  facet normal 0 0 1
    outer loop
      vertex -16.48842381637828 6.7932316003579345 12
      vertex -16.58664863476206 4.31335136523794 12
      vertex -16.366816564587896 4.081696698789035 12
    endloop
  endfacet
  facet normal 0 0 1
    outer loop
      vertex -16.13893945643097 6.553037654437074 12
      vertex -15.964996334312822 3.585490038984086 12
      vertex -15.802504832496318 6.294882287801464 12
    endloop
  endfacet
  facet normal 0 0 1
    outer loop
      vertex -15.48004208849325 6.019473086366893 12
      vertex -15.617245036914923 3.05 12
      vertex -13.71658022879295 3.7394516428036755 12
    endloop
  endfacet
  facet normal 0 0 1
    outer loop
      vertex -14.106768399642064 4.411576183621719 12
      vertex -14.346962345562925 4.761060543569032 12
      vertex -13.71658022879295 3.7394516428036755 12
    endloop
  endfacet
  facet normal 0 0 1
    outer loop
      vertex -14.605117712198535 5.097495167503682 12
      vertex -14.880526913633108 5.419957911506751 12
      vertex -13.71658022879295 3.7394516428036755 12
    endloop
  endfacet
  facet normal 0 0 1
    outer loop
      vertex -14.605117712198535 5.097495167503682 12
      vertex -13.71658022879295 3.7394516428036755 12
      vertex -14.346962345562925 4.761060543569032 12
    endloop
  endfacet
  facet normal 0 0 1
    outer loop
      vertex -15.802504832496318 6.294882287801464 12
      vertex -15.617245036914923 3.05 12
      vertex -15.48004208849325 6.019473086366893 12
    endloop
  endfacet
  facet normal 0 0 1
    outer loop
      vertex -14.880526913633108 5.419957911506751 12
      vertex -15.172435072388964 5.727564927611035 12
      vertex -13.71658022879295 3.7394516428036755 12
    endloop
  endfacet
  facet normal 0 0 1
    outer loop
      vertex -15.48004208849325 6.019473086366893 12
      vertex -13.71658022879295 3.7394516428036755 12
      vertex -15.172435072388964 5.727564927611035 12
    endloop
  endfacet
  facet normal 0 0 1
    outer loop
      vertex -17.605433191086018 7.399718206905066 12
      vertex -17.577701886408335 5.115890464467086 12
      vertex -17.314509961015915 4.935003665687179 12
    endloop
  endfacet
  facet normal 0 0 1
    outer loop
      vertex -16.85 7.014805770653952 12
      vertex -16.58664863476206 4.31335136523794 12
      vertex -16.48842381637828 6.7932316003579345 12
    endloop
  endfacet
  facet normal 0 0 1
    outer loop
      vertex -17.605433191086018 7.399718206905066 12
      vertex -17.314509961015915 4.935003665687179 12
      vertex -17.222676952109673 7.21715284592578 12
    endloop
  endfacet
  facet normal 0 0 1
    outer loop
      vertex -17.222676952109673 7.21715284592578 12
      vertex -17.061145614595993 4.740590364887522 12
      vertex -16.85 7.014805770653952 12
    endloop
  endfacet
  facet normal 0 0 1
    outer loop
      vertex -16.13893945643097 6.553037654437074 12
      vertex -16.48842381637828 6.7932316003579345 12
      vertex -16.366816564587896 4.081696698789035 12
    endloop
  endfacet
  facet normal 0 0 1
    outer loop
      vertex -14.106768399642064 4.411576183621719 12
      vertex -13.71658022879295 3.7394516428036755 12
      vertex -13.885194229346048 4.05 12
    endloop
  endfacet
  facet normal 0 0 -1
    outer loop
      vertex -21.746680552467993 8.055627352483013 0
      vertex -21.323921245567846 8.088899231512048 0
      vertex -21.53762362593269 6.066583561746467 0
    endloop
  endfacet
  facet normal 0 0 -1
    outer loop
      vertex -21.323921245567846 8.088899231512048 0
      vertex -20.9 8.1 0
      vertex -21.219249333081958 6.0916401620029 0
    endloop
  endfacet
  facet normal 0 0 -1
    outer loop
      vertex -20.9 8.1 0
      vertex -20.476078754432155 8.088899231512048 0
      vertex -20.580750666918043 6.0916401620029 0
    endloop
  endfacet
  facet normal 0 0 -1
    outer loop
      vertex -20.476078754432155 8.088899231512048 0
      vertex -20.053319447532008 8.055627352483013 0
      vertex -20.580750666918043 6.0916401620029 0
    endloop
  endfacet
  facet normal -0.3826834323650908 0.9238795325112864 0
    outer loop
      vertex -24 7.480310417944892 0
      vertex -24 7.480310417944892 12
      vertex -23.802780391316933 7.5620014546273335 0
    endloop
  endfacet
  facet normal -0.3338068592337707 0.9426414910921784 0
    outer loop
      vertex -23.802780391316933 7.5620014546273335 0
      vertex -23.802780391316933 7.5620014546273335 12
      vertex -23.403037654437075 7.703557781990743 0
    endloop
  endfacet
  facet normal -0.28401534470392276 0.9588197348681929 0
    outer loop
      vertex -23.403037654437075 7.703557781990743 0
      vertex -23.403037654437075 7.703557781990743 12
      vertex -22.996434265330418 7.823999192941453 0
    endloop
  endfacet
  facet normal -0.23344536385590584 0.9723699203976764 0
    outer loop
      vertex -22.996434265330418 7.823999192941453 0
      vertex -22.996434265330418 7.823999192941453 12
      vertex -22.58408469562385 7.922995565943825 0
    endloop
  endfacet
  facet normal -0.18223552549214656 0.9832549075639547 0
    outer loop
      vertex -22.58408469562385 7.922995565943825 0
      vertex -22.58408469562385 7.922995565943825 12
      vertex -22.16711916682587 8.000275558820615 0
    endloop
  endfacet
  facet normal -0.13052619222005032 0.9914448613738106 0
    outer loop
      vertex -22.16711916682587 8.000275558820615 0
      vertex -22.16711916682587 8.000275558820615 12
      vertex -21.746680552467993 8.055627352483013 0
    endloop
  endfacet
  facet normal -0.07845909572784754 0.9969173337331276 0
    outer loop
      vertex -21.746680552467993 8.055627352483013 0
      vertex -21.746680552467993 8.055627352483013 12
      vertex -21.323921245567846 8.088899231512048 0
    endloop
  endfacet
  facet normal -0.026176948307872476 0.9996573249755573 0
    outer loop
      vertex -21.323921245567846 8.088899231512048 0
      vertex -21.323921245567846 8.088899231512048 12
      vertex -20.9 8.1 0
    endloop
  endfacet
  facet normal 0.026176948307872695 0.9996573249755573 0
    outer loop
      vertex -20.9 8.1 0
      vertex -20.9 8.1 12
      vertex -20.476078754432155 8.088899231512048 0
    endloop
  endfacet
  facet normal 0.07845909572784754 0.9969173337331276 0
    outer loop
      vertex -20.476078754432155 8.088899231512048 0
      vertex -20.476078754432155 8.088899231512048 12
      vertex -20.053319447532008 8.055627352483013 0
    endloop
  endfacet
  facet normal 0.13052619222005032 0.9914448613738106 0
    outer loop
      vertex -20.053319447532008 8.055627352483013 0
      vertex -20.053319447532008 8.055627352483013 12
      vertex -19.63288083317413 8.000275558820615 0
    endloop
  endfacet
  facet normal 0.18223552549214656 0.9832549075639547 0
    outer loop
      vertex -19.63288083317413 8.000275558820615 0
      vertex -19.63288083317413 8.000275558820615 12
      vertex -19.21591530437615 7.922995565943825 0
    endloop
  endfacet
  facet normal 0.28401534470392276 0.9588197348681929 0
    outer loop
      vertex -18.803565734669583 7.823999192941453 0
      vertex -18.803565734669583 7.823999192941453 12
      vertex -18.396962345562926 7.703557781990743 0
    endloop
  endfacet
  facet normal 0.23344536385590584 0.9723699203976764 0
    outer loop
      vertex -18.803565734669583 7.823999192941453 0
      vertex -19.21591530437615 7.922995565943825 0
      vertex -19.21591530437615 7.922995565943825 12
    endloop
  endfacet
  facet normal 0.3338068592337707 0.9426414910921784 0
    outer loop
      vertex -18.396962345562926 7.703557781990743 0
      vertex -18.396962345562926 7.703557781990743 12
      vertex -17.997219608683068 7.5620014546273335 0
    endloop
  endfacet
  facet normal 0.38268343236508967 0.9238795325112868 0
    outer loop
      vertex -17.997219608683068 7.5620014546273335 0
      vertex -17.997219608683068 7.5620014546273335 12
      vertex -17.605433191086018 7.399718206905066 0
    endloop
  endfacet
  facet normal -0.3826834323650908 0.9238795325112864 0
    outer loop
      vertex -23.802780391316933 7.5620014546273335 0
      vertex -24 7.480310417944892 12
      vertex -23.802780391316933 7.5620014546273335 12
    endloop
  endfacet
  facet normal -0.3338068592337707 0.9426414910921784 0
    outer loop
      vertex -23.403037654437075 7.703557781990743 0
      vertex -23.802780391316933 7.5620014546273335 12
      vertex -23.403037654437075 7.703557781990743 12
    endloop
  endfacet
  facet normal -0.28401534470392276 0.9588197348681929 0
    outer loop
      vertex -22.996434265330418 7.823999192941453 0
      vertex -23.403037654437075 7.703557781990743 12
      vertex -22.996434265330418 7.823999192941453 12
    endloop
  endfacet
  facet normal -0.23344536385590584 0.9723699203976764 0
    outer loop
      vertex -22.58408469562385 7.922995565943825 0
      vertex -22.996434265330418 7.823999192941453 12
      vertex -22.58408469562385 7.922995565943825 12
    endloop
  endfacet
  facet normal -0.18223552549214656 0.9832549075639547 0
    outer loop
      vertex -22.58408469562385 7.922995565943825 12
      vertex -22.16711916682587 8.000275558820615 12
      vertex -22.16711916682587 8.000275558820615 0
    endloop
  endfacet
  facet normal -0.13052619222005032 0.9914448613738106 0
    outer loop
      vertex -21.746680552467993 8.055627352483013 0
      vertex -22.16711916682587 8.000275558820615 12
      vertex -21.746680552467993 8.055627352483013 12
    endloop
  endfacet
  facet normal -0.07845909572784754 0.9969173337331276 0
    outer loop
      vertex -21.323921245567846 8.088899231512048 0
      vertex -21.746680552467993 8.055627352483013 12
      vertex -21.323921245567846 8.088899231512048 12
    endloop
  endfacet
  facet normal -0.026176948307872476 0.9996573249755573 0
    outer loop
      vertex -20.9 8.1 0
      vertex -21.323921245567846 8.088899231512048 12
      vertex -20.9 8.1 12
    endloop
  endfacet
  facet normal 0.026176948307872695 0.9996573249755573 0
    outer loop
      vertex -20.476078754432155 8.088899231512048 0
      vertex -20.9 8.1 12
      vertex -20.476078754432155 8.088899231512048 12
    endloop
  endfacet
  facet normal 0.07845909572784754 0.9969173337331276 0
    outer loop
      vertex -20.053319447532008 8.055627352483013 0
      vertex -20.476078754432155 8.088899231512048 12
      vertex -20.053319447532008 8.055627352483013 12
    endloop
  endfacet
  facet normal 0.13052619222005032 0.9914448613738106 0
    outer loop
      vertex -19.63288083317413 8.000275558820615 0
      vertex -20.053319447532008 8.055627352483013 12
      vertex -19.63288083317413 8.000275558820615 12
    endloop
  endfacet
  facet normal 0.18223552549214656 0.9832549075639547 0
    outer loop
      vertex -19.21591530437615 7.922995565943825 0
      vertex -19.63288083317413 8.000275558820615 12
      vertex -19.21591530437615 7.922995565943825 12
    endloop
  endfacet
  facet normal 0.28401534470392276 0.9588197348681929 0
    outer loop
      vertex -18.396962345562926 7.703557781990743 0
      vertex -18.803565734669583 7.823999192941453 12
      vertex -18.396962345562926 7.703557781990743 12
    endloop
  endfacet
  facet normal 0.23344536385590584 0.9723699203976764 0
    outer loop
      vertex -18.803565734669583 7.823999192941453 0
      vertex -19.21591530437615 7.922995565943825 12
      vertex -18.803565734669583 7.823999192941453 12
    endloop
  endfacet
  facet normal 0.3338068592337707 0.9426414910921784 0
    outer loop
      vertex -17.997219608683068 7.5620014546273335 0
      vertex -18.396962345562926 7.703557781990743 12
      vertex -17.997219608683068 7.5620014546273335 12
    endloop
  endfacet
  facet normal 0.38268343236508967 0.9238795325112868 0
    outer loop
      vertex -17.605433191086018 7.399718206905066 0
      vertex -17.997219608683068 7.5620014546273335 12
      vertex -17.605433191086018 7.399718206905066 12
    endloop
  endfacet
  facet normal 0 0 1
    outer loop
      vertex -21.746680552467993 8.055627352483013 12
      vertex -21.219249333081958 6.0916401620029 12
      vertex -21.323921245567846 8.088899231512048 12
    endloop
  endfacet
  facet normal 0 0 1
    outer loop
      vertex -21.323921245567846 8.088899231512048 12
      vertex -21.219249333081958 6.0916401620029 12
      vertex -20.9 8.1 12
    endloop
  endfacet
  facet normal 0 0 1
    outer loop
      vertex -20.9 8.1 12
      vertex -20.580750666918043 6.0916401620029 12
      vertex -20.476078754432155 8.088899231512048 12
    endloop
  endfacet
  facet normal 0 0 1
    outer loop
      vertex -20.476078754432155 8.088899231512048 12
      vertex -20.262376374067316 6.066583561746467 12
      vertex -20.053319447532008 8.055627352483013 12
    endloop
  endfacet
  facet normal 0 0 -1
    outer loop
      vertex -32 -9 0
      vertex -28.990000000000002 -8.996966629549862 0
      vertex -28.990000000000002 -9 0
    endloop
  endfacet
  facet normal 0 0 -1
    outer loop
      vertex -32 -9 0
      vertex -28.990000000000002 -8.96703337045014 0
      vertex -28.990000000000002 -8.996966629549862 0
    endloop
  endfacet
  facet normal 0 -1 0
    outer loop
      vertex -32 -9 0
      vertex -28.990000000000002 -9 0
      vertex -28.990000000000002 -9 12
    endloop
  endfacet
  facet normal 1 0 0
    outer loop
      vertex -28.990000000000002 -9 0
      vertex -28.990000000000002 -8.996966629549862 0
      vertex -28.990000000000002 -8.996966629549862 12
    endloop
  endfacet
  facet normal 0 -1 0
    outer loop
      vertex -32 -9 0
      vertex -28.990000000000002 -9 12
      vertex -32 -9 12
    endloop
  endfacet
  facet normal 1 0 0
    outer loop
      vertex -28.990000000000002 -9 0
      vertex -28.990000000000002 -8.996966629549862 12
      vertex -28.990000000000002 -9 12
    endloop
  endfacet
  facet normal 0 0 -1
    outer loop
      vertex -32 -9 0
      vertex -29 -0.41051620561819485 0
      vertex -28.990000000000002 -8.96703337045014 0
    endloop
  endfacet
  facet normal 0 0 -1
    outer loop
      vertex -32 -9 0
      vertex -29 0.3507155411663689 0
      vertex -29 -0.41051620561819485 0
    endloop
  endfacet
  facet normal 0 0 -1
    outer loop
      vertex -32 -9 0
      vertex -28.990000000000002 9 0
      vertex -29 0.3507155411663689 0
    endloop
  endfacet
  facet normal 0 0 -1
    outer loop
      vertex -32 -9 0
      vertex -32 9 0
      vertex -28.990000000000002 9 0
    endloop
  endfacet
  facet normal 0 0 -1
    outer loop
      vertex -29 0.3507155411663689 0
      vertex -28.990000000000002 9 0
      vertex -28.990000000000002 8.996966629549862 0
    endloop
  endfacet
  facet normal -1 0 0
    outer loop
      vertex -32 -9 0
      vertex -32 9 12
      vertex -32 9 0
    endloop
  endfacet
  facet normal -1 0 0
    outer loop
      vertex -32 -9 0
      vertex -32 -9 12
      vertex -32 9 12
    endloop
  endfacet
  facet normal 0 0 1
    outer loop
      vertex -28.990000000000002 -9 12
      vertex -28.990000000000002 -8.996966629549862 12
      vertex -29 -0.3507155411663689 12
    endloop
  endfacet
  facet normal 0 0 1
    outer loop
      vertex -28.990000000000002 -8.996966629549862 12
      vertex -28.990000000000002 -8.96703337045014 12
      vertex -29 -0.3507155411663689 12
    endloop
  endfacet
  facet normal 0 0 1
    outer loop
      vertex -32 -9 12
      vertex -28.990000000000002 -9 12
      vertex -32 9 12
    endloop
  endfacet
  facet normal 0 0 1
    outer loop
      vertex -28.990000000000002 -9 12
      vertex -29 -0.3507155411663689 12
      vertex -32 9 12
    endloop
  endfacet
  facet normal 0 0 1
    outer loop
      vertex -29 -0.3507155411663689 12
      vertex -29 0.41051620561819485 12
      vertex -32 9 12
    endloop
  endfacet
  facet normal 0 0 1
    outer loop
      vertex -29 0.41051620561819485 12
      vertex -28.990000000000002 8.996966629549862 12
      vertex -32 9 12
    endloop
  endfacet
  facet normal 0 1 0
    outer loop
      vertex -32 9 0
      vertex -32 9 12
      vertex -28.990000000000002 9 0
    endloop
  endfacet
  facet normal 1 0 0
    outer loop
      vertex -28.990000000000002 9 0
      vertex -28.990000000000002 9 12
      vertex -28.990000000000002 8.996966629549862 0
    endloop
  endfacet
  facet normal 0 1 0
    outer loop
      vertex -28.990000000000002 9 0
      vertex -32 9 12
      vertex -28.990000000000002 9 12
    endloop
  endfacet
  facet normal 1 0 0
    outer loop
      vertex -28.990000000000002 8.996966629549862 0
      vertex -28.990000000000002 9 12
      vertex -28.990000000000002 8.996966629549862 12
    endloop
  endfacet
  facet normal 0 0 1
    outer loop
      vertex -32 9 12
      vertex -28.990000000000002 8.996966629549862 12
      vertex -28.990000000000002 9 12
    endloop
  endfacet
  facet normal 0 0 -1
    outer loop
      vertex -28.990000000000002 -8.996966629549862 0
      vertex -28.990000000000002 -8.96703337045014 0
      vertex -24 -7.483314774930477 0
    endloop
  endfacet
  facet normal 0 0 -1
    outer loop
      vertex -28.990000000000002 -8.96703337045014 0
      vertex -24 -7.480310417944892 0
      vertex -24 -7.483314774930477 0
    endloop
  endfacet
  facet normal 0 0 -1
    outer loop
      vertex -28.990000000000002 -8.96703337045014 0
      vertex -24.222298113591666 -5.115890464467086 0
      vertex -24 -7.480310417944892 0
    endloop
  endfacet
  facet normal 0.2902762308866738 -0.9569428978691605 0
    outer loop
      vertex -28.990000000000002 -8.996966629549862 0
      vertex -24 -7.483314774930477 0
      vertex -28.990000000000002 -8.996966629549862 12
    endloop
  endfacet
  facet normal 1 0 0
    outer loop
      vertex -24 -7.483314774930477 0
      vertex -24 -7.480310417944892 0
      vertex -24 -7.483314774930477 12
    endloop
  endfacet
  facet normal 0.2902762308866738 -0.9569428978691605 0
    outer loop
      vertex -24 -7.483314774930477 0
      vertex -24 -7.483314774930477 12
      vertex -28.990000000000002 -8.996966629549862 12
    endloop
  endfacet
  facet normal 1 0 0
    outer loop
      vertex -24 -7.480310417944892 0
      vertex -24 -7.480310417944892 12
      vertex -24 -7.483314774930477 12
    endloop
  endfacet
  facet normal 0 0 -1
    outer loop
      vertex -28.990000000000002 -8.96703337045014 0
      vertex -25.640590364887522 -3.838854385404008 0
      vertex -25.433183435412104 -4.081696698789035 0
    endloop
  endfacet
  facet normal 0 0 -1
    outer loop
      vertex -28.990000000000002 -8.96703337045014 0
      vertex -26.182754963085074 -3.05 0
      vertex -26.015890464467088 -3.322298113591665 0
    endloop
  endfacet
  facet normal 0 0 -1
    outer loop
      vertex -28.990000000000002 -8.96703337045014 0
      vertex -25.83500366568718 -3.585490038984086 0
      vertex -25.640590364887522 -3.838854385404008 0
    endloop
  endfacet
  facet normal 0 0 -1
    outer loop
      vertex -28.990000000000002 -8.96703337045014 0
      vertex -26.015890464467088 -3.322298113591665 0
      vertex -25.83500366568718 -3.585490038984086 0
    endloop
  endfacet
  facet normal 0 0 -1
    outer loop
      vertex -28.990000000000002 -8.96703337045014 0
      vertex -26.335139797549044 -2.769342048411235 0
      vertex -26.182754963085074 -3.05 0
    endloop
  endfacet
  facet normal 0 0 -1
    outer loop
      vertex -28.990000000000002 -8.96703337045014 0
      vertex -26.472627291619865 -2.481093522762381 0
      vertex -26.335139797549044 -2.769342048411235 0
    endloop
  endfacet
  facet normal 0 0 -1
    outer loop
      vertex -28.990000000000002 -8.96703337045014 0
      vertex -24.981696698789037 -4.533183435412105 0
      vertex -24.738854385404007 -4.740590364887522 0
    endloop
  endfacet
  facet normal 0 0 -1
    outer loop
      vertex -28.990000000000002 -8.96703337045014 0
      vertex -24.485490038984086 -4.935003665687179 0
      vertex -24.222298113591666 -5.115890464467086 0
    endloop
  endfacet
  facet normal 0 0 -1
    outer loop
      vertex -28.990000000000002 -8.96703337045014 0
      vertex -24.738854385404007 -4.740590364887522 0
      vertex -24.485490038984086 -4.935003665687179 0
    endloop
  endfacet
  facet normal 0 0 -1
    outer loop
      vertex -28.990000000000002 -8.96703337045014 0
      vertex -25.21335136523794 -4.31335136523794 0
      vertex -24.981696698789037 -4.533183435412105 0
    endloop
  endfacet
  facet normal 0 0 -1
    outer loop
      vertex -28.990000000000002 -8.96703337045014 0
      vertex -25.433183435412104 -4.081696698789035 0
      vertex -25.21335136523794 -4.31335136523794 0
    endloop
  endfacet
  facet normal 0 0 -1
    outer loop
      vertex -28.990000000000002 -8.96703337045014 0
      vertex -26.59484060163293 -2.1860444922263316 0
      vertex -26.472627291619865 -2.481093522762381 0
    endloop
  endfacet
  facet normal 0 0 -1
    outer loop
      vertex -28.990000000000002 -8.96703337045014 0
      vertex -26.701444749400437 -1.885003665687179 0
      vertex -26.59484060163293 -2.1860444922263316 0
    endloop
  endfacet
  facet normal 0 0 -1
    outer loop
      vertex -28.990000000000002 -8.96703337045014 0
      vertex -29 -0.41051620561819485 0
      vertex -26.701444749400437 -1.885003665687179 0
    endloop
  endfacet
  facet normal 0 0 -1
    outer loop
      vertex -29 -0.41051620561819485 0
      vertex -26.792147540363317 -1.5787961751253765 0
      vertex -26.701444749400437 -1.885003665687179 0
    endloop
  endfacet
  facet normal 0 0 -1
    outer loop
      vertex -29 -0.41051620561819485 0
      vertex -26.866700364476216 -1.2682613139883319 0
      vertex -26.792147540363317 -1.5787961751253765 0
    endloop
  endfacet
  facet normal 0 0 -1
    outer loop
      vertex -29 -0.41051620561819485 0
      vertex -26.92489887763034 -0.9542502367454082 0
      vertex -26.866700364476216 -1.2682613139883319 0
    endloop
  endfacet
  facet normal 0 0 -1
    outer loop
      vertex -29 -0.41051620561819485 0
      vertex -26.966583561746468 -0.6376236259326862 0
      vertex -26.92489887763034 -0.9542502367454082 0
    endloop
  endfacet
  facet normal 0 0 -1
    outer loop
      vertex -29 -0.41051620561819485 0
      vertex -26.991640162002902 -0.31924933308195735 0
      vertex -26.966583561746468 -0.6376236259326862 0
    endloop
  endfacet
  facet normal 0 0 -1
    outer loop
      vertex -29 -0.41051620561819485 0
      vertex -27 0 0
      vertex -26.991640162002902 -0.31924933308195735 0
    endloop
  endfacet
  facet normal 0 0 -1
    outer loop
      vertex -29 -0.41051620561819485 0
      vertex -26.991640162002902 0.31924933308195735 0
      vertex -27 0 0
    endloop
  endfacet
  facet normal 0 0 -1
    outer loop
      vertex -29 -0.41051620561819485 0
      vertex -26.966583561746468 0.6376236259326862 0
      vertex -26.991640162002902 0.31924933308195735 0
    endloop
  endfacet
  facet normal 0 0 -1
    outer loop
      vertex -29 -0.41051620561819485 0
      vertex -26.92489887763034 0.9542502367454082 0
      vertex -26.966583561746468 0.6376236259326862 0
    endloop
  endfacet
  facet normal 0 0 -1
    outer loop
      vertex -24 -7.480310417944892 0
      vertex -24.222298113591666 -5.115890464467086 0
      vertex -24 -5.252114923678079 0
    endloop
  endfacet
  facet normal 0 0 -1
    outer loop
      vertex -29 -0.41051620561819485 0
      vertex -26.866700364476216 1.2682613139883319 0
      vertex -26.92489887763034 0.9542502367454082 0
    endloop
  endfacet
  facet normal 0 0 -1
    outer loop
      vertex -29 -0.41051620561819485 0
      vertex -26.792147540363317 1.5787961751253765 0
      vertex -26.866700364476216 1.2682613139883319 0
    endloop
  endfacet
  facet normal 0 0 -1
    outer loop
      vertex -29 -0.41051620561819485 0
      vertex -26.701444749400437 1.885003665687179 0
      vertex -26.792147540363317 1.5787961751253765 0
    endloop
  endfacet
  facet normal 0 0 -1
    outer loop
      vertex -29 -0.41051620561819485 0
      vertex -26.59484060163293 2.1860444922263316 0
      vertex -26.701444749400437 1.885003665687179 0
    endloop
  endfacet
  facet normal 0 0 -1
    outer loop
      vertex -29 -0.41051620561819485 0
      vertex -26.472627291619865 2.481093522762381 0
      vertex -26.59484060163293 2.1860444922263316 0
    endloop
  endfacet
  facet normal 0 0 -1
    outer loop
      vertex -29 -0.41051620561819485 0
      vertex -26.335139797549044 2.769342048411235 0
      vertex -26.472627291619865 2.481093522762381 0
    endloop
  endfacet
  facet normal 0 0 -1
    outer loop
      vertex -29 -0.41051620561819485 0
      vertex -26.182754963085074 3.05 0
      vertex -26.335139797549044 2.769342048411235 0
    endloop
  endfacet
  facet normal 0 0 -1
    outer loop
      vertex -29 -0.41051620561819485 0
      vertex -26.015890464467088 3.322298113591665 0
      vertex -26.182754963085074 3.05 0
    endloop
  endfacet
  facet normal 0 0 -1
    outer loop
      vertex -29 -0.41051620561819485 0
      vertex -25.83500366568718 3.585490038984086 0
      vertex -26.015890464467088 3.322298113591665 0
    endloop
  endfacet
  facet normal 0 0 -1
    outer loop
      vertex -29 -0.41051620561819485 0
      vertex -29 0.3507155411663689 0
      vertex -24 7.483314774930477 0
    endloop
  endfacet
  facet normal 0 0 -1
    outer loop
      vertex -29 -0.41051620561819485 0
      vertex -25.640590364887522 3.838854385404008 0
      vertex -25.83500366568718 3.585490038984086 0
    endloop
  endfacet
  facet normal 0 0 -1
    outer loop
      vertex -29 -0.41051620561819485 0
      vertex -24 7.483314774930477 0
      vertex -25.640590364887522 3.838854385404008 0
    endloop
  endfacet
  facet normal 0 0 -1
    outer loop
      vertex -29 0.3507155411663689 0
      vertex -28.990000000000002 8.996966629549862 0
      vertex -24 7.483314774930477 0
    endloop
  endfacet
  facet normal 0 0 -1
    outer loop
      vertex -24 7.483314774930477 0
      vertex -25.433183435412104 4.081696698789035 0
      vertex -25.640590364887522 3.838854385404008 0
    endloop
  endfacet
  facet normal 0 0 -1
    outer loop
      vertex -24 7.483314774930477 0
      vertex -25.21335136523794 4.31335136523794 0
      vertex -25.433183435412104 4.081696698789035 0
    endloop
  endfacet
  facet normal 0 0 -1
    outer loop
      vertex -24 7.483314774930477 0
      vertex -24.981696698789037 4.533183435412105 0
      vertex -25.21335136523794 4.31335136523794 0
    endloop
  endfacet
  facet normal 0 0 -1
    outer loop
      vertex -24 7.480310417944892 0
      vertex -24.738854385404007 4.740590364887522 0
      vertex -24.981696698789037 4.533183435412105 0
    endloop
  endfacet
  facet normal 0 0 -1
    outer loop
      vertex -24 7.480310417944892 0
      vertex -24.485490038984086 4.935003665687179 0
      vertex -24.738854385404007 4.740590364887522 0
    endloop
  endfacet
  facet normal 0 0 -1
    outer loop
      vertex -24 7.480310417944892 0
      vertex -24.222298113591666 5.115890464467086 0
      vertex -24.485490038984086 4.935003665687179 0
    endloop
  endfacet
  facet normal 0 0 -1
    outer loop
      vertex -24 7.480310417944892 0
      vertex -24 5.252114923678079 0
      vertex -24.222298113591666 5.115890464467086 0
    endloop
  endfacet
  facet normal 0 0 -1
    outer loop
      vertex -24 7.483314774930477 0
      vertex -24 7.480310417944892 0
      vertex -24.981696698789037 4.533183435412105 0
    endloop
  endfacet
  facet normal 0 0 1
    outer loop
      vertex -28.990000000000002 -8.996966629549862 12
      vertex -24 -7.483314774930477 12
      vertex -28.990000000000002 -8.96703337045014 12
    endloop
  endfacet
  facet normal 0 0 1
    outer loop
      vertex -28.990000000000002 -8.96703337045014 12
      vertex -29 0.41051620561819485 12
      vertex -29 -0.3507155411663689 12
    endloop
  endfacet
  facet normal 0 0 1
    outer loop
      vertex -28.990000000000002 -8.96703337045014 12
      vertex -24 -7.483314774930477 12
      vertex -29 0.41051620561819485 12
    endloop
  endfacet
  facet normal 0 0 1
    outer loop
      vertex -24 -7.480310417944892 12
      vertex -25.433183435412104 -4.081696698789035 12
      vertex -25.640590364887522 -3.838854385404008 12
    endloop
  endfacet
  facet normal 0 0 1
    outer loop
      vertex -24 -7.480310417944892 12
      vertex -25.21335136523794 -4.31335136523794 12
      vertex -25.433183435412104 -4.081696698789035 12
    endloop
  endfacet
  facet normal 0 0 1
    outer loop
      vertex -24 -7.483314774930477 12
      vertex -24 -7.480310417944892 12
      vertex -29 0.41051620561819485 12
    endloop
  endfacet
  facet normal 0 0 1
    outer loop
      vertex -24 -7.480310417944892 12
      vertex -25.640590364887522 -3.838854385404008 12
      vertex -29 0.41051620561819485 12
    endloop
  endfacet
  facet normal 0 0 1
    outer loop
      vertex -29 0.41051620561819485 12
      vertex -25.640590364887522 -3.838854385404008 12
      vertex -25.83500366568718 -3.585490038984086 12
    endloop
  endfacet
  facet normal 0 0 1
    outer loop
      vertex -29 0.41051620561819485 12
      vertex -25.83500366568718 -3.585490038984086 12
      vertex -26.015890464467088 -3.322298113591665 12
    endloop
  endfacet
  facet normal 0 0 1
    outer loop
      vertex -29 0.41051620561819485 12
      vertex -26.015890464467088 -3.322298113591665 12
      vertex -26.182754963085074 -3.05 12
    endloop
  endfacet
  facet normal 0 0 1
    outer loop
      vertex -29 0.41051620561819485 12
      vertex -26.182754963085074 -3.05 12
      vertex -26.335139797549044 -2.769342048411235 12
    endloop
  endfacet
  facet normal 0 0 1
    outer loop
      vertex -29 0.41051620561819485 12
      vertex -26.335139797549044 -2.769342048411235 12
      vertex -26.472627291619865 -2.481093522762381 12
    endloop
  endfacet
  facet normal 0 0 1
    outer loop
      vertex -29 0.41051620561819485 12
      vertex -26.472627291619865 -2.481093522762381 12
      vertex -26.59484060163293 -2.1860444922263316 12
    endloop
  endfacet
  facet normal 0 0 1
    outer loop
      vertex -29 0.41051620561819485 12
      vertex -26.701444749400437 -1.885003665687179 12
      vertex -26.792147540363317 -1.5787961751253765 12
    endloop
  endfacet
  facet normal 0 0 1
    outer loop
      vertex -29 0.41051620561819485 12
      vertex -26.792147540363317 -1.5787961751253765 12
      vertex -26.866700364476216 -1.2682613139883319 12
    endloop
  endfacet
  facet normal 0 0 1
    outer loop
      vertex -29 0.41051620561819485 12
      vertex -26.866700364476216 -1.2682613139883319 12
      vertex -26.92489887763034 -0.9542502367454082 12
    endloop
  endfacet
  facet normal 0 0 1
    outer loop
      vertex -29 0.41051620561819485 12
      vertex -26.92489887763034 -0.9542502367454082 12
      vertex -26.966583561746468 -0.6376236259326862 12
    endloop
  endfacet
  facet normal 0 0 1
    outer loop
      vertex -29 0.41051620561819485 12
      vertex -26.59484060163293 -2.1860444922263316 12
      vertex -26.701444749400437 -1.885003665687179 12
    endloop
  endfacet
  facet normal 0 0 1
    outer loop
      vertex -29 0.41051620561819485 12
      vertex -26.966583561746468 -0.6376236259326862 12
      vertex -26.991640162002902 -0.31924933308195735 12
    endloop
  endfacet
  facet normal 0 0 1
    outer loop
      vertex -29 0.41051620561819485 12
      vertex -26.991640162002902 -0.31924933308195735 12
      vertex -27 0 12
    endloop
  endfacet
  facet normal 0 0 1
    outer loop
      vertex -29 0.41051620561819485 12
      vertex -27 0 12
      vertex -26.991640162002902 0.31924933308195735 12
    endloop
  endfacet
  facet normal 0 0 1
    outer loop
      vertex -29 0.41051620561819485 12
      vertex -26.991640162002902 0.31924933308195735 12
      vertex -26.966583561746468 0.6376236259326862 12
    endloop
  endfacet
  facet normal 0 0 1
    outer loop
      vertex -24 -7.480310417944892 12
      vertex -24.738854385404007 -4.740590364887522 12
      vertex -24.981696698789037 -4.533183435412105 12
    endloop
  endfacet
  facet normal 0 0 1
    outer loop
      vertex -24 -7.480310417944892 12
      vertex -24.485490038984086 -4.935003665687179 12
      vertex -24.738854385404007 -4.740590364887522 12
    endloop
  endfacet
  facet normal 0 0 1
    outer loop
      vertex -24 -7.480310417944892 12
      vertex -24.222298113591666 -5.115890464467086 12
      vertex -24.485490038984086 -4.935003665687179 12
    endloop
  endfacet
  facet normal 0 0 1
    outer loop
      vertex -24 -7.480310417944892 12
      vertex -24.030524093621835 -5.233409735049362 12
      vertex -24.222298113591666 -5.115890464467086 12
    endloop
  endfacet
  facet normal 0 0 1
    outer loop
      vertex -24 -7.480310417944892 12
      vertex -24.981696698789037 -4.533183435412105 12
      vertex -25.21335136523794 -4.31335136523794 12
    endloop
  endfacet
  facet normal 0 0 1
    outer loop
      vertex -29 0.41051620561819485 12
      vertex -26.966583561746468 0.6376236259326862 12
      vertex -26.92489887763034 0.9542502367454082 12
    endloop
  endfacet
  facet normal 0 0 1
    outer loop
      vertex -29 0.41051620561819485 12
      vertex -26.92489887763034 0.9542502367454082 12
      vertex -26.866700364476216 1.2682613139883319 12
    endloop
  endfacet
  facet normal 0 0 1
    outer loop
      vertex -29 0.41051620561819485 12
      vertex -26.866700364476216 1.2682613139883319 12
      vertex -26.792147540363317 1.5787961751253765 12
    endloop
  endfacet
  facet normal 0 0 1
    outer loop
      vertex -29 0.41051620561819485 12
      vertex -26.792147540363317 1.5787961751253765 12
      vertex -26.701444749400437 1.885003665687179 12
    endloop
  endfacet
  facet normal 0 0 1
    outer loop
      vertex -29 0.41051620561819485 12
      vertex -26.701444749400437 1.885003665687179 12
      vertex -28.990000000000002 8.996966629549862 12
    endloop
  endfacet
  facet normal 0 0 1
    outer loop
      vertex -28.990000000000002 8.996966629549862 12
      vertex -26.701444749400437 1.885003665687179 12
      vertex -26.59484060163293 2.1860444922263316 12
    endloop
  endfacet
  facet normal 0 0 1
    outer loop
      vertex -28.990000000000002 8.996966629549862 12
      vertex -26.59484060163293 2.1860444922263316 12
      vertex -26.472627291619865 2.481093522762381 12
    endloop
  endfacet
  facet normal 0 0 1
    outer loop
      vertex -28.990000000000002 8.996966629549862 12
      vertex -26.472627291619865 2.481093522762381 12
      vertex -26.335139797549044 2.769342048411235 12
    endloop
  endfacet
  facet normal 0 0 1
    outer loop
      vertex -28.990000000000002 8.996966629549862 12
      vertex -26.335139797549044 2.769342048411235 12
      vertex -26.182754963085074 3.05 12
    endloop
  endfacet
  facet normal 0 0 1
    outer loop
      vertex -28.990000000000002 8.996966629549862 12
      vertex -26.182754963085074 3.05 12
      vertex -26.015890464467088 3.322298113591665 12
    endloop
  endfacet
  facet normal 0 0 1
    outer loop
      vertex -28.990000000000002 8.996966629549862 12
      vertex -26.015890464467088 3.322298113591665 12
      vertex -25.83500366568718 3.585490038984086 12
    endloop
  endfacet
  facet normal 0 0 1
    outer loop
      vertex -28.990000000000002 8.996966629549862 12
      vertex -25.83500366568718 3.585490038984086 12
      vertex -25.640590364887522 3.838854385404008 12
    endloop
  endfacet
  facet normal 0 0 1
    outer loop
      vertex -28.990000000000002 8.996966629549862 12
      vertex -25.640590364887522 3.838854385404008 12
      vertex -25.433183435412104 4.081696698789035 12
    endloop
  endfacet
  facet normal 0 0 1
    outer loop
      vertex -28.990000000000002 8.996966629549862 12
      vertex -25.433183435412104 4.081696698789035 12
      vertex -25.21335136523794 4.31335136523794 12
    endloop
  endfacet
  facet normal 0 0 1
    outer loop
      vertex -28.990000000000002 8.996966629549862 12
      vertex -25.21335136523794 4.31335136523794 12
      vertex -24.981696698789037 4.533183435412105 12
    endloop
  endfacet
  facet normal 0 0 1
    outer loop
      vertex -28.990000000000002 8.996966629549862 12
      vertex -24.981696698789037 4.533183435412105 12
      vertex -24.738854385404007 4.740590364887522 12
    endloop
  endfacet
  facet normal 0 0 1
    outer loop
      vertex -28.990000000000002 8.996966629549862 12
      vertex -24.738854385404007 4.740590364887522 12
      vertex -24.485490038984086 4.935003665687179 12
    endloop
  endfacet
  facet normal 0 0 1
    outer loop
      vertex -28.990000000000002 8.996966629549862 12
      vertex -24.485490038984086 4.935003665687179 12
      vertex -24.222298113591666 5.115890464467086 12
    endloop
  endfacet
  facet normal 0 0 1
    outer loop
      vertex -28.990000000000002 8.996966629549862 12
      vertex -24.222298113591666 5.115890464467086 12
      vertex -24.17154163839593 5.146994072470239 12
    endloop
  endfacet
  facet normal 0 0 1
    outer loop
      vertex -28.990000000000002 8.996966629549862 12
      vertex -24.17154163839593 5.146994072470239 12
      vertex -24.194566808913983 6.841893583713894 12
    endloop
  endfacet
  facet normal 0.2902762308866738 0.9569428978691605 0
    outer loop
      vertex -28.990000000000002 8.996966629549862 0
      vertex -24 7.483314774930477 12
      vertex -24 7.483314774930477 0
    endloop
  endfacet
  facet normal 1 0 0
    outer loop
      vertex -24 7.483314774930477 0
      vertex -24 7.480310417944892 12
      vertex -24 7.480310417944892 0
    endloop
  endfacet
  facet normal 0.2902762308866738 0.9569428978691605 0
    outer loop
      vertex -28.990000000000002 8.996966629549862 0
      vertex -28.990000000000002 8.996966629549862 12
      vertex -24 7.483314774930477 12
    endloop
  endfacet
  facet normal 1 0 0
    outer loop
      vertex -24 7.483314774930477 0
      vertex -24 7.483314774930477 12
      vertex -24 7.480310417944892 12
    endloop
  endfacet
  facet normal 0 0 1
    outer loop
      vertex -28.990000000000002 8.996966629549862 12
      vertex -24.194566808913983 6.841893583713894 12
      vertex -24.00104229305579 7.479878686025217 12
    endloop
  endfacet
  facet normal 0 0 1
    outer loop
      vertex -28.990000000000002 8.996966629549862 12
      vertex -24.00104229305579 7.479878686025217 12
      vertex -24 7.483314774930477 12
    endloop
  endfacet
  facet normal 0 0 1
    outer loop
      vertex -24 7.483314774930477 12
      vertex -24.00104229305579 7.479878686025217 12
      vertex -24 7.480310417944892 12
    endloop
  endfacet
  facet normal 0.6494480483301788 0.7604059656000351 0
    outer loop
      vertex -24.981696698789037 -4.533183435412105 0
      vertex -24.981696698789037 -4.533183435412105 12
      vertex -24.738854385404007 -4.740590364887522 0
    endloop
  endfacet
  facet normal 0.6883545756937547 0.725374371012287 0
    outer loop
      vertex -24.981696698789037 -4.533183435412105 0
      vertex -25.21335136523794 -4.31335136523794 0
      vertex -25.21335136523794 -4.31335136523794 12
    endloop
  endfacet
  facet normal 0.725374371012291 0.6883545756937505 0
    outer loop
      vertex -25.21335136523794 -4.31335136523794 0
      vertex -25.433183435412104 -4.081696698789035 0
      vertex -25.433183435412104 -4.081696698789035 12
    endloop
  endfacet
  facet normal 0.7604059656000302 0.6494480483301845 0
    outer loop
      vertex -25.433183435412104 -4.081696698789035 0
      vertex -25.640590364887522 -3.838854385404008 0
      vertex -25.640590364887522 -3.838854385404008 12
    endloop
  endfacet
  facet normal 0.7933533402912358 0.6087614290087199 0
    outer loop
      vertex -25.640590364887522 -3.838854385404008 0
      vertex -25.83500366568718 -3.585490038984086 0
      vertex -25.83500366568718 -3.585490038984086 12
    endloop
  endfacet
  facet normal 0.8241261886220133 0.5664062369248365 0
    outer loop
      vertex -25.83500366568718 -3.585490038984086 0
      vertex -26.015890464467088 -3.322298113591665 0
      vertex -26.015890464467088 -3.322298113591665 12
    endloop
  endfacet
  facet normal 0.8526401643540962 0.5224985647159426 0
    outer loop
      vertex -26.015890464467088 -3.322298113591665 0
      vertex -26.182754963085074 -3.05 0
      vertex -26.182754963085074 -3.05 12
    endloop
  endfacet
  facet normal 0.942641491092179 0.3338068592337695 0
    outer loop
      vertex -26.59484060163293 -2.1860444922263316 0
      vertex -26.701444749400437 -1.885003665687179 0
      vertex -26.701444749400437 -1.885003665687179 12
    endloop
  endfacet
  facet normal 0.9588197348681933 0.284015344703922 0
    outer loop
      vertex -26.701444749400437 -1.885003665687179 0
      vertex -26.792147540363317 -1.5787961751253765 0
      vertex -26.792147540363317 -1.5787961751253765 12
    endloop
  endfacet
  facet normal 0.9723699203976754 0.23344536385591014 0
    outer loop
      vertex -26.792147540363317 -1.5787961751253765 0
      vertex -26.866700364476216 -1.2682613139883319 0
      vertex -26.866700364476216 -1.2682613139883319 12
    endloop
  endfacet
  facet normal 0.8788171126619638 0.47715876025961135 0
    outer loop
      vertex -26.182754963085074 -3.05 0
      vertex -26.335139797549044 -2.769342048411235 0
      vertex -26.335139797549044 -2.769342048411235 12
    endloop
  endfacet
  facet normal 0.9025852843498603 0.43051109680829586 0
    outer loop
      vertex -26.335139797549044 -2.769342048411235 0
      vertex -26.472627291619865 -2.481093522762381 0
      vertex -26.472627291619865 -2.481093522762381 12
    endloop
  endfacet
  facet normal 0.9238795325112855 0.3826834323650928 0
    outer loop
      vertex -26.472627291619865 -2.481093522762381 0
      vertex -26.59484060163293 -2.1860444922263316 0
      vertex -26.59484060163293 -2.1860444922263316 12
    endloop
  endfacet
  facet normal 0.9832549075639553 0.1822355254921437 0
    outer loop
      vertex -26.866700364476216 -1.2682613139883319 0
      vertex -26.92489887763034 -0.9542502367454082 0
      vertex -26.92489887763034 -0.9542502367454082 12
    endloop
  endfacet
  facet normal 0.9914448613738104 0.13052619222005205 0
    outer loop
      vertex -26.92489887763034 -0.9542502367454082 0
      vertex -26.966583561746468 -0.6376236259326862 0
      vertex -26.966583561746468 -0.6376236259326862 12
    endloop
  endfacet
  facet normal 0.9969173337331279 0.07845909572784746 0
    outer loop
      vertex -26.966583561746468 -0.6376236259326862 0
      vertex -26.991640162002902 -0.31924933308195735 0
      vertex -26.991640162002902 -0.31924933308195735 12
    endloop
  endfacet
  facet normal 0.9996573249755574 0.02617694830786868 0
    outer loop
      vertex -26.991640162002902 -0.31924933308195735 0
      vertex -27 0 0
      vertex -27 0 12
    endloop
  endfacet
  facet normal 0.9996573249755574 -0.02617694830786868 0
    outer loop
      vertex -27 0 0
      vertex -26.991640162002902 0.31924933308195735 0
      vertex -26.991640162002902 0.31924933308195735 12
    endloop
  endfacet
  facet normal 0.3826834323650909 0.9238795325112863 0
    outer loop
      vertex -23.38109352276238 -5.572627291619865 12
      vertex -23.086044492226332 -5.69484060163293 0
      vertex -23.38109352276238 -5.572627291619865 0
    endloop
  endfacet
  facet normal 0.33380685923376824 0.9426414910921794 0
    outer loop
      vertex -23.086044492226332 -5.69484060163293 0
      vertex -23.086044492226332 -5.69484060163293 12
      vertex -22.785003665687178 -5.801444749400436 0
    endloop
  endfacet
  facet normal 0.5224985647159462 0.8526401643540937 0
    outer loop
      vertex -24.222298113591666 -5.115890464467086 0
      vertex -24.222298113591666 -5.115890464467086 12
      vertex -24 -5.252114923678079 0
    endloop
  endfacet
  facet normal 0.5224985647159457 0.8526401643540942 5.700678297670076e-17
    outer loop
      vertex -24 -5.252114923678079 0
      vertex -24.030524093621835 -5.233409735049362 12
      vertex -23.95 -5.282754963085075 0
    endloop
  endfacet
  facet normal 0.5664062369248346 0.8241261886220144 0
    outer loop
      vertex -24.485490038984086 -4.935003665687179 0
      vertex -24.485490038984086 -4.935003665687179 12
      vertex -24.222298113591666 -5.115890464467086 0
    endloop
  endfacet
  facet normal 0.6087614290087222 0.7933533402912338 0
    outer loop
      vertex -24.738854385404007 -4.740590364887522 0
      vertex -24.738854385404007 -4.740590364887522 12
      vertex -24.485490038984086 -4.935003665687179 0
    endloop
  endfacet
  facet normal 0.4771587602596092 0.8788171126619649 0
    outer loop
      vertex -23.95 -5.282754963085075 0
      vertex -23.95 -5.282754963085075 12
      vertex -23.669342048411234 -5.435139797549044 0
    endloop
  endfacet
  facet normal 0.43051109680829414 0.9025852843498611 0
    outer loop
      vertex -23.669342048411234 -5.435139797549044 0
      vertex -23.669342048411234 -5.435139797549044 12
      vertex -23.38109352276238 -5.572627291619865 0
    endloop
  endfacet
  facet normal 0.18223552549214894 0.9832549075639543 0
    outer loop
      vertex -22.16826131398833 -5.966700364476214 0
      vertex -22.16826131398833 -5.966700364476214 12
      vertex -21.854250236745408 -6.02489887763034 0
    endloop
  endfacet
  facet normal 0.2840153447039238 0.9588197348681927 0
    outer loop
      vertex -22.785003665687178 -5.801444749400436 0
      vertex -22.785003665687178 -5.801444749400436 12
      vertex -22.478796175125375 -5.892147540363316 0
    endloop
  endfacet
  facet normal 0.233445363855906 0.9723699203976764 0
    outer loop
      vertex -22.478796175125375 -5.892147540363316 12
      vertex -22.16826131398833 -5.966700364476214 0
      vertex -22.478796175125375 -5.892147540363316 0
    endloop
  endfacet
  facet normal 0.13052619222005055 0.9914448613738105 0
    outer loop
      vertex -21.854250236745408 -6.02489887763034 0
      vertex -21.854250236745408 -6.02489887763034 12
      vertex -21.53762362593269 -6.066583561746467 0
    endloop
  endfacet
  facet normal 0.07845909572784422 0.996917333733128 0
    outer loop
      vertex -21.53762362593269 -6.066583561746467 0
      vertex -21.53762362593269 -6.066583561746467 12
      vertex -21.219249333081958 -6.0916401620029 0
    endloop
  endfacet
  facet normal 0.02617694830787407 0.9996573249755573 0
    outer loop
      vertex -21.219249333081958 -6.0916401620029 0
      vertex -21.219249333081958 -6.0916401620029 12
      vertex -20.9 -6.1 0
    endloop
  endfacet
  facet normal -0.02617694830787436 0.9996573249755573 0
    outer loop
      vertex -20.9 -6.1 12
      vertex -20.580750666918043 -6.0916401620029 0
      vertex -20.9 -6.1 0
    endloop
  endfacet
  facet normal -0.0784590957278451 0.996917333733128 0
    outer loop
      vertex -20.580750666918043 -6.0916401620029 0
      vertex -20.580750666918043 -6.0916401620029 12
      vertex -20.262376374067316 -6.066583561746467 0
    endloop
  endfacet
  facet normal -0.13052619222004913 0.9914448613738107 0
    outer loop
      vertex -20.262376374067316 -6.066583561746467 0
      vertex -20.262376374067316 -6.066583561746467 12
      vertex -19.945749763254593 -6.02489887763034 0
    endloop
  endfacet
  facet normal -0.18223552549214894 0.9832549075639543 0
    outer loop
      vertex -19.945749763254593 -6.02489887763034 0
      vertex -19.945749763254593 -6.02489887763034 12
      vertex -19.63173868601167 -5.966700364476214 0
    endloop
  endfacet
  facet normal -0.23344536385590348 0.9723699203976771 0
    outer loop
      vertex -19.63173868601167 -5.966700364476214 12
      vertex -19.321203824874623 -5.892147540363316 0
      vertex -19.63173868601167 -5.966700364476214 0
    endloop
  endfacet
  facet normal -0.2840153447039238 0.9588197348681927 0
    outer loop
      vertex -19.321203824874623 -5.892147540363316 0
      vertex -19.321203824874623 -5.892147540363316 12
      vertex -19.01499633431282 -5.801444749400436 0
    endloop
  endfacet
  facet normal -0.3338068592337717 0.9426414910921781 0
    outer loop
      vertex -19.01499633431282 -5.801444749400436 0
      vertex -19.01499633431282 -5.801444749400436 12
      vertex -18.71395550777367 -5.69484060163293 0
    endloop
  endfacet
  facet normal -0.3826834323650909 0.9238795325112863 0
    outer loop
      vertex -18.71395550777367 -5.69484060163293 0
      vertex -18.71395550777367 -5.69484060163293 12
      vertex -18.41890647723762 -5.572627291619865 0
    endloop
  endfacet
  facet normal -0.43051109680829414 0.9025852843498611 0
    outer loop
      vertex -18.41890647723762 -5.572627291619865 0
      vertex -18.41890647723762 -5.572627291619865 12
      vertex -18.130657951588766 -5.435139797549044 0
    endloop
  endfacet
  facet normal -0.4771587602596092 0.8788171126619649 0
    outer loop
      vertex -18.130657951588766 -5.435139797549044 0
      vertex -18.130657951588766 -5.435139797549044 12
      vertex -17.85 -5.282754963085075 0
    endloop
  endfacet
  facet normal -0.5224985647159462 0.8526401643540938 0
    outer loop
      vertex -17.85 -5.282754963085075 0
      vertex -17.85 -5.282754963085075 12
      vertex -17.577701886408335 -5.115890464467086 0
    endloop
  endfacet
  facet normal 0.9969173337331279 -0.07845909572784746 0
    outer loop
      vertex -26.991640162002902 0.31924933308195735 0
      vertex -26.966583561746468 0.6376236259326862 0
      vertex -26.966583561746468 0.6376236259326862 12
    endloop
  endfacet
  facet normal 0.9914448613738104 -0.13052619222005205 0
    outer loop
      vertex -26.966583561746468 0.6376236259326862 0
      vertex -26.92489887763034 0.9542502367454082 0
      vertex -26.92489887763034 0.9542502367454082 12
    endloop
  endfacet
  facet normal 0.9832549075639553 -0.1822355254921437 0
    outer loop
      vertex -26.92489887763034 0.9542502367454082 0
      vertex -26.866700364476216 1.2682613139883319 0
      vertex -26.866700364476216 1.2682613139883319 12
    endloop
  endfacet
  facet normal 0.9723699203976754 -0.23344536385591014 0
    outer loop
      vertex -26.866700364476216 1.2682613139883319 0
      vertex -26.792147540363317 1.5787961751253765 0
      vertex -26.792147540363317 1.5787961751253765 12
    endloop
  endfacet
  facet normal 0.9588197348681933 -0.284015344703922 0
    outer loop
      vertex -26.792147540363317 1.5787961751253765 0
      vertex -26.701444749400437 1.885003665687179 0
      vertex -26.701444749400437 1.885003665687179 12
    endloop
  endfacet
  facet normal 0.942641491092179 -0.3338068592337695 0
    outer loop
      vertex -26.701444749400437 1.885003665687179 0
      vertex -26.59484060163293 2.1860444922263316 0
      vertex -26.59484060163293 2.1860444922263316 12
    endloop
  endfacet
  facet normal 0.9238795325112855 -0.3826834323650928 0
    outer loop
      vertex -26.59484060163293 2.1860444922263316 0
      vertex -26.472627291619865 2.481093522762381 0
      vertex -26.472627291619865 2.481093522762381 12
    endloop
  endfacet
  facet normal 0.9025852843498603 -0.43051109680829586 0
    outer loop
      vertex -26.472627291619865 2.481093522762381 0
      vertex -26.335139797549044 2.769342048411235 0
      vertex -26.335139797549044 2.769342048411235 12
    endloop
  endfacet
  facet normal 0.8788171126619638 -0.47715876025961135 0
    outer loop
      vertex -26.335139797549044 2.769342048411235 0
      vertex -26.182754963085074 3.05 0
      vertex -26.182754963085074 3.05 12
    endloop
  endfacet
  facet normal 0.8526401643540962 -0.5224985647159426 0
    outer loop
      vertex -26.182754963085074 3.05 0
      vertex -26.015890464467088 3.322298113591665 0
      vertex -26.015890464467088 3.322298113591665 12
    endloop
  endfacet
  facet normal 0.8241261886220133 -0.5664062369248365 0
    outer loop
      vertex -26.015890464467088 3.322298113591665 0
      vertex -25.83500366568718 3.585490038984086 0
      vertex -25.83500366568718 3.585490038984086 12
    endloop
  endfacet
  facet normal 0.7933533402912358 -0.6087614290087199 0
    outer loop
      vertex -25.83500366568718 3.585490038984086 0
      vertex -25.640590364887522 3.838854385404008 0
      vertex -25.640590364887522 3.838854385404008 12
    endloop
  endfacet
  facet normal 0.7604059656000302 -0.6494480483301845 0
    outer loop
      vertex -25.640590364887522 3.838854385404008 0
      vertex -25.433183435412104 4.081696698789035 0
      vertex -25.433183435412104 4.081696698789035 12
    endloop
  endfacet
  facet normal 0.725374371012291 -0.6883545756937505 0
    outer loop
      vertex -25.433183435412104 4.081696698789035 0
      vertex -25.21335136523794 4.31335136523794 0
      vertex -25.21335136523794 4.31335136523794 12
    endloop
  endfacet
  facet normal 0.6883545756937547 -0.725374371012287 0
    outer loop
      vertex -24.981696698789037 4.533183435412105 0
      vertex -24.981696698789037 4.533183435412105 12
      vertex -25.21335136523794 4.31335136523794 0
    endloop
  endfacet
  facet normal 0.6494480483301788 -0.7604059656000351 0
    outer loop
      vertex -24.738854385404007 4.740590364887522 0
      vertex -24.738854385404007 4.740590364887522 12
      vertex -24.981696698789037 4.533183435412105 0
    endloop
  endfacet
  facet normal 0.6087614290087222 -0.7933533402912338 0
    outer loop
      vertex -24.485490038984086 4.935003665687179 0
      vertex -24.485490038984086 4.935003665687179 12
      vertex -24.738854385404007 4.740590364887522 0
    endloop
  endfacet
  facet normal 0.5664062369248346 -0.8241261886220144 0
    outer loop
      vertex -24.222298113591666 5.115890464467086 0
      vertex -24.222298113591666 5.115890464467086 12
      vertex -24.485490038984086 4.935003665687179 0
    endloop
  endfacet
  facet normal 0.5224985647159462 -0.8526401643540937 2.772356165046535e-17
    outer loop
      vertex -24 5.252114923678079 0
      vertex -24.17154163839593 5.146994072470239 12
      vertex -24.222298113591666 5.115890464467086 0
    endloop
  endfacet
  facet normal 0.5224985647159457 -0.8526401643540942 0
    outer loop
      vertex -23.95 5.282754963085075 0
      vertex -23.95 5.282754963085075 12
      vertex -24 5.252114923678079 0
    endloop
  endfacet
  facet normal 0.4771587602596092 -0.8788171126619649 0
    outer loop
      vertex -23.669342048411234 5.435139797549044 0
      vertex -23.669342048411234 5.435139797549044 12
      vertex -23.95 5.282754963085075 0
    endloop
  endfacet
  facet normal 0.43051109680829414 -0.9025852843498611 0
    outer loop
      vertex -23.38109352276238 5.572627291619865 12
      vertex -23.669342048411234 5.435139797549044 0
      vertex -23.38109352276238 5.572627291619865 0
    endloop
  endfacet
  facet normal 0.3826834323650909 -0.9238795325112863 0
    outer loop
      vertex -23.086044492226332 5.69484060163293 0
      vertex -23.086044492226332 5.69484060163293 12
      vertex -23.38109352276238 5.572627291619865 0
    endloop
  endfacet
  facet normal 0.33380685923376824 -0.9426414910921794 0
    outer loop
      vertex -22.785003665687178 5.801444749400436 0
      vertex -22.785003665687178 5.801444749400436 12
      vertex -23.086044492226332 5.69484060163293 0
    endloop
  endfacet
  facet normal 0.2840153447039238 -0.9588197348681927 0
    outer loop
      vertex -22.478796175125375 5.892147540363316 0
      vertex -22.478796175125375 5.892147540363316 12
      vertex -22.785003665687178 5.801444749400436 0
    endloop
  endfacet
  facet normal 0.233445363855906 -0.9723699203976764 0
    outer loop
      vertex -22.16826131398833 5.966700364476214 0
      vertex -22.16826131398833 5.966700364476214 12
      vertex -22.478796175125375 5.892147540363316 0
    endloop
  endfacet
  facet normal 0.18223552549214894 -0.9832549075639543 0
    outer loop
      vertex -21.854250236745408 6.02489887763034 0
      vertex -21.854250236745408 6.02489887763034 12
      vertex -22.16826131398833 5.966700364476214 0
    endloop
  endfacet
  facet normal 0.13052619222005055 -0.9914448613738105 0
    outer loop
      vertex -21.53762362593269 6.066583561746467 0
      vertex -21.53762362593269 6.066583561746467 12
      vertex -21.854250236745408 6.02489887763034 0
    endloop
  endfacet
  facet normal 0.07845909572784422 -0.996917333733128 0
    outer loop
      vertex -21.219249333081958 6.0916401620029 0
      vertex -21.219249333081958 6.0916401620029 12
      vertex -21.53762362593269 6.066583561746467 0
    endloop
  endfacet
  facet normal -0.3826834323650909 -0.9238795325112863 0
    outer loop
      vertex -18.41890647723762 5.572627291619865 0
      vertex -18.41890647723762 5.572627291619865 12
      vertex -18.71395550777367 5.69484060163293 0
    endloop
  endfacet
  facet normal -0.5224985647159462 -0.8526401643540938 0
    outer loop
      vertex -17.577701886408335 5.115890464467086 12
      vertex -17.85 5.282754963085075 0
      vertex -17.577701886408335 5.115890464467086 0
    endloop
  endfacet
  facet normal -0.43051109680829414 -0.9025852843498611 0
    outer loop
      vertex -18.130657951588766 5.435139797549044 0
      vertex -18.130657951588766 5.435139797549044 12
      vertex -18.41890647723762 5.572627291619865 0
    endloop
  endfacet
  facet normal -0.4771587602596092 -0.8788171126619649 0
    outer loop
      vertex -17.85 5.282754963085075 0
      vertex -17.85 5.282754963085075 12
      vertex -18.130657951588766 5.435139797549044 0
    endloop
  endfacet
  facet normal 0.02617694830787407 -0.9996573249755573 0
    outer loop
      vertex -20.9 6.1 12
      vertex -21.219249333081958 6.0916401620029 0
      vertex -20.9 6.1 0
    endloop
  endfacet
  facet normal -0.02617694830787436 -0.9996573249755573 0
    outer loop
      vertex -20.580750666918043 6.0916401620029 0
      vertex -20.580750666918043 6.0916401620029 12
      vertex -20.9 6.1 0
    endloop
  endfacet
  facet normal -0.0784590957278451 -0.996917333733128 0
    outer loop
      vertex -20.262376374067316 6.066583561746467 0
      vertex -20.262376374067316 6.066583561746467 12
      vertex -20.580750666918043 6.0916401620029 0
    endloop
  endfacet
  facet normal -0.13052619222004913 -0.9914448613738107 0
    outer loop
      vertex -19.945749763254593 6.02489887763034 0
      vertex -19.945749763254593 6.02489887763034 12
      vertex -20.262376374067316 6.066583561746467 0
    endloop
  endfacet
  facet normal -0.18223552549214894 -0.9832549075639543 0
    outer loop
      vertex -19.63173868601167 5.966700364476214 12
      vertex -19.945749763254593 6.02489887763034 0
      vertex -19.63173868601167 5.966700364476214 0
    endloop
  endfacet
  facet normal -0.23344536385590348 -0.9723699203976771 0
    outer loop
      vertex -19.321203824874623 5.892147540363316 0
      vertex -19.321203824874623 5.892147540363316 12
      vertex -19.63173868601167 5.966700364476214 0
    endloop
  endfacet
  facet normal -0.2840153447039238 -0.9588197348681927 0
    outer loop
      vertex -19.01499633431282 5.801444749400436 0
      vertex -19.01499633431282 5.801444749400436 12
      vertex -19.321203824874623 5.892147540363316 0
    endloop
  endfacet
  facet normal -0.3338068592337717 -0.9426414910921781 0
    outer loop
      vertex -18.71395550777367 5.69484060163293 0
      vertex -18.71395550777367 5.69484060163293 12
      vertex -19.01499633431282 5.801444749400436 0
    endloop
  endfacet
  facet normal -0.5664062369248346 0.8241261886220144 0
    outer loop
      vertex -17.577701886408335 -5.115890464467086 12
      vertex -17.314509961015915 -4.935003665687179 0
      vertex -17.577701886408335 -5.115890464467086 0
    endloop
  endfacet
  facet normal -0.6087614290087222 0.7933533402912338 0
    outer loop
      vertex -17.314509961015915 -4.935003665687179 0
      vertex -17.314509961015915 -4.935003665687179 12
      vertex -17.061145614595993 -4.740590364887522 0
    endloop
  endfacet
  facet normal -0.6494480483301843 0.7604059656000304 0
    outer loop
      vertex -17.061145614595993 -4.740590364887522 0
      vertex -17.061145614595993 -4.740590364887522 12
      vertex -16.818303301210968 -4.533183435412105 0
    endloop
  endfacet
  facet normal -0.6883545756937491 0.7253743710122922 0
    outer loop
      vertex -16.818303301210968 -4.533183435412105 12
      vertex -16.58664863476206 -4.31335136523794 0
      vertex -16.818303301210968 -4.533183435412105 0
    endloop
  endfacet
  facet normal -0.725374371012291 0.6883545756937505 0
    outer loop
      vertex -16.366816564587896 -4.081696698789035 0
      vertex -16.58664863476206 -4.31335136523794 0
      vertex -16.58664863476206 -4.31335136523794 12
    endloop
  endfacet
  facet normal -0.7604059656000302 0.6494480483301845 0
    outer loop
      vertex -16.15940963511248 -3.838854385404008 0
      vertex -16.366816564587896 -4.081696698789035 0
      vertex -16.366816564587896 -4.081696698789035 12
    endloop
  endfacet
  facet normal -0.7933533402912358 0.6087614290087199 0
    outer loop
      vertex -15.964996334312822 -3.585490038984086 0
      vertex -16.15940963511248 -3.838854385404008 0
      vertex -16.15940963511248 -3.838854385404008 12
    endloop
  endfacet
  facet normal -0.8241261886220133 0.5664062369248365 0
    outer loop
      vertex -15.784109535532913 -3.322298113591665 0
      vertex -15.964996334312822 -3.585490038984086 0
      vertex -15.964996334312822 -3.585490038984086 12
    endloop
  endfacet
  facet normal -0.8526401643540911 0.5224985647159507 0
    outer loop
      vertex -15.617245036914923 -3.05 0
      vertex -15.784109535532913 -3.322298113591665 0
      vertex -15.784109535532913 -3.322298113591665 12
    endloop
  endfacet
  facet normal -0.8788171126619693 0.4771587602596012 0
    outer loop
      vertex -15.490264122918148 -2.816130249518817 0
      vertex -15.617245036914923 -3.05 0
      vertex -15.617245036914923 -3.05 12
    endloop
  endfacet
  facet normal -0.8241261886220133 -0.5664062369248365 0
    outer loop
      vertex -15.964996334312822 3.585490038984086 0
      vertex -15.784109535532913 3.322298113591665 0
      vertex -15.784109535532913 3.322298113591665 12
    endloop
  endfacet
  facet normal -0.7604059656000302 -0.6494480483301845 0
    outer loop
      vertex -16.366816564587896 4.081696698789035 0
      vertex -16.15940963511248 3.838854385404008 0
      vertex -16.15940963511248 3.838854385404008 12
    endloop
  endfacet
  facet normal -0.7933533402912358 -0.6087614290087199 0
    outer loop
      vertex -16.15940963511248 3.838854385404008 0
      vertex -15.964996334312822 3.585490038984086 0
      vertex -15.964996334312822 3.585490038984086 12
    endloop
  endfacet
  facet normal -0.8788171126619693 -0.4771587602596012 0
    outer loop
      vertex -15.617245036914923 3.05 0
      vertex -15.490264122918148 2.816130249518817 0
      vertex -15.490264122918148 2.816130249518817 12
    endloop
  endfacet
  facet normal -0.8526401643540911 -0.5224985647159507 0
    outer loop
      vertex -15.784109535532913 3.322298113591665 0
      vertex -15.617245036914923 3.05 0
      vertex -15.617245036914923 3.05 12
    endloop
  endfacet
  facet normal -0.6087614290087222 -0.7933533402912338 0
    outer loop
      vertex -17.061145614595993 4.740590364887522 0
      vertex -17.061145614595993 4.740590364887522 12
      vertex -17.314509961015915 4.935003665687179 0
    endloop
  endfacet
  facet normal -0.6883545756937491 -0.7253743710122922 0
    outer loop
      vertex -16.818303301210968 4.533183435412105 0
      vertex -16.58664863476206 4.31335136523794 0
      vertex -16.58664863476206 4.31335136523794 12
    endloop
  endfacet
  facet normal -0.6494480483301843 -0.7604059656000304 0
    outer loop
      vertex -16.818303301210968 4.533183435412105 12
      vertex -17.061145614595993 4.740590364887522 0
      vertex -16.818303301210968 4.533183435412105 0
    endloop
  endfacet
  facet normal -0.725374371012291 -0.6883545756937505 0
    outer loop
      vertex -16.58664863476206 4.31335136523794 0
      vertex -16.366816564587896 4.081696698789035 0
      vertex -16.366816564587896 4.081696698789035 12
    endloop
  endfacet
  facet normal -0.5664062369248346 -0.8241261886220144 0
    outer loop
      vertex -17.314509961015915 4.935003665687179 0
      vertex -17.314509961015915 4.935003665687179 12
      vertex -17.577701886408335 5.115890464467086 0
    endloop
  endfacet
  facet normal 0.6883545756937547 0.725374371012287 0
    outer loop
      vertex -24.981696698789037 -4.533183435412105 0
      vertex -25.21335136523794 -4.31335136523794 12
      vertex -24.981696698789037 -4.533183435412105 12
    endloop
  endfacet
  facet normal 0.6494480483301788 0.7604059656000351 0
    outer loop
      vertex -24.738854385404007 -4.740590364887522 0
      vertex -24.981696698789037 -4.533183435412105 12
      vertex -24.738854385404007 -4.740590364887522 12
    endloop
  endfacet
  facet normal 0.725374371012291 0.6883545756937505 0
    outer loop
      vertex -25.21335136523794 -4.31335136523794 0
      vertex -25.433183435412104 -4.081696698789035 12
      vertex -25.21335136523794 -4.31335136523794 12
    endloop
  endfacet
  facet normal 0.7604059656000302 0.6494480483301845 0
    outer loop
      vertex -25.433183435412104 -4.081696698789035 0
      vertex -25.640590364887522 -3.838854385404008 12
      vertex -25.433183435412104 -4.081696698789035 12
    endloop
  endfacet
  facet normal 0.7933533402912358 0.6087614290087199 0
    outer loop
      vertex -25.640590364887522 -3.838854385404008 0
      vertex -25.83500366568718 -3.585490038984086 12
      vertex -25.640590364887522 -3.838854385404008 12
    endloop
  endfacet
  facet normal 0.8241261886220133 0.5664062369248365 0
    outer loop
      vertex -25.83500366568718 -3.585490038984086 0
      vertex -26.015890464467088 -3.322298113591665 12
      vertex -25.83500366568718 -3.585490038984086 12
    endloop
  endfacet
  facet normal 0.8788171126619638 0.47715876025961135 0
    outer loop
      vertex -26.182754963085074 -3.05 0
      vertex -26.335139797549044 -2.769342048411235 12
      vertex -26.182754963085074 -3.05 12
    endloop
  endfacet
  facet normal 0.8526401643540962 0.5224985647159426 0
    outer loop
      vertex -26.015890464467088 -3.322298113591665 0
      vertex -26.182754963085074 -3.05 12
      vertex -26.015890464467088 -3.322298113591665 12
    endloop
  endfacet
  facet normal 0.942641491092179 0.3338068592337695 0
    outer loop
      vertex -26.59484060163293 -2.1860444922263316 0
      vertex -26.701444749400437 -1.885003665687179 12
      vertex -26.59484060163293 -2.1860444922263316 12
    endloop
  endfacet
  facet normal 0.9588197348681933 0.284015344703922 0
    outer loop
      vertex -26.701444749400437 -1.885003665687179 0
      vertex -26.792147540363317 -1.5787961751253765 12
      vertex -26.701444749400437 -1.885003665687179 12
    endloop
  endfacet
  facet normal 0.9723699203976754 0.23344536385591014 0
    outer loop
      vertex -26.792147540363317 -1.5787961751253765 0
      vertex -26.866700364476216 -1.2682613139883319 12
      vertex -26.792147540363317 -1.5787961751253765 12
    endloop
  endfacet
  facet normal 0.9025852843498603 0.43051109680829586 0
    outer loop
      vertex -26.335139797549044 -2.769342048411235 0
      vertex -26.472627291619865 -2.481093522762381 12
      vertex -26.335139797549044 -2.769342048411235 12
    endloop
  endfacet
  facet normal 0.9238795325112855 0.3826834323650928 0
    outer loop
      vertex -26.472627291619865 -2.481093522762381 0
      vertex -26.59484060163293 -2.1860444922263316 12
      vertex -26.472627291619865 -2.481093522762381 12
    endloop
  endfacet
  facet normal 0.9832549075639553 0.1822355254921437 0
    outer loop
      vertex -26.866700364476216 -1.2682613139883319 0
      vertex -26.92489887763034 -0.9542502367454082 12
      vertex -26.866700364476216 -1.2682613139883319 12
    endloop
  endfacet
  facet normal 0.9914448613738104 0.13052619222005205 0
    outer loop
      vertex -26.92489887763034 -0.9542502367454082 0
      vertex -26.966583561746468 -0.6376236259326862 12
      vertex -26.92489887763034 -0.9542502367454082 12
    endloop
  endfacet
  facet normal 0.9969173337331279 0.07845909572784746 0
    outer loop
      vertex -26.966583561746468 -0.6376236259326862 0
      vertex -26.991640162002902 -0.31924933308195735 12
      vertex -26.966583561746468 -0.6376236259326862 12
    endloop
  endfacet
  facet normal 0.9996573249755574 0.02617694830786868 0
    outer loop
      vertex -26.991640162002902 -0.31924933308195735 0
      vertex -27 0 12
      vertex -26.991640162002902 -0.31924933308195735 12
    endloop
  endfacet
  facet normal 0.9996573249755574 -0.02617694830786868 0
    outer loop
      vertex -27 0 0
      vertex -26.991640162002902 0.31924933308195735 12
      vertex -27 0 12
    endloop
  endfacet
  facet normal 0.9969173337331279 -0.07845909572784746 0
    outer loop
      vertex -26.991640162002902 0.31924933308195735 0
      vertex -26.966583561746468 0.6376236259326862 12
      vertex -26.991640162002902 0.31924933308195735 12
    endloop
  endfacet
  facet normal 0.3826834323650909 0.9238795325112863 0
    outer loop
      vertex -23.086044492226332 -5.69484060163293 0
      vertex -23.38109352276238 -5.572627291619865 12
      vertex -23.086044492226332 -5.69484060163293 12
    endloop
  endfacet
  facet normal 0.5224985647159395 0.852640164354098 0
    outer loop
      vertex -23.95 -5.282754963085075 0
      vertex -24.030524093621835 -5.233409735049362 12
      vertex -23.95 -5.282754963085075 12
    endloop
  endfacet
  facet normal 0.5224985647159489 0.8526401643540921 6.86108671166111e-17
    outer loop
      vertex -24.030524093621835 -5.233409735049362 12
      vertex -24 -5.252114923678079 0
      vertex -24.222298113591666 -5.115890464467086 12
    endloop
  endfacet
  facet normal 0.6087614290087222 0.7933533402912338 0
    outer loop
      vertex -24.485490038984086 -4.935003665687179 0
      vertex -24.738854385404007 -4.740590364887522 12
      vertex -24.485490038984086 -4.935003665687179 12
    endloop
  endfacet
  facet normal 0.5664062369248346 0.8241261886220144 0
    outer loop
      vertex -24.222298113591666 -5.115890464467086 0
      vertex -24.485490038984086 -4.935003665687179 12
      vertex -24.222298113591666 -5.115890464467086 12
    endloop
  endfacet
  facet normal 0.4771587602596092 0.8788171126619649 0
    outer loop
      vertex -23.669342048411234 -5.435139797549044 0
      vertex -23.95 -5.282754963085075 12
      vertex -23.669342048411234 -5.435139797549044 12
    endloop
  endfacet
  facet normal 0.43051109680829414 0.9025852843498611 0
    outer loop
      vertex -23.38109352276238 -5.572627291619865 12
      vertex -23.38109352276238 -5.572627291619865 0
      vertex -23.669342048411234 -5.435139797549044 12
    endloop
  endfacet
  facet normal 0.33380685923376824 0.9426414910921794 0
    outer loop
      vertex -22.785003665687178 -5.801444749400436 0
      vertex -23.086044492226332 -5.69484060163293 12
      vertex -22.785003665687178 -5.801444749400436 12
    endloop
  endfacet
  facet normal 0.2840153447039238 0.9588197348681927 0
    outer loop
      vertex -22.478796175125375 -5.892147540363316 12
      vertex -22.478796175125375 -5.892147540363316 0
      vertex -22.785003665687178 -5.801444749400436 12
    endloop
  endfacet
  facet normal 0.233445363855906 0.9723699203976764 0
    outer loop
      vertex -22.16826131398833 -5.966700364476214 0
      vertex -22.478796175125375 -5.892147540363316 12
      vertex -22.16826131398833 -5.966700364476214 12
    endloop
  endfacet
  facet normal 0.18223552549214894 0.9832549075639543 0
    outer loop
      vertex -21.854250236745408 -6.02489887763034 0
      vertex -22.16826131398833 -5.966700364476214 12
      vertex -21.854250236745408 -6.02489887763034 12
    endloop
  endfacet
  facet normal 0.13052619222005055 0.9914448613738105 0
    outer loop
      vertex -21.53762362593269 -6.066583561746467 0
      vertex -21.854250236745408 -6.02489887763034 12
      vertex -21.53762362593269 -6.066583561746467 12
    endloop
  endfacet
  facet normal 0.07845909572784422 0.996917333733128 0
    outer loop
      vertex -21.219249333081958 -6.0916401620029 0
      vertex -21.53762362593269 -6.066583561746467 12
      vertex -21.219249333081958 -6.0916401620029 12
    endloop
  endfacet
  facet normal 0.02617694830787407 0.9996573249755573 0
    outer loop
      vertex -20.9 -6.1 0
      vertex -21.219249333081958 -6.0916401620029 12
      vertex -20.9 -6.1 12
    endloop
  endfacet
  facet normal -0.02617694830787436 0.9996573249755573 0
    outer loop
      vertex -20.580750666918043 -6.0916401620029 0
      vertex -20.9 -6.1 12
      vertex -20.580750666918043 -6.0916401620029 12
    endloop
  endfacet
  facet normal -0.0784590957278451 0.996917333733128 0
    outer loop
      vertex -20.262376374067316 -6.066583561746467 0
      vertex -20.580750666918043 -6.0916401620029 12
      vertex -20.262376374067316 -6.066583561746467 12
    endloop
  endfacet
  facet normal -0.13052619222004913 0.9914448613738107 0
    outer loop
      vertex -19.945749763254593 -6.02489887763034 0
      vertex -20.262376374067316 -6.066583561746467 12
      vertex -19.945749763254593 -6.02489887763034 12
    endloop
  endfacet
  facet normal -0.18223552549214894 0.9832549075639543 0
    outer loop
      vertex -19.63173868601167 -5.966700364476214 12
      vertex -19.63173868601167 -5.966700364476214 0
      vertex -19.945749763254593 -6.02489887763034 12
    endloop
  endfacet
  facet normal -0.23344536385590348 0.9723699203976771 0
    outer loop
      vertex -19.321203824874623 -5.892147540363316 0
      vertex -19.63173868601167 -5.966700364476214 12
      vertex -19.321203824874623 -5.892147540363316 12
    endloop
  endfacet
  facet normal -0.2840153447039238 0.9588197348681927 0
    outer loop
      vertex -19.01499633431282 -5.801444749400436 0
      vertex -19.321203824874623 -5.892147540363316 12
      vertex -19.01499633431282 -5.801444749400436 12
    endloop
  endfacet
  facet normal -0.3338068592337717 0.9426414910921781 0
    outer loop
      vertex -18.71395550777367 -5.69484060163293 0
      vertex -19.01499633431282 -5.801444749400436 12
      vertex -18.71395550777367 -5.69484060163293 12
    endloop
  endfacet
  facet normal -0.3826834323650909 0.9238795325112863 0
    outer loop
      vertex -18.41890647723762 -5.572627291619865 0
      vertex -18.71395550777367 -5.69484060163293 12
      vertex -18.41890647723762 -5.572627291619865 12
    endloop
  endfacet
  facet normal -0.43051109680829414 0.9025852843498611 0
    outer loop
      vertex -18.130657951588766 -5.435139797549044 0
      vertex -18.41890647723762 -5.572627291619865 12
      vertex -18.130657951588766 -5.435139797549044 12
    endloop
  endfacet
  facet normal -0.4771587602596092 0.8788171126619649 0
    outer loop
      vertex -17.85 -5.282754963085075 0
      vertex -18.130657951588766 -5.435139797549044 12
      vertex -17.85 -5.282754963085075 12
    endloop
  endfacet
  facet normal -0.5224985647159462 0.8526401643540938 0
    outer loop
      vertex -17.577701886408335 -5.115890464467086 12
      vertex -17.577701886408335 -5.115890464467086 0
      vertex -17.85 -5.282754963085075 12
    endloop
  endfacet
  facet normal 0.9914448613738104 -0.13052619222005205 0
    outer loop
      vertex -26.966583561746468 0.6376236259326862 0
      vertex -26.92489887763034 0.9542502367454082 12
      vertex -26.966583561746468 0.6376236259326862 12
    endloop
  endfacet
  facet normal 0.9832549075639553 -0.1822355254921437 0
    outer loop
      vertex -26.92489887763034 0.9542502367454082 0
      vertex -26.866700364476216 1.2682613139883319 12
      vertex -26.92489887763034 0.9542502367454082 12
    endloop
  endfacet
  facet normal 0.9723699203976754 -0.23344536385591014 0
    outer loop
      vertex -26.866700364476216 1.2682613139883319 0
      vertex -26.792147540363317 1.5787961751253765 12
      vertex -26.866700364476216 1.2682613139883319 12
    endloop
  endfacet
  facet normal 0.9588197348681933 -0.284015344703922 0
    outer loop
      vertex -26.701444749400437 1.885003665687179 12
      vertex -26.792147540363317 1.5787961751253765 12
      vertex -26.792147540363317 1.5787961751253765 0
    endloop
  endfacet
  facet normal 0.942641491092179 -0.3338068592337695 0
    outer loop
      vertex -26.701444749400437 1.885003665687179 0
      vertex -26.59484060163293 2.1860444922263316 12
      vertex -26.701444749400437 1.885003665687179 12
    endloop
  endfacet
  facet normal 0.9238795325112855 -0.3826834323650928 0
    outer loop
      vertex -26.59484060163293 2.1860444922263316 0
      vertex -26.472627291619865 2.481093522762381 12
      vertex -26.59484060163293 2.1860444922263316 12
    endloop
  endfacet
  facet normal 0.9025852843498603 -0.43051109680829586 0
    outer loop
      vertex -26.472627291619865 2.481093522762381 0
      vertex -26.335139797549044 2.769342048411235 12
      vertex -26.472627291619865 2.481093522762381 12
    endloop
  endfacet
  facet normal 0.8788171126619638 -0.47715876025961135 0
    outer loop
      vertex -26.335139797549044 2.769342048411235 0
      vertex -26.182754963085074 3.05 12
      vertex -26.335139797549044 2.769342048411235 12
    endloop
  endfacet
  facet normal 0.8526401643540962 -0.5224985647159426 0
    outer loop
      vertex -26.182754963085074 3.05 0
      vertex -26.015890464467088 3.322298113591665 12
      vertex -26.182754963085074 3.05 12
    endloop
  endfacet
  facet normal 0.8241261886220133 -0.5664062369248365 0
    outer loop
      vertex -26.015890464467088 3.322298113591665 0
      vertex -25.83500366568718 3.585490038984086 12
      vertex -26.015890464467088 3.322298113591665 12
    endloop
  endfacet
  facet normal 0.7933533402912358 -0.6087614290087199 0
    outer loop
      vertex -25.83500366568718 3.585490038984086 0
      vertex -25.640590364887522 3.838854385404008 12
      vertex -25.83500366568718 3.585490038984086 12
    endloop
  endfacet
  facet normal 0.7604059656000302 -0.6494480483301845 0
    outer loop
      vertex -25.640590364887522 3.838854385404008 0
      vertex -25.433183435412104 4.081696698789035 12
      vertex -25.640590364887522 3.838854385404008 12
    endloop
  endfacet
  facet normal 0.725374371012291 -0.6883545756937505 0
    outer loop
      vertex -25.433183435412104 4.081696698789035 0
      vertex -25.21335136523794 4.31335136523794 12
      vertex -25.433183435412104 4.081696698789035 12
    endloop
  endfacet
  facet normal 0.6883545756937547 -0.725374371012287 0
    outer loop
      vertex -25.21335136523794 4.31335136523794 0
      vertex -24.981696698789037 4.533183435412105 12
      vertex -25.21335136523794 4.31335136523794 12
    endloop
  endfacet
  facet normal 0.6494480483301788 -0.7604059656000351 0
    outer loop
      vertex -24.981696698789037 4.533183435412105 0
      vertex -24.738854385404007 4.740590364887522 12
      vertex -24.981696698789037 4.533183435412105 12
    endloop
  endfacet
  facet normal 0.6087614290087222 -0.7933533402912338 0
    outer loop
      vertex -24.738854385404007 4.740590364887522 0
      vertex -24.485490038984086 4.935003665687179 12
      vertex -24.738854385404007 4.740590364887522 12
    endloop
  endfacet
  facet normal 0.5664062369248346 -0.8241261886220144 0
    outer loop
      vertex -24.485490038984086 4.935003665687179 0
      vertex -24.222298113591666 5.115890464467086 12
      vertex -24.485490038984086 4.935003665687179 12
    endloop
  endfacet
  facet normal 0.5224985647159511 -0.8526401643540908 0
    outer loop
      vertex -24.222298113591666 5.115890464467086 0
      vertex -24.17154163839593 5.146994072470239 12
      vertex -24.222298113591666 5.115890464467086 12
    endloop
  endfacet
  facet normal 0.522498564715945 -0.8526401643540945 3.61636943376966e-18
    outer loop
      vertex -23.95 5.282754963085075 12
      vertex -24.17154163839593 5.146994072470239 12
      vertex -24 5.252114923678079 0
    endloop
  endfacet
  facet normal 0.4771587602596092 -0.8788171126619649 0
    outer loop
      vertex -23.95 5.282754963085075 0
      vertex -23.669342048411234 5.435139797549044 12
      vertex -23.95 5.282754963085075 12
    endloop
  endfacet
  facet normal 0.43051109680829414 -0.9025852843498611 0
    outer loop
      vertex -23.669342048411234 5.435139797549044 0
      vertex -23.38109352276238 5.572627291619865 12
      vertex -23.669342048411234 5.435139797549044 12
    endloop
  endfacet
  facet normal 0.3826834323650909 -0.9238795325112863 0
    outer loop
      vertex -23.38109352276238 5.572627291619865 12
      vertex -23.38109352276238 5.572627291619865 0
      vertex -23.086044492226332 5.69484060163293 12
    endloop
  endfacet
  facet normal 0.33380685923376824 -0.9426414910921794 0
    outer loop
      vertex -23.086044492226332 5.69484060163293 0
      vertex -22.785003665687178 5.801444749400436 12
      vertex -23.086044492226332 5.69484060163293 12
    endloop
  endfacet
  facet normal 0.2840153447039238 -0.9588197348681927 0
    outer loop
      vertex -22.785003665687178 5.801444749400436 0
      vertex -22.478796175125375 5.892147540363316 12
      vertex -22.785003665687178 5.801444749400436 12
    endloop
  endfacet
  facet normal 0.233445363855906 -0.9723699203976764 0
    outer loop
      vertex -22.478796175125375 5.892147540363316 0
      vertex -22.16826131398833 5.966700364476214 12
      vertex -22.478796175125375 5.892147540363316 12
    endloop
  endfacet
  facet normal 0.18223552549214894 -0.9832549075639543 0
    outer loop
      vertex -22.16826131398833 5.966700364476214 0
      vertex -21.854250236745408 6.02489887763034 12
      vertex -22.16826131398833 5.966700364476214 12
    endloop
  endfacet
  facet normal 0.13052619222005055 -0.9914448613738105 0
    outer loop
      vertex -21.854250236745408 6.02489887763034 0
      vertex -21.53762362593269 6.066583561746467 12
      vertex -21.854250236745408 6.02489887763034 12
    endloop
  endfacet
  facet normal 0.07845909572784422 -0.996917333733128 0
    outer loop
      vertex -21.53762362593269 6.066583561746467 0
      vertex -21.219249333081958 6.0916401620029 12
      vertex -21.53762362593269 6.066583561746467 12
    endloop
  endfacet
  facet normal -0.3826834323650909 -0.9238795325112863 0
    outer loop
      vertex -18.71395550777367 5.69484060163293 0
      vertex -18.41890647723762 5.572627291619865 12
      vertex -18.71395550777367 5.69484060163293 12
    endloop
  endfacet
  facet normal -0.5224985647159462 -0.8526401643540938 0
    outer loop
      vertex -17.85 5.282754963085075 0
      vertex -17.577701886408335 5.115890464467086 12
      vertex -17.85 5.282754963085075 12
    endloop
  endfacet
  facet normal -0.4771587602596092 -0.8788171126619649 0
    outer loop
      vertex -18.130657951588766 5.435139797549044 0
      vertex -17.85 5.282754963085075 12
      vertex -18.130657951588766 5.435139797549044 12
    endloop
  endfacet
  facet normal -0.43051109680829414 -0.9025852843498611 0
    outer loop
      vertex -18.41890647723762 5.572627291619865 0
      vertex -18.130657951588766 5.435139797549044 12
      vertex -18.41890647723762 5.572627291619865 12
    endloop
  endfacet
  facet normal 0.02617694830787407 -0.9996573249755573 0
    outer loop
      vertex -21.219249333081958 6.0916401620029 0
      vertex -20.9 6.1 12
      vertex -21.219249333081958 6.0916401620029 12
    endloop
  endfacet
  facet normal -0.02617694830787436 -0.9996573249755573 0
    outer loop
      vertex -20.9 6.1 12
      vertex -20.9 6.1 0
      vertex -20.580750666918043 6.0916401620029 12
    endloop
  endfacet
  facet normal -0.0784590957278451 -0.996917333733128 0
    outer loop
      vertex -20.580750666918043 6.0916401620029 0
      vertex -20.262376374067316 6.066583561746467 12
      vertex -20.580750666918043 6.0916401620029 12
    endloop
  endfacet
  facet normal -0.13052619222004913 -0.9914448613738107 0
    outer loop
      vertex -20.262376374067316 6.066583561746467 0
      vertex -19.945749763254593 6.02489887763034 12
      vertex -20.262376374067316 6.066583561746467 12
    endloop
  endfacet
  facet normal -0.18223552549214894 -0.9832549075639543 0
    outer loop
      vertex -19.945749763254593 6.02489887763034 0
      vertex -19.63173868601167 5.966700364476214 12
      vertex -19.945749763254593 6.02489887763034 12
    endloop
  endfacet
  facet normal -0.23344536385590348 -0.9723699203976771 0
    outer loop
      vertex -19.63173868601167 5.966700364476214 12
      vertex -19.63173868601167 5.966700364476214 0
      vertex -19.321203824874623 5.892147540363316 12
    endloop
  endfacet
  facet normal -0.2840153447039238 -0.9588197348681927 0
    outer loop
      vertex -19.321203824874623 5.892147540363316 0
      vertex -19.01499633431282 5.801444749400436 12
      vertex -19.321203824874623 5.892147540363316 12
    endloop
  endfacet
  facet normal -0.3338068592337717 -0.9426414910921781 0
    outer loop
      vertex -19.01499633431282 5.801444749400436 0
      vertex -18.71395550777367 5.69484060163293 12
      vertex -19.01499633431282 5.801444749400436 12
    endloop
  endfacet
  facet normal -0.5664062369248346 0.8241261886220144 0
    outer loop
      vertex -17.314509961015915 -4.935003665687179 0
      vertex -17.577701886408335 -5.115890464467086 12
      vertex -17.314509961015915 -4.935003665687179 12
    endloop
  endfacet
  facet normal -0.6087614290087222 0.7933533402912338 0
    outer loop
      vertex -17.061145614595993 -4.740590364887522 0
      vertex -17.314509961015915 -4.935003665687179 12
      vertex -17.061145614595993 -4.740590364887522 12
    endloop
  endfacet
  facet normal -0.6494480483301843 0.7604059656000304 0
    outer loop
      vertex -16.818303301210968 -4.533183435412105 12
      vertex -16.818303301210968 -4.533183435412105 0
      vertex -17.061145614595993 -4.740590364887522 12
    endloop
  endfacet
  facet normal -0.6883545756937491 0.7253743710122922 0
    outer loop
      vertex -16.58664863476206 -4.31335136523794 0
      vertex -16.818303301210968 -4.533183435412105 12
      vertex -16.58664863476206 -4.31335136523794 12
    endloop
  endfacet
  facet normal -0.725374371012291 0.6883545756937505 0
    outer loop
      vertex -16.58664863476206 -4.31335136523794 12
      vertex -16.366816564587896 -4.081696698789035 12
      vertex -16.366816564587896 -4.081696698789035 0
    endloop
  endfacet
  facet normal -0.7604059656000302 0.6494480483301845 0
    outer loop
      vertex -16.366816564587896 -4.081696698789035 12
      vertex -16.15940963511248 -3.838854385404008 12
      vertex -16.15940963511248 -3.838854385404008 0
    endloop
  endfacet
  facet normal -0.7933533402912358 0.6087614290087199 0
    outer loop
      vertex -16.15940963511248 -3.838854385404008 12
      vertex -15.964996334312822 -3.585490038984086 12
      vertex -15.964996334312822 -3.585490038984086 0
    endloop
  endfacet
  facet normal -0.8241261886220133 0.5664062369248365 0
    outer loop
      vertex -15.964996334312822 -3.585490038984086 12
      vertex -15.784109535532913 -3.322298113591665 12
      vertex -15.784109535532913 -3.322298113591665 0
    endloop
  endfacet
  facet normal -0.8526401643540911 0.5224985647159507 0
    outer loop
      vertex -15.617245036914923 -3.05 0
      vertex -15.784109535532913 -3.322298113591665 12
      vertex -15.617245036914923 -3.05 12
    endloop
  endfacet
  facet normal -0.8788171126619693 0.4771587602596012 0
    outer loop
      vertex -15.617245036914923 -3.05 12
      vertex -15.490264122918148 -2.816130249518817 12
      vertex -15.490264122918148 -2.816130249518817 0
    endloop
  endfacet
  facet normal -0.8526401643540911 -0.5224985647159507 0
    outer loop
      vertex -15.617245036914923 3.05 12
      vertex -15.784109535532913 3.322298113591665 12
      vertex -15.784109535532913 3.322298113591665 0
    endloop
  endfacet
  facet normal -0.8241261886220133 -0.5664062369248365 0
    outer loop
      vertex -15.784109535532913 3.322298113591665 12
      vertex -15.964996334312822 3.585490038984086 12
      vertex -15.964996334312822 3.585490038984086 0
    endloop
  endfacet
  facet normal -0.7933533402912358 -0.6087614290087199 0
    outer loop
      vertex -15.964996334312822 3.585490038984086 12
      vertex -16.15940963511248 3.838854385404008 12
      vertex -16.15940963511248 3.838854385404008 0
    endloop
  endfacet
  facet normal -0.8788171126619693 -0.4771587602596012 0
    outer loop
      vertex -15.617245036914923 3.05 0
      vertex -15.490264122918148 2.816130249518817 12
      vertex -15.617245036914923 3.05 12
    endloop
  endfacet
  facet normal -0.6883545756937491 -0.7253743710122922 0
    outer loop
      vertex -16.818303301210968 4.533183435412105 12
      vertex -16.818303301210968 4.533183435412105 0
      vertex -16.58664863476206 4.31335136523794 12
    endloop
  endfacet
  facet normal -0.6494480483301843 -0.7604059656000304 0
    outer loop
      vertex -17.061145614595993 4.740590364887522 0
      vertex -16.818303301210968 4.533183435412105 12
      vertex -17.061145614595993 4.740590364887522 12
    endloop
  endfacet
  facet normal -0.7604059656000302 -0.6494480483301845 0
    outer loop
      vertex -16.366816564587896 4.081696698789035 0
      vertex -16.15940963511248 3.838854385404008 12
      vertex -16.366816564587896 4.081696698789035 12
    endloop
  endfacet
  facet normal -0.725374371012291 -0.6883545756937505 0
    outer loop
      vertex -16.366816564587896 4.081696698789035 12
      vertex -16.58664863476206 4.31335136523794 12
      vertex -16.58664863476206 4.31335136523794 0
    endloop
  endfacet
  facet normal -0.6087614290087222 -0.7933533402912338 0
    outer loop
      vertex -17.314509961015915 4.935003665687179 0
      vertex -17.061145614595993 4.740590364887522 12
      vertex -17.314509961015915 4.935003665687179 12
    endloop
  endfacet
  facet normal -0.5664062369248346 -0.8241261886220144 0
    outer loop
      vertex -17.577701886408335 5.115890464467086 12
      vertex -17.577701886408335 5.115890464467086 0
      vertex -17.314509961015915 4.935003665687179 12
    endloop
  endfacet
  facet normal 0.4617486131992156 0.8870108331968676 0
    outer loop
      vertex -13.71658022879295 -3.7394516428036755 0
      vertex -15.490264122918148 -2.816130249518817 0
      vertex -13.71658022879295 -3.7394516428036755 12
    endloop
  endfacet
  facet normal 0.4617486131992156 -0.8870108331968676 0
    outer loop
      vertex -13.71658022879295 3.7394516428036755 0
      vertex -15.490264122918148 2.816130249518817 12
      vertex -15.490264122918148 2.816130249518817 0
    endloop
  endfacet
  facet normal 0.4617486131992156 0.8870108331968676 0
    outer loop
      vertex -13.71658022879295 -3.7394516428036755 12
      vertex -15.490264122918148 -2.816130249518817 0
      vertex -15.490264122918148 -2.816130249518817 12
    endloop
  endfacet
  facet normal 0.4617486131992156 -0.8870108331968676 0
    outer loop
      vertex -13.71658022879295 3.7394516428036755 12
      vertex -15.490264122918148 2.816130249518817 12
      vertex -13.71658022879295 3.7394516428036755 0
    endloop
  endfacet
  facet normal 0 0 -1
    outer loop
      vertex 13.635352413667231 -12.557035741757888 0
      vertex 14.411809548974793 -9.659258262890683 0
      vertex 14.297148019369128 -12.715918809539474 0
    endloop
  endfacet
  facet normal 0 0 -1
    outer loop
      vertex 14.297148019369128 -12.715918809539474 0
      vertex 15.435655349597692 -9.876883405951379 0
      vertex 14.966351954476998 -12.839948427736791 0
    endloop
  endfacet
  facet normal 0 0 -1
    outer loop
      vertex 12 -11.995208977877653 0
      vertex 12.460095002604533 -8.910065241883679 0
      vertex 12.341216655911097 -12.136545544463623 0
    endloop
  endfacet
  facet normal 0 0 -1
    outer loop
      vertex 12.982779073125684 -12.363734711836996 0
      vertex 12.341216655911097 -12.136545544463623 0
      vertex 13.416320504546997 -9.335804264972017 0
    endloop
  endfacet
  facet normal 0 0 -1
    outer loop
      vertex 12 -11.995208977877653 0
      vertex 12 -8.660254037844386 0
      vertex 12.460095002604533 -8.910065241883679 0
    endloop
  endfacet
  facet normal 0 0 -1
    outer loop
      vertex 12.341216655911097 -12.136545544463623 0
      vertex 12.460095002604533 -8.910065241883679 0
      vertex 12.932633569241997 -9.135454576426008 0
    endloop
  endfacet
  facet normal 0 0 -1
    outer loop
      vertex 12.341216655911097 -12.136545544463623 0
      vertex 12.932633569241997 -9.135454576426008 0
      vertex 13.416320504546997 -9.335804264972017 0
    endloop
  endfacet
  facet normal 0 0 -1
    outer loop
      vertex 12.982779073125684 -12.363734711836996 0
      vertex 13.909830056250525 -9.510565162951535 0
      vertex 13.635352413667231 -12.557035741757888 0
    endloop
  endfacet
  facet normal 0 0 -1
    outer loop
      vertex 14.297148019369128 -12.715918809539474 0
      vertex 14.411809548974793 -9.659258262890683 0
      vertex 14.920883091822407 -9.781476007338057 0
    endloop
  endfacet
  facet normal 0 0 -1
    outer loop
      vertex 14.297148019369128 -12.715918809539474 0
      vertex 14.920883091822407 -9.781476007338057 0
      vertex 15.435655349597692 -9.876883405951379 0
    endloop
  endfacet
  facet normal 0 0 -1
    outer loop
      vertex 12.982779073125684 -12.363734711836996 0
      vertex 13.416320504546997 -9.335804264972017 0
      vertex 13.909830056250525 -9.510565162951535 0
    endloop
  endfacet
  facet normal 0 0 -1
    outer loop
      vertex 13.635352413667231 -12.557035741757888 0
      vertex 13.909830056250525 -9.510565162951535 0
      vertex 14.411809548974793 -9.659258262890683 0
    endloop
  endfacet
  facet normal 0 0 -1
    outer loop
      vertex 14.966351954476998 -12.839948427736791 0
      vertex 15.954715367323466 -9.945218953682733 0
      vertex 15.641129977520505 -12.928784639787553 0
    endloop
  endfacet
  facet normal 0 0 -1
    outer loop
      vertex 15.641129977520505 -12.928784639787553 0
      vertex 16.476640437570563 -9.986295347545738 0
      vertex 16.31963256884173 -12.98218395180946 0
    endloop
  endfacet
  facet normal 0 0 -1
    outer loop
      vertex 16.31963256884173 -12.98218395180946 0
      vertex 16.476640437570563 -9.986295347545738 0
      vertex 17 -13 0
    endloop
  endfacet
  facet normal 0 0 -1
    outer loop
      vertex 17 -13 0
      vertex 17.523359562429437 -9.986295347545738 0
      vertex 17.68036743115827 -12.98218395180946 0
    endloop
  endfacet
  facet normal 0 0 -1
    outer loop
      vertex 17.68036743115827 -12.98218395180946 0
      vertex 18.045284632676534 -9.945218953682733 0
      vertex 18.358870022479493 -12.928784639787553 0
    endloop
  endfacet
  facet normal 0 0 -1
    outer loop
      vertex 14.966351954476998 -12.839948427736791 0
      vertex 15.435655349597692 -9.876883405951379 0
      vertex 15.954715367323466 -9.945218953682733 0
    endloop
  endfacet
  facet normal 0 0 -1
    outer loop
      vertex 15.641129977520505 -12.928784639787553 0
      vertex 15.954715367323466 -9.945218953682733 0
      vertex 16.476640437570563 -9.986295347545738 0
    endloop
  endfacet
  facet normal 0 0 -1
    outer loop
      vertex 17 -13 0
      vertex 16.476640437570563 -9.986295347545738 0
      vertex 17 -10 0
    endloop
  endfacet
  facet normal 0 0 -1
    outer loop
      vertex 17 -13 0
      vertex 17 -10 0
      vertex 17.523359562429437 -9.986295347545738 0
    endloop
  endfacet
  facet normal 0 0 -1
    outer loop
      vertex 17.68036743115827 -12.98218395180946 0
      vertex 17.523359562429437 -9.986295347545738 0
      vertex 18.045284632676534 -9.945218953682733 0
    endloop
  endfacet
  facet normal 0 0 -1
    outer loop
      vertex 18.358870022479493 -12.928784639787553 0
      vertex 18.045284632676534 -9.945218953682733 0
      vertex 18.564344650402308 -9.876883405951379 0
    endloop
  endfacet
  facet normal 0 0 -1
    outer loop
      vertex 18.358870022479493 -12.928784639787553 0
      vertex 18.564344650402308 -9.876883405951379 0
      vertex 19.033648045523 -12.839948427736791 0
    endloop
  endfacet
  facet normal 0 0 -1
    outer loop
      vertex 19.033648045523 -12.839948427736791 0
      vertex 19.588190451025206 -9.659258262890683 0
      vertex 19.70285198063087 -12.715918809539474 0
    endloop
  endfacet
  facet normal 0 0 -1
    outer loop
      vertex 19.70285198063087 -12.715918809539474 0
      vertex 20.090169943749473 -9.510565162951535 0
      vertex 20.36464758633277 -12.557035741757888 0
    endloop
  endfacet
  facet normal 0 0 -1
    outer loop
      vertex 19.033648045523 -12.839948427736791 0
      vertex 18.564344650402308 -9.876883405951379 0
      vertex 19.079116908177593 -9.781476007338057 0
    endloop
  endfacet
  facet normal 0 0 -1
    outer loop
      vertex 19.033648045523 -12.839948427736791 0
      vertex 19.079116908177593 -9.781476007338057 0
      vertex 19.588190451025206 -9.659258262890683 0
    endloop
  endfacet
  facet normal 0 0 -1
    outer loop
      vertex 19.70285198063087 -12.715918809539474 0
      vertex 19.588190451025206 -9.659258262890683 0
      vertex 20.090169943749473 -9.510565162951535 0
    endloop
  endfacet
  facet normal 0 0 -1
    outer loop
      vertex 20.36464758633277 -12.557035741757888 0
      vertex 20.090169943749473 -9.510565162951535 0
      vertex 20.583679495453 -9.335804264972017 0
    endloop
  endfacet
  facet normal 0 0 -1
    outer loop
      vertex 20.36464758633277 -12.557035741757888 0
      vertex 20.583679495453 -9.335804264972017 0
      vertex 21.017220926874316 -12.363734711836996 0
    endloop
  endfacet
  facet normal 0 0 -1
    outer loop
      vertex 21.017220926874316 -12.363734711836996 0
      vertex 21.539904997395467 -8.910065241883679 0
      vertex 21.658783344088903 -12.136545544463623 0
    endloop
  endfacet
  facet normal 0 0 -1
    outer loop
      vertex 21.658783344088903 -12.136545544463623 0
      vertex 22 -8.660254037844386 0
      vertex 22.2875763599854 -11.876090949353811 0
    endloop
  endfacet
  facet normal 0 0 -1
    outer loop
      vertex 21.017220926874316 -12.363734711836996 0
      vertex 20.583679495453 -9.335804264972017 0
      vertex 21.067366430758003 -9.135454576426008 0
    endloop
  endfacet
  facet normal 0 0 -1
    outer loop
      vertex 21.017220926874316 -12.363734711836996 0
      vertex 21.067366430758003 -9.135454576426008 0
      vertex 21.539904997395467 -8.910065241883679 0
    endloop
  endfacet
  facet normal 0 0 -1
    outer loop
      vertex 21.658783344088903 -12.136545544463623 0
      vertex 21.539904997395467 -8.910065241883679 0
      vertex 22 -8.660254037844386 0
    endloop
  endfacet
  facet normal 0 0 -1
    outer loop
      vertex 22.2875763599854 -11.876090949353811 0
      vertex 22.44639035015027 -8.386705679454241 0
      vertex 22.901876496614108 -11.583084814448783 0
    endloop
  endfacet
  facet normal 0 0 -1
    outer loop
      vertex 22.901876496614108 -11.583084814448783 0
      vertex 23.293203910498374 -7.771459614569709 0
      vertex 23.5 -11.258330249197702 0
    endloop
  endfacet
  facet normal 0 0 -1
    outer loop
      vertex 23.5 -11.258330249197702 0
      vertex 23.691306063588584 -7.431448254773942 0
      vertex 24.080307455195353 -10.902717383290513 0
    endloop
  endfacet
  facet normal 0 0 -1
    outer loop
      vertex 22.2875763599854 -11.876090949353811 0
      vertex 22 -8.660254037844386 0
      vertex 22.44639035015027 -8.386705679454241 0
    endloop
  endfacet
  facet normal 0 0 -1
    outer loop
      vertex 22.901876496614108 -11.583084814448783 0
      vertex 22.44639035015027 -8.386705679454241 0
      vertex 22.877852522924734 -8.090169943749475 0
    endloop
  endfacet
  facet normal 0 0 -1
    outer loop
      vertex 22.901876496614108 -11.583084814448783 0
      vertex 22.877852522924734 -8.090169943749475 0
      vertex 23.293203910498374 -7.771459614569709 0
    endloop
  endfacet
  facet normal 0 0 -1
    outer loop
      vertex 23.5 -11.258330249197702 0
      vertex 23.293203910498374 -7.771459614569709 0
      vertex 23.691306063588584 -7.431448254773942 0
    endloop
  endfacet
  facet normal 0 0 -1
    outer loop
      vertex 24.080307455195353 -10.902717383290513 0
      vertex 23.691306063588584 -7.431448254773942 0
      vertex 24.071067811865476 -7.0710678118654755 0
    endloop
  endfacet
  facet normal 0 0 -1
    outer loop
      vertex 24.080307455195353 -10.902717383290513 0
      vertex 24.43144825477394 -6.691306063588582 0
      vertex 24.64120827980215 -10.517220926874316 0
    endloop
  endfacet
  facet normal 0 0 -1
    outer loop
      vertex 24.64120827980215 -10.517220926874316 0
      vertex 24.771459614569707 -6.293203910498374 0
      vertex 25.181165083647887 -10.10289749894062 0
    endloop
  endfacet
  facet normal 0 0 -1
    outer loop
      vertex 24.080307455195353 -10.902717383290513 0
      vertex 24.071067811865476 -7.0710678118654755 0
      vertex 24.43144825477394 -6.691306063588582 0
    endloop
  endfacet
  facet normal 0 0 -1
    outer loop
      vertex 25.181165083647887 -10.10289749894062 0
      vertex 25.38670567945424 -5.446390350150271 0
      vertex 25.698697882665158 -9.660882731206126 0
    endloop
  endfacet
  facet normal 0 0 -1
    outer loop
      vertex 24.64120827980215 -10.517220926874316 0
      vertex 24.43144825477394 -6.691306063588582 0
      vertex 24.771459614569707 -6.293203910498374 0
    endloop
  endfacet
  facet normal 0 0 -1
    outer loop
      vertex 25.181165083647887 -10.10289749894062 0
      vertex 24.771459614569707 -6.293203910498374 0
      vertex 25.090169943749473 -5.877852522924732 0
    endloop
  endfacet
  facet normal 0 0 -1
    outer loop
      vertex 25.181165083647887 -10.10289749894062 0
      vertex 25.090169943749473 -5.877852522924732 0
      vertex 25.38670567945424 -5.446390350150271 0
    endloop
  endfacet
  facet normal -0.3826834323650895 -0.9238795325112868 0
    outer loop
      vertex 12 -11.995208977877653 0
      vertex 12.341216655911097 -12.136545544463623 0
      vertex 12.341216655911097 -12.136545544463623 16
    endloop
  endfacet
  facet normal -0.3338068592337701 -0.9426414910921787 0
    outer loop
      vertex 12.982779073125684 -12.363734711836996 0
      vertex 12.982779073125684 -12.363734711836996 16
      vertex 12.341216655911097 -12.136545544463623 0
    endloop
  endfacet
  facet normal -0.2840153447039238 -0.9588197348681927 0
    outer loop
      vertex 12.982779073125684 -12.363734711836996 0
      vertex 13.635352413667231 -12.557035741757888 0
      vertex 13.635352413667231 -12.557035741757888 16
    endloop
  endfacet
  facet normal -0.23344536385590647 -0.9723699203976764 0
    outer loop
      vertex 13.635352413667231 -12.557035741757888 0
      vertex 14.297148019369128 -12.715918809539474 0
      vertex 14.297148019369128 -12.715918809539474 16
    endloop
  endfacet
  facet normal -0.18223552549214803 -0.9832549075639545 0
    outer loop
      vertex 14.297148019369128 -12.715918809539474 0
      vertex 14.966351954476998 -12.839948427736791 0
      vertex 14.966351954476998 -12.839948427736791 16
    endloop
  endfacet
  facet normal -0.1305261922200495 -0.9914448613738107 0
    outer loop
      vertex 14.966351954476998 -12.839948427736791 0
      vertex 15.641129977520505 -12.928784639787553 0
      vertex 15.641129977520505 -12.928784639787553 16
    endloop
  endfacet
  facet normal -0.07845909572784593 -0.9969173337331279 0
    outer loop
      vertex 15.641129977520505 -12.928784639787553 0
      vertex 16.31963256884173 -12.98218395180946 0
      vertex 16.31963256884173 -12.98218395180946 16
    endloop
  endfacet
  facet normal -0.026176948307872764 -0.9996573249755573 0
    outer loop
      vertex 16.31963256884173 -12.98218395180946 0
      vertex 17 -13 0
      vertex 17 -13 16
    endloop
  endfacet
  facet normal 0.026176948307872764 -0.9996573249755573 0
    outer loop
      vertex 17 -13 0
      vertex 17.68036743115827 -12.98218395180946 0
      vertex 17.68036743115827 -12.98218395180946 16
    endloop
  endfacet
  facet normal 0.07845909572784614 -0.9969173337331279 0
    outer loop
      vertex 17.68036743115827 -12.98218395180946 0
      vertex 18.358870022479493 -12.928784639787553 0
      vertex 18.358870022479493 -12.928784639787553 16
    endloop
  endfacet
  facet normal 0.13052619222004916 -0.9914448613738108 0
    outer loop
      vertex 18.358870022479493 -12.928784639787553 0
      vertex 19.033648045523 -12.839948427736791 0
      vertex 19.033648045523 -12.839948427736791 16
    endloop
  endfacet
  facet normal 0.18223552549214803 -0.9832549075639545 0
    outer loop
      vertex 19.033648045523 -12.839948427736791 0
      vertex 19.70285198063087 -12.715918809539474 0
      vertex 19.70285198063087 -12.715918809539474 16
    endloop
  endfacet
  facet normal 0.23344536385590647 -0.9723699203976764 0
    outer loop
      vertex 19.70285198063087 -12.715918809539474 0
      vertex 20.36464758633277 -12.557035741757888 0
      vertex 20.36464758633277 -12.557035741757888 16
    endloop
  endfacet
  facet normal 0.2840153447039238 -0.9588197348681927 0
    outer loop
      vertex 20.36464758633277 -12.557035741757888 0
      vertex 21.017220926874316 -12.363734711836996 0
      vertex 21.017220926874316 -12.363734711836996 16
    endloop
  endfacet
  facet normal 0.3338068592337701 -0.9426414910921787 0
    outer loop
      vertex 21.017220926874316 -12.363734711836996 0
      vertex 21.658783344088903 -12.136545544463623 0
      vertex 21.658783344088903 -12.136545544463623 16
    endloop
  endfacet
  facet normal 0.38268343236509056 -0.9238795325112864 0
    outer loop
      vertex 21.658783344088903 -12.136545544463623 0
      vertex 22.2875763599854 -11.876090949353811 0
      vertex 22.2875763599854 -11.876090949353811 16
    endloop
  endfacet
  facet normal 0.4305110968082924 -0.9025852843498618 0
    outer loop
      vertex 22.2875763599854 -11.876090949353811 0
      vertex 22.901876496614108 -11.583084814448783 0
      vertex 22.901876496614108 -11.583084814448783 16
    endloop
  endfacet
  facet normal 0.4771587602596105 -0.8788171126619643 0
    outer loop
      vertex 22.901876496614108 -11.583084814448783 0
      vertex 23.5 -11.258330249197702 0
      vertex 23.5 -11.258330249197702 16
    endloop
  endfacet
  facet normal 0.5224985647159466 -0.8526401643540935 0
    outer loop
      vertex 23.5 -11.258330249197702 0
      vertex 24.080307455195353 -10.902717383290513 0
      vertex 24.080307455195353 -10.902717383290513 16
    endloop
  endfacet
  facet normal 0.566406236924835 -0.8241261886220141 0
    outer loop
      vertex 24.080307455195353 -10.902717383290513 0
      vertex 24.64120827980215 -10.517220926874316 0
      vertex 24.64120827980215 -10.517220926874316 16
    endloop
  endfacet
  facet normal 0.6087614290087203 -0.7933533402912354 0
    outer loop
      vertex 24.64120827980215 -10.517220926874316 0
      vertex 25.181165083647887 -10.10289749894062 0
      vertex 25.181165083647887 -10.10289749894062 16
    endloop
  endfacet
  facet normal 0.6494480483301815 -0.7604059656000327 0
    outer loop
      vertex 25.181165083647887 -10.10289749894062 0
      vertex 25.698697882665158 -9.660882731206126 0
      vertex 25.698697882665158 -9.660882731206126 16
    endloop
  endfacet
  facet normal -0.3826834323650895 -0.9238795325112868 0
    outer loop
      vertex 12 -11.995208977877653 0
      vertex 12.341216655911097 -12.136545544463623 16
      vertex 12 -11.995208977877653 16
    endloop
  endfacet
  facet normal -0.3338068592337701 -0.9426414910921787 0
    outer loop
      vertex 12.341216655911097 -12.136545544463623 0
      vertex 12.982779073125684 -12.363734711836996 16
      vertex 12.341216655911097 -12.136545544463623 16
    endloop
  endfacet
  facet normal -0.2840153447039238 -0.9588197348681927 0
    outer loop
      vertex 12.982779073125684 -12.363734711836996 0
      vertex 13.635352413667231 -12.557035741757888 16
      vertex 12.982779073125684 -12.363734711836996 16
    endloop
  endfacet
  facet normal -0.23344536385590647 -0.9723699203976764 0
    outer loop
      vertex 13.635352413667231 -12.557035741757888 0
      vertex 14.297148019369128 -12.715918809539474 16
      vertex 13.635352413667231 -12.557035741757888 16
    endloop
  endfacet
  facet normal -0.18223552549214803 -0.9832549075639545 0
    outer loop
      vertex 14.297148019369128 -12.715918809539474 0
      vertex 14.966351954476998 -12.839948427736791 16
      vertex 14.297148019369128 -12.715918809539474 16
    endloop
  endfacet
  facet normal -0.1305261922200495 -0.9914448613738107 0
    outer loop
      vertex 14.966351954476998 -12.839948427736791 0
      vertex 15.641129977520505 -12.928784639787553 16
      vertex 14.966351954476998 -12.839948427736791 16
    endloop
  endfacet
  facet normal -0.07845909572784593 -0.9969173337331279 0
    outer loop
      vertex 15.641129977520505 -12.928784639787553 0
      vertex 16.31963256884173 -12.98218395180946 16
      vertex 15.641129977520505 -12.928784639787553 16
    endloop
  endfacet
  facet normal -0.026176948307872764 -0.9996573249755573 0
    outer loop
      vertex 16.31963256884173 -12.98218395180946 0
      vertex 17 -13 16
      vertex 16.31963256884173 -12.98218395180946 16
    endloop
  endfacet
  facet normal 0.026176948307872764 -0.9996573249755573 0
    outer loop
      vertex 17 -13 0
      vertex 17.68036743115827 -12.98218395180946 16
      vertex 17 -13 16
    endloop
  endfacet
  facet normal 0.07845909572784614 -0.9969173337331279 0
    outer loop
      vertex 17.68036743115827 -12.98218395180946 0
      vertex 18.358870022479493 -12.928784639787553 16
      vertex 17.68036743115827 -12.98218395180946 16
    endloop
  endfacet
  facet normal 0.13052619222004916 -0.9914448613738108 0
    outer loop
      vertex 18.358870022479493 -12.928784639787553 0
      vertex 19.033648045523 -12.839948427736791 16
      vertex 18.358870022479493 -12.928784639787553 16
    endloop
  endfacet
  facet normal 0.18223552549214803 -0.9832549075639545 0
    outer loop
      vertex 19.033648045523 -12.839948427736791 0
      vertex 19.70285198063087 -12.715918809539474 16
      vertex 19.033648045523 -12.839948427736791 16
    endloop
  endfacet
  facet normal 0.23344536385590647 -0.9723699203976764 0
    outer loop
      vertex 19.70285198063087 -12.715918809539474 0
      vertex 20.36464758633277 -12.557035741757888 16
      vertex 19.70285198063087 -12.715918809539474 16
    endloop
  endfacet
  facet normal 0.2840153447039238 -0.9588197348681927 0
    outer loop
      vertex 20.36464758633277 -12.557035741757888 0
      vertex 21.017220926874316 -12.363734711836996 16
      vertex 20.36464758633277 -12.557035741757888 16
    endloop
  endfacet
  facet normal 0.3338068592337701 -0.9426414910921787 0
    outer loop
      vertex 21.017220926874316 -12.363734711836996 0
      vertex 21.658783344088903 -12.136545544463623 16
      vertex 21.017220926874316 -12.363734711836996 16
    endloop
  endfacet
  facet normal 0.38268343236509056 -0.9238795325112864 0
    outer loop
      vertex 21.658783344088903 -12.136545544463623 0
      vertex 22.2875763599854 -11.876090949353811 16
      vertex 21.658783344088903 -12.136545544463623 16
    endloop
  endfacet
  facet normal 0.4305110968082924 -0.9025852843498618 0
    outer loop
      vertex 22.2875763599854 -11.876090949353811 0
      vertex 22.901876496614108 -11.583084814448783 16
      vertex 22.2875763599854 -11.876090949353811 16
    endloop
  endfacet
  facet normal 0.4771587602596105 -0.8788171126619643 0
    outer loop
      vertex 22.901876496614108 -11.583084814448783 0
      vertex 23.5 -11.258330249197702 16
      vertex 22.901876496614108 -11.583084814448783 16
    endloop
  endfacet
  facet normal 0.5224985647159466 -0.8526401643540935 0
    outer loop
      vertex 23.5 -11.258330249197702 0
      vertex 24.080307455195353 -10.902717383290513 16
      vertex 23.5 -11.258330249197702 16
    endloop
  endfacet
  facet normal 0.566406236924835 -0.8241261886220141 0
    outer loop
      vertex 24.080307455195353 -10.902717383290513 0
      vertex 24.64120827980215 -10.517220926874316 16
      vertex 24.080307455195353 -10.902717383290513 16
    endloop
  endfacet
  facet normal 0.6087614290087203 -0.7933533402912354 0
    outer loop
      vertex 24.64120827980215 -10.517220926874316 0
      vertex 25.181165083647887 -10.10289749894062 16
      vertex 24.64120827980215 -10.517220926874316 16
    endloop
  endfacet
  facet normal 0.6494480483301815 -0.7604059656000327 0
    outer loop
      vertex 25.181165083647887 -10.10289749894062 0
      vertex 25.698697882665158 -9.660882731206126 16
      vertex 25.181165083647887 -10.10289749894062 16
    endloop
  endfacet
  facet normal 0.688354575693752 -0.7253743710122895 0
    outer loop
      vertex 25.698697882665158 -9.660882731206126 0
      vertex 26.19238815542512 -9.19238815542512 16
      vertex 25.698697882665158 -9.660882731206126 16
    endloop
  endfacet
  facet normal 0 0 -1
    outer loop
      vertex 25.698697882665158 9.660882731206126 0
      vertex 25.66025403783024 5.0000000000230855 0
      vertex 25.38670567945424 5.446390350150271 0
    endloop
  endfacet
  facet normal 0 0 -1
    outer loop
      vertex 25.698697882665158 9.660882731206126 0
      vertex 25.38670567945424 5.446390350150271 0
      vertex 25.090169943749473 5.877852522924732 0
    endloop
  endfacet
  facet normal 0 0 1
    outer loop
      vertex 13.635352413667231 -12.557035741757888 16
      vertex 14.297148019369128 -12.715918809539474 16
      vertex 13.909830056250525 -9.510565162951535 16
    endloop
  endfacet
  facet normal 0 0 1
    outer loop
      vertex 14.297148019369128 -12.715918809539474 16
      vertex 14.966351954476998 -12.839948427736791 16
      vertex 14.411809548974793 -9.659258262890683 16
    endloop
  endfacet
  facet normal 0 0 1
    outer loop
      vertex 12 -11.995208977877653 16
      vertex 12.341216655911097 -12.136545544463623 16
      vertex 12 -8.660254037844386 16
    endloop
  endfacet
  facet normal 0 0 1
    outer loop
      vertex 12.982779073125684 -12.363734711836996 16
      vertex 12.460095002604533 -8.910065241883679 16
      vertex 12.341216655911097 -12.136545544463623 16
    endloop
  endfacet
  facet normal 0 0 1
    outer loop
      vertex 12.341216655911097 -12.136545544463623 16
      vertex 12.460095002604533 -8.910065241883679 16
      vertex 12 -8.660254037844386 16
    endloop
  endfacet
  facet normal 0 0 1
    outer loop
      vertex 12.982779073125684 -12.363734711836996 16
      vertex 12.932633569241997 -9.135454576426008 16
      vertex 12.460095002604533 -8.910065241883679 16
    endloop
  endfacet
  facet normal 0 0 1
    outer loop
      vertex 12.982779073125684 -12.363734711836996 16
      vertex 13.416320504546997 -9.335804264972017 16
      vertex 12.932633569241997 -9.135454576426008 16
    endloop
  endfacet
  facet normal 0 0 1
    outer loop
      vertex 12.982779073125684 -12.363734711836996 16
      vertex 13.635352413667231 -12.557035741757888 16
      vertex 13.416320504546997 -9.335804264972017 16
    endloop
  endfacet
  facet normal 0 0 1
    outer loop
      vertex 14.966351954476998 -12.839948427736791 16
      vertex 14.920883091822407 -9.781476007338057 16
      vertex 14.411809548974793 -9.659258262890683 16
    endloop
  endfacet
  facet normal 0 0 1
    outer loop
      vertex 13.635352413667231 -12.557035741757888 16
      vertex 13.909830056250525 -9.510565162951535 16
      vertex 13.416320504546997 -9.335804264972017 16
    endloop
  endfacet
  facet normal 0 0 1
    outer loop
      vertex 14.297148019369128 -12.715918809539474 16
      vertex 14.411809548974793 -9.659258262890683 16
      vertex 13.909830056250525 -9.510565162951535 16
    endloop
  endfacet
  facet normal 0 0 1
    outer loop
      vertex 14.966351954476998 -12.839948427736791 16
      vertex 15.641129977520505 -12.928784639787553 16
      vertex 15.435655349597692 -9.876883405951379 16
    endloop
  endfacet
  facet normal 0 0 1
    outer loop
      vertex 15.641129977520505 -12.928784639787553 16
      vertex 16.31963256884173 -12.98218395180946 16
      vertex 15.954715367323466 -9.945218953682733 16
    endloop
  endfacet
  facet normal 0 0 1
    outer loop
      vertex 16.31963256884173 -12.98218395180946 16
      vertex 17 -13 16
      vertex 16.476640437570563 -9.986295347545738 16
    endloop
  endfacet
  facet normal 0 0 1
    outer loop
      vertex 17 -13 16
      vertex 17.68036743115827 -12.98218395180946 16
      vertex 17.523359562429437 -9.986295347545738 16
    endloop
  endfacet
  facet normal 0 0 1
    outer loop
      vertex 17.68036743115827 -12.98218395180946 16
      vertex 18.358870022479493 -12.928784639787553 16
      vertex 17.523359562429437 -9.986295347545738 16
    endloop
  endfacet
  facet normal 0 0 1
    outer loop
      vertex 18.358870022479493 -12.928784639787553 16
      vertex 19.033648045523 -12.839948427736791 16
      vertex 18.045284632676534 -9.945218953682733 16
    endloop
  endfacet
  facet normal 0 0 1
    outer loop
      vertex 14.966351954476998 -12.839948427736791 16
      vertex 15.435655349597692 -9.876883405951379 16
      vertex 14.920883091822407 -9.781476007338057 16
    endloop
  endfacet
  facet normal 0 0 1
    outer loop
      vertex 15.641129977520505 -12.928784639787553 16
      vertex 15.954715367323466 -9.945218953682733 16
      vertex 15.435655349597692 -9.876883405951379 16
    endloop
  endfacet
  facet normal 0 0 1
    outer loop
      vertex 16.31963256884173 -12.98218395180946 16
      vertex 16.476640437570563 -9.986295347545738 16
      vertex 15.954715367323466 -9.945218953682733 16
    endloop
  endfacet
  facet normal 0 0 1
    outer loop
      vertex 17 -13 16
      vertex 17 -10 16
      vertex 16.476640437570563 -9.986295347545738 16
    endloop
  endfacet
  facet normal 0 0 1
    outer loop
      vertex 17 -13 16
      vertex 17.523359562429437 -9.986295347545738 16
      vertex 17 -10 16
    endloop
  endfacet
  facet normal 0 0 1
    outer loop
      vertex 18.358870022479493 -12.928784639787553 16
      vertex 18.045284632676534 -9.945218953682733 16
      vertex 17.523359562429437 -9.986295347545738 16
    endloop
  endfacet
  facet normal 0 0 1
    outer loop
      vertex 19.033648045523 -12.839948427736791 16
      vertex 18.564344650402308 -9.876883405951379 16
      vertex 18.045284632676534 -9.945218953682733 16
    endloop
  endfacet
  facet normal 0 0 1
    outer loop
      vertex 12 -11.995208977877653 16
      vertex 12 -8.660254037844386 16
      vertex 11.95802534490525 -8.634531936120421 16
    endloop
  endfacet
  facet normal 0 0 1
    outer loop
      vertex 19.033648045523 -12.839948427736791 16
      vertex 19.70285198063087 -12.715918809539474 16
      vertex 18.564344650402308 -9.876883405951379 16
    endloop
  endfacet
  facet normal 0 0 1
    outer loop
      vertex 19.70285198063087 -12.715918809539474 16
      vertex 20.36464758633277 -12.557035741757888 16
      vertex 19.588190451025206 -9.659258262890683 16
    endloop
  endfacet
  facet normal 0 0 1
    outer loop
      vertex 19.70285198063087 -12.715918809539474 16
      vertex 19.079116908177593 -9.781476007338057 16
      vertex 18.564344650402308 -9.876883405951379 16
    endloop
  endfacet
  facet normal 0 0 1
    outer loop
      vertex 19.70285198063087 -12.715918809539474 16
      vertex 19.588190451025206 -9.659258262890683 16
      vertex 19.079116908177593 -9.781476007338057 16
    endloop
  endfacet
  facet normal 0 0 1
    outer loop
      vertex 20.36464758633277 -12.557035741757888 16
      vertex 20.090169943749473 -9.510565162951535 16
      vertex 19.588190451025206 -9.659258262890683 16
    endloop
  endfacet
  facet normal 0 0 1
    outer loop
      vertex 20.36464758633277 -12.557035741757888 16
      vertex 21.017220926874316 -12.363734711836996 16
      vertex 20.090169943749473 -9.510565162951535 16
    endloop
  endfacet
  facet normal 0 0 1
    outer loop
      vertex 21.017220926874316 -12.363734711836996 16
      vertex 21.658783344088903 -12.136545544463623 16
      vertex 20.583679495453 -9.335804264972017 16
    endloop
  endfacet
  facet normal 0 0 1
    outer loop
      vertex 21.658783344088903 -12.136545544463623 16
      vertex 22.2875763599854 -11.876090949353811 16
      vertex 21.539904997395467 -8.910065241883679 16
    endloop
  endfacet
  facet normal 0 0 1
    outer loop
      vertex 21.017220926874316 -12.363734711836996 16
      vertex 20.583679495453 -9.335804264972017 16
      vertex 20.090169943749473 -9.510565162951535 16
    endloop
  endfacet
  facet normal 0 0 1
    outer loop
      vertex 21.658783344088903 -12.136545544463623 16
      vertex 21.067366430758003 -9.135454576426008 16
      vertex 20.583679495453 -9.335804264972017 16
    endloop
  endfacet
  facet normal 0 0 1
    outer loop
      vertex 21.658783344088903 -12.136545544463623 16
      vertex 21.539904997395467 -8.910065241883679 16
      vertex 21.067366430758003 -9.135454576426008 16
    endloop
  endfacet
  facet normal 0 0 1
    outer loop
      vertex 22.2875763599854 -11.876090949353811 16
      vertex 22.901876496614108 -11.583084814448783 16
      vertex 22 -8.660254037844386 16
    endloop
  endfacet
  facet normal 0 0 1
    outer loop
      vertex 22.901876496614108 -11.583084814448783 16
      vertex 23.5 -11.258330249197702 16
      vertex 22.877852522924734 -8.090169943749475 16
    endloop
  endfacet
  facet normal 0 0 1
    outer loop
      vertex 23.5 -11.258330249197702 16
      vertex 24.080307455195353 -10.902717383290513 16
      vertex 23.293203910498374 -7.771459614569709 16
    endloop
  endfacet
  facet normal 0 0 1
    outer loop
      vertex 22.2875763599854 -11.876090949353811 16
      vertex 22 -8.660254037844386 16
      vertex 21.539904997395467 -8.910065241883679 16
    endloop
  endfacet
  facet normal 0 0 1
    outer loop
      vertex 22.901876496614108 -11.583084814448783 16
      vertex 22.44639035015027 -8.386705679454241 16
      vertex 22 -8.660254037844386 16
    endloop
  endfacet
  facet normal 0 0 1
    outer loop
      vertex 22.901876496614108 -11.583084814448783 16
      vertex 22.877852522924734 -8.090169943749475 16
      vertex 22.44639035015027 -8.386705679454241 16
    endloop
  endfacet
  facet normal 0 0 1
    outer loop
      vertex 23.5 -11.258330249197702 16
      vertex 23.293203910498374 -7.771459614569709 16
      vertex 22.877852522924734 -8.090169943749475 16
    endloop
  endfacet
  facet normal 0 0 1
    outer loop
      vertex 24.080307455195353 -10.902717383290513 16
      vertex 23.691306063588584 -7.431448254773942 16
      vertex 23.293203910498374 -7.771459614569709 16
    endloop
  endfacet
  facet normal 0 0 1
    outer loop
      vertex 24.080307455195353 -10.902717383290513 16
      vertex 24.071067811865476 -7.0710678118654755 16
      vertex 23.691306063588584 -7.431448254773942 16
    endloop
  endfacet
  facet normal 0 0 1
    outer loop
      vertex 24.080307455195353 -10.902717383290513 16
      vertex 24.64120827980215 -10.517220926874316 16
      vertex 24.071067811865476 -7.0710678118654755 16
    endloop
  endfacet
  facet normal 0 0 1
    outer loop
      vertex 24.64120827980215 -10.517220926874316 16
      vertex 25.181165083647887 -10.10289749894062 16
      vertex 24.43144825477394 -6.691306063588582 16
    endloop
  endfacet
  facet normal 0 0 1
    outer loop
      vertex 25.181165083647887 -10.10289749894062 16
      vertex 25.698697882665158 -9.660882731206126 16
      vertex 25.090169943749473 -5.877852522924732 16
    endloop
  endfacet
  facet normal 0 0 1
    outer loop
      vertex 24.64120827980215 -10.517220926874316 16
      vertex 24.43144825477394 -6.691306063588582 16
      vertex 24.071067811865476 -7.0710678118654755 16
    endloop
  endfacet
  facet normal 0 0 1
    outer loop
      vertex 25.181165083647887 -10.10289749894062 16
      vertex 24.771459614569707 -6.293203910498374 16
      vertex 24.43144825477394 -6.691306063588582 16
    endloop
  endfacet
  facet normal 0 0 1
    outer loop
      vertex 25.698697882665158 -9.660882731206126 16
      vertex 26.19238815542512 -9.19238815542512 16
      vertex 25.66025403783024 -5.0000000000230855 16
    endloop
  endfacet
  facet normal 0 0 1
    outer loop
      vertex 25.181165083647887 -10.10289749894062 16
      vertex 25.090169943749473 -5.877852522924732 16
      vertex 24.771459614569707 -6.293203910498374 16
    endloop
  endfacet
  facet normal 0 0 1
    outer loop
      vertex 25.698697882665158 -9.660882731206126 16
      vertex 25.38670567945424 -5.446390350150271 16
      vertex 25.090169943749473 -5.877852522924732 16
    endloop
  endfacet
  facet normal 0 0 1
    outer loop
      vertex 25.698697882665158 -9.660882731206126 16
      vertex 25.66025403783024 -5.0000000000230855 16
      vertex 25.38670567945424 -5.446390350150271 16
    endloop
  endfacet
  facet normal 0 0 1
    outer loop
      vertex 25.181165083647887 10.10289749894062 16
      vertex 25.090169943749473 5.877852522924732 16
      vertex 25.38670567945424 5.446390350150271 16
    endloop
  endfacet
  facet normal 0 0 -1
    outer loop
      vertex 12.341216655911097 12.136545544463623 0
      vertex 12.460095002604533 8.910065241883679 0
      vertex 12 8.660254037844386 0
    endloop
  endfacet
  facet normal 0 0 -1
    outer loop
      vertex 12.982779073125684 12.363734711836996 0
      vertex 12.932633569241997 9.135454576426008 0
      vertex 12.460095002604533 8.910065241883679 0
    endloop
  endfacet
  facet normal 0 0 -1
    outer loop
      vertex 12.982779073125684 12.363734711836996 0
      vertex 13.416320504546997 9.335804264972017 0
      vertex 12.932633569241997 9.135454576426008 0
    endloop
  endfacet
  facet normal 0 0 -1
    outer loop
      vertex 13.635352413667231 12.557035741757888 0
      vertex 13.909830056250525 9.510565162951535 0
      vertex 13.416320504546997 9.335804264972017 0
    endloop
  endfacet
  facet normal 0 0 -1
    outer loop
      vertex 14.297148019369128 12.715918809539474 0
      vertex 14.411809548974793 9.659258262890683 0
      vertex 13.909830056250525 9.510565162951535 0
    endloop
  endfacet
  facet normal 0 0 -1
    outer loop
      vertex 14.966351954476998 12.839948427736791 0
      vertex 14.920883091822407 9.781476007338057 0
      vertex 14.411809548974793 9.659258262890683 0
    endloop
  endfacet
  facet normal 0 0 -1
    outer loop
      vertex 14.966351954476998 12.839948427736791 0
      vertex 15.435655349597692 9.876883405951379 0
      vertex 14.920883091822407 9.781476007338057 0
    endloop
  endfacet
  facet normal 0 0 -1
    outer loop
      vertex 12 11.995208977877653 0
      vertex 12.341216655911097 12.136545544463623 0
      vertex 12 8.660254037844386 0
    endloop
  endfacet
  facet normal 0 0 -1
    outer loop
      vertex 12.341216655911097 12.136545544463623 0
      vertex 12.982779073125684 12.363734711836996 0
      vertex 12.460095002604533 8.910065241883679 0
    endloop
  endfacet
  facet normal 0 0 -1
    outer loop
      vertex 12.982779073125684 12.363734711836996 0
      vertex 13.635352413667231 12.557035741757888 0
      vertex 13.416320504546997 9.335804264972017 0
    endloop
  endfacet
  facet normal 0 0 -1
    outer loop
      vertex 13.635352413667231 12.557035741757888 0
      vertex 14.297148019369128 12.715918809539474 0
      vertex 13.909830056250525 9.510565162951535 0
    endloop
  endfacet
  facet normal 0 0 -1
    outer loop
      vertex 14.297148019369128 12.715918809539474 0
      vertex 14.966351954476998 12.839948427736791 0
      vertex 14.411809548974793 9.659258262890683 0
    endloop
  endfacet
  facet normal 0 0 -1
    outer loop
      vertex 15.641129977520505 12.928784639787553 0
      vertex 15.954715367323466 9.945218953682733 0
      vertex 15.435655349597692 9.876883405951379 0
    endloop
  endfacet
  facet normal 0 0 -1
    outer loop
      vertex 16.31963256884173 12.98218395180946 0
      vertex 16.476640437570563 9.986295347545738 0
      vertex 15.954715367323466 9.945218953682733 0
    endloop
  endfacet
  facet normal 0 0 -1
    outer loop
      vertex 17 13 0
      vertex 17 10 0
      vertex 16.476640437570563 9.986295347545738 0
    endloop
  endfacet
  facet normal 0 0 -1
    outer loop
      vertex 14.966351954476998 12.839948427736791 0
      vertex 15.641129977520505 12.928784639787553 0
      vertex 15.435655349597692 9.876883405951379 0
    endloop
  endfacet
  facet normal 0 0 -1
    outer loop
      vertex 15.641129977520505 12.928784639787553 0
      vertex 16.31963256884173 12.98218395180946 0
      vertex 15.954715367323466 9.945218953682733 0
    endloop
  endfacet
  facet normal 0 0 -1
    outer loop
      vertex 16.31963256884173 12.98218395180946 0
      vertex 17 13 0
      vertex 16.476640437570563 9.986295347545738 0
    endloop
  endfacet
  facet normal 0 0 -1
    outer loop
      vertex 17 13 0
      vertex 17.523359562429437 9.986295347545738 0
      vertex 17 10 0
    endloop
  endfacet
  facet normal 0 0 -1
    outer loop
      vertex 18.358870022479493 12.928784639787553 0
      vertex 18.045284632676534 9.945218953682733 0
      vertex 17.523359562429437 9.986295347545738 0
    endloop
  endfacet
  facet normal 0 0 -1
    outer loop
      vertex 19.033648045523 12.839948427736791 0
      vertex 18.564344650402308 9.876883405951379 0
      vertex 18.045284632676534 9.945218953682733 0
    endloop
  endfacet
  facet normal 0 0 -1
    outer loop
      vertex 17 13 0
      vertex 17.68036743115827 12.98218395180946 0
      vertex 17.523359562429437 9.986295347545738 0
    endloop
  endfacet
  facet normal 0 0 -1
    outer loop
      vertex 17.68036743115827 12.98218395180946 0
      vertex 18.358870022479493 12.928784639787553 0
      vertex 17.523359562429437 9.986295347545738 0
    endloop
  endfacet
  facet normal 0 0 -1
    outer loop
      vertex 18.358870022479493 12.928784639787553 0
      vertex 19.033648045523 12.839948427736791 0
      vertex 18.045284632676534 9.945218953682733 0
    endloop
  endfacet
  facet normal 0 0 -1
    outer loop
      vertex 19.70285198063087 12.715918809539474 0
      vertex 19.079116908177593 9.781476007338057 0
      vertex 18.564344650402308 9.876883405951379 0
    endloop
  endfacet
  facet normal 0 0 -1
    outer loop
      vertex 19.70285198063087 12.715918809539474 0
      vertex 19.588190451025206 9.659258262890683 0
      vertex 19.079116908177593 9.781476007338057 0
    endloop
  endfacet
  facet normal 0 0 -1
    outer loop
      vertex 20.36464758633277 12.557035741757888 0
      vertex 20.090169943749473 9.510565162951535 0
      vertex 19.588190451025206 9.659258262890683 0
    endloop
  endfacet
  facet normal 0 0 -1
    outer loop
      vertex 22.2875763599854 11.876090949353811 0
      vertex 22 8.660254037844386 0
      vertex 21.539904997395467 8.910065241883679 0
    endloop
  endfacet
  facet normal 0 0 -1
    outer loop
      vertex 21.017220926874316 12.363734711836996 0
      vertex 20.583679495453 9.335804264972017 0
      vertex 20.090169943749473 9.510565162951535 0
    endloop
  endfacet
  facet normal 0 0 -1
    outer loop
      vertex 21.658783344088903 12.136545544463623 0
      vertex 21.067366430758003 9.135454576426008 0
      vertex 20.583679495453 9.335804264972017 0
    endloop
  endfacet
  facet normal 0 0 -1
    outer loop
      vertex 21.658783344088903 12.136545544463623 0
      vertex 21.539904997395467 8.910065241883679 0
      vertex 21.067366430758003 9.135454576426008 0
    endloop
  endfacet
  facet normal 0 0 -1
    outer loop
      vertex 24.080307455195353 10.902717383290513 0
      vertex 24.071067811865476 7.0710678118654755 0
      vertex 23.691306063588584 7.431448254773942 0
    endloop
  endfacet
  facet normal 0 0 -1
    outer loop
      vertex 23.5 11.258330249197702 0
      vertex 23.293203910498374 7.771459614569709 0
      vertex 22.877852522924734 8.090169943749475 0
    endloop
  endfacet
  facet normal 0 0 -1
    outer loop
      vertex 24.080307455195353 10.902717383290513 0
      vertex 23.691306063588584 7.431448254773942 0
      vertex 23.293203910498374 7.771459614569709 0
    endloop
  endfacet
  facet normal 0 0 -1
    outer loop
      vertex 25.181165083647887 10.10289749894062 0
      vertex 24.771459614569707 6.293203910498374 0
      vertex 24.43144825477394 6.691306063588582 0
    endloop
  endfacet
  facet normal 0 0 -1
    outer loop
      vertex 24.64120827980215 10.517220926874316 0
      vertex 24.43144825477394 6.691306063588582 0
      vertex 24.071067811865476 7.0710678118654755 0
    endloop
  endfacet
  facet normal 0 0 -1
    outer loop
      vertex 25.181165083647887 10.10289749894062 0
      vertex 25.090169943749473 5.877852522924732 0
      vertex 24.771459614569707 6.293203910498374 0
    endloop
  endfacet
  facet normal 0 0 -1
    outer loop
      vertex 26.19238815542512 9.19238815542512 0
      vertex 25.66025403783024 5.0000000000230855 0
      vertex 25.698697882665158 9.660882731206126 0
    endloop
  endfacet
  facet normal 0 0 -1
    outer loop
      vertex 25.181165083647887 10.10289749894062 0
      vertex 24.43144825477394 6.691306063588582 0
      vertex 24.64120827980215 10.517220926874316 0
    endloop
  endfacet
  facet normal 0 0 -1
    outer loop
      vertex 25.181165083647887 10.10289749894062 0
      vertex 25.698697882665158 9.660882731206126 0
      vertex 25.090169943749473 5.877852522924732 0
    endloop
  endfacet
  facet normal 0 0 -1
    outer loop
      vertex 22.901876496614108 11.583084814448783 0
      vertex 22.44639035015027 8.386705679454241 0
      vertex 22 8.660254037844386 0
    endloop
  endfacet
  facet normal 0 0 -1
    outer loop
      vertex 22.901876496614108 11.583084814448783 0
      vertex 22.877852522924734 8.090169943749475 0
      vertex 22.44639035015027 8.386705679454241 0
    endloop
  endfacet
  facet normal 0 0 -1
    outer loop
      vertex 24.080307455195353 10.902717383290513 0
      vertex 23.293203910498374 7.771459614569709 0
      vertex 23.5 11.258330249197702 0
    endloop
  endfacet
  facet normal 0 0 -1
    outer loop
      vertex 22.901876496614108 11.583084814448783 0
      vertex 23.5 11.258330249197702 0
      vertex 22.877852522924734 8.090169943749475 0
    endloop
  endfacet
  facet normal 0 0 -1
    outer loop
      vertex 22.2875763599854 11.876090949353811 0
      vertex 22.901876496614108 11.583084814448783 0
      vertex 22 8.660254037844386 0
    endloop
  endfacet
  facet normal 0 0 -1
    outer loop
      vertex 24.080307455195353 10.902717383290513 0
      vertex 24.64120827980215 10.517220926874316 0
      vertex 24.071067811865476 7.0710678118654755 0
    endloop
  endfacet
  facet normal 0 0 -1
    outer loop
      vertex 19.70285198063087 12.715918809539474 0
      vertex 20.36464758633277 12.557035741757888 0
      vertex 19.588190451025206 9.659258262890683 0
    endloop
  endfacet
  facet normal 0 0 -1
    outer loop
      vertex 19.033648045523 12.839948427736791 0
      vertex 19.70285198063087 12.715918809539474 0
      vertex 18.564344650402308 9.876883405951379 0
    endloop
  endfacet
  facet normal 0 0 -1
    outer loop
      vertex 21.017220926874316 12.363734711836996 0
      vertex 21.658783344088903 12.136545544463623 0
      vertex 20.583679495453 9.335804264972017 0
    endloop
  endfacet
  facet normal 0 0 -1
    outer loop
      vertex 20.36464758633277 12.557035741757888 0
      vertex 21.017220926874316 12.363734711836996 0
      vertex 20.090169943749473 9.510565162951535 0
    endloop
  endfacet
  facet normal 0 0 -1
    outer loop
      vertex 21.658783344088903 12.136545544463623 0
      vertex 22.2875763599854 11.876090949353811 0
      vertex 21.539904997395467 8.910065241883679 0
    endloop
  endfacet
  facet normal -0.3826834323650895 0.9238795325112868 0
    outer loop
      vertex 12 11.995208977877653 0
      vertex 12 11.995208977877653 16
      vertex 12.341216655911097 12.136545544463623 0
    endloop
  endfacet
  facet normal -0.3338068592337701 0.9426414910921787 0
    outer loop
      vertex 12.341216655911097 12.136545544463623 0
      vertex 12.341216655911097 12.136545544463623 16
      vertex 12.982779073125684 12.363734711836996 0
    endloop
  endfacet
  facet normal -0.2840153447039238 0.9588197348681927 0
    outer loop
      vertex 12.982779073125684 12.363734711836996 0
      vertex 12.982779073125684 12.363734711836996 16
      vertex 13.635352413667231 12.557035741757888 0
    endloop
  endfacet
  facet normal -0.23344536385590647 0.9723699203976764 0
    outer loop
      vertex 13.635352413667231 12.557035741757888 0
      vertex 13.635352413667231 12.557035741757888 16
      vertex 14.297148019369128 12.715918809539474 0
    endloop
  endfacet
  facet normal -0.18223552549214803 0.9832549075639545 0
    outer loop
      vertex 14.297148019369128 12.715918809539474 0
      vertex 14.297148019369128 12.715918809539474 16
      vertex 14.966351954476998 12.839948427736791 0
    endloop
  endfacet
  facet normal -0.1305261922200495 0.9914448613738107 0
    outer loop
      vertex 14.966351954476998 12.839948427736791 0
      vertex 14.966351954476998 12.839948427736791 16
      vertex 15.641129977520505 12.928784639787553 0
    endloop
  endfacet
  facet normal -0.07845909572784593 0.9969173337331279 0
    outer loop
      vertex 15.641129977520505 12.928784639787553 0
      vertex 15.641129977520505 12.928784639787553 16
      vertex 16.31963256884173 12.98218395180946 0
    endloop
  endfacet
  facet normal -0.026176948307872764 0.9996573249755573 0
    outer loop
      vertex 16.31963256884173 12.98218395180946 0
      vertex 16.31963256884173 12.98218395180946 16
      vertex 17 13 0
    endloop
  endfacet
  facet normal 0.026176948307872764 0.9996573249755573 0
    outer loop
      vertex 17 13 0
      vertex 17 13 16
      vertex 17.68036743115827 12.98218395180946 0
    endloop
  endfacet
  facet normal 0.07845909572784614 0.9969173337331279 0
    outer loop
      vertex 17.68036743115827 12.98218395180946 0
      vertex 17.68036743115827 12.98218395180946 16
      vertex 18.358870022479493 12.928784639787553 0
    endloop
  endfacet
  facet normal 0.13052619222004916 0.9914448613738108 0
    outer loop
      vertex 18.358870022479493 12.928784639787553 0
      vertex 18.358870022479493 12.928784639787553 16
      vertex 19.033648045523 12.839948427736791 0
    endloop
  endfacet
  facet normal 0.688354575693752 0.7253743710122895 0
    outer loop
      vertex 26.19238815542512 9.19238815542512 0
      vertex 25.698697882665158 9.660882731206126 0
      vertex 25.698697882665158 9.660882731206126 16
    endloop
  endfacet
  facet normal 0.6494480483301815 0.7604059656000327 0
    outer loop
      vertex 25.181165083647887 10.10289749894062 0
      vertex 25.181165083647887 10.10289749894062 16
      vertex 25.698697882665158 9.660882731206126 0
    endloop
  endfacet
  facet normal 0.6087614290087203 0.7933533402912354 0
    outer loop
      vertex 25.181165083647887 10.10289749894062 0
      vertex 24.64120827980215 10.517220926874316 0
      vertex 24.64120827980215 10.517220926874316 16
    endloop
  endfacet
  facet normal 0.566406236924835 0.8241261886220141 0
    outer loop
      vertex 24.080307455195353 10.902717383290513 0
      vertex 24.080307455195353 10.902717383290513 16
      vertex 24.64120827980215 10.517220926874316 0
    endloop
  endfacet
  facet normal 0.2840153447039238 0.9588197348681927 0
    outer loop
      vertex 20.36464758633277 12.557035741757888 0
      vertex 20.36464758633277 12.557035741757888 16
      vertex 21.017220926874316 12.363734711836996 0
    endloop
  endfacet
  facet normal 0.3338068592337701 0.9426414910921787 0
    outer loop
      vertex 21.017220926874316 12.363734711836996 0
      vertex 21.017220926874316 12.363734711836996 16
      vertex 21.658783344088903 12.136545544463623 0
    endloop
  endfacet
  facet normal 0.38268343236509056 0.9238795325112864 0
    outer loop
      vertex 21.658783344088903 12.136545544463623 0
      vertex 21.658783344088903 12.136545544463623 16
      vertex 22.2875763599854 11.876090949353811 0
    endloop
  endfacet
  facet normal 0.18223552549214803 0.9832549075639545 0
    outer loop
      vertex 19.033648045523 12.839948427736791 0
      vertex 19.033648045523 12.839948427736791 16
      vertex 19.70285198063087 12.715918809539474 0
    endloop
  endfacet
  facet normal 0.23344536385590647 0.9723699203976764 0
    outer loop
      vertex 19.70285198063087 12.715918809539474 0
      vertex 19.70285198063087 12.715918809539474 16
      vertex 20.36464758633277 12.557035741757888 0
    endloop
  endfacet
  facet normal 0.4771587602596105 0.8788171126619643 0
    outer loop
      vertex 22.901876496614108 11.583084814448783 0
      vertex 22.901876496614108 11.583084814448783 16
      vertex 23.5 11.258330249197702 0
    endloop
  endfacet
  facet normal 0.5224985647159466 0.8526401643540935 0
    outer loop
      vertex 24.080307455195353 10.902717383290513 0
      vertex 23.5 11.258330249197702 0
      vertex 23.5 11.258330249197702 16
    endloop
  endfacet
  facet normal 0.4305110968082924 0.9025852843498618 0
    outer loop
      vertex 22.2875763599854 11.876090949353811 0
      vertex 22.2875763599854 11.876090949353811 16
      vertex 22.901876496614108 11.583084814448783 0
    endloop
  endfacet
  facet normal -0.3826834323650895 0.9238795325112868 0
    outer loop
      vertex 12.341216655911097 12.136545544463623 0
      vertex 12 11.995208977877653 16
      vertex 12.341216655911097 12.136545544463623 16
    endloop
  endfacet
  facet normal -0.3338068592337701 0.9426414910921787 0
    outer loop
      vertex 12.982779073125684 12.363734711836996 0
      vertex 12.341216655911097 12.136545544463623 16
      vertex 12.982779073125684 12.363734711836996 16
    endloop
  endfacet
  facet normal -0.2840153447039238 0.9588197348681927 0
    outer loop
      vertex 13.635352413667231 12.557035741757888 0
      vertex 12.982779073125684 12.363734711836996 16
      vertex 13.635352413667231 12.557035741757888 16
    endloop
  endfacet
  facet normal -0.23344536385590647 0.9723699203976764 0
    outer loop
      vertex 14.297148019369128 12.715918809539474 0
      vertex 13.635352413667231 12.557035741757888 16
      vertex 14.297148019369128 12.715918809539474 16
    endloop
  endfacet
  facet normal -0.18223552549214803 0.9832549075639545 0
    outer loop
      vertex 14.966351954476998 12.839948427736791 0
      vertex 14.297148019369128 12.715918809539474 16
      vertex 14.966351954476998 12.839948427736791 16
    endloop
  endfacet
  facet normal -0.1305261922200495 0.9914448613738107 0
    outer loop
      vertex 14.966351954476998 12.839948427736791 16
      vertex 15.641129977520505 12.928784639787553 16
      vertex 15.641129977520505 12.928784639787553 0
    endloop
  endfacet
  facet normal -0.07845909572784593 0.9969173337331279 0
    outer loop
      vertex 16.31963256884173 12.98218395180946 0
      vertex 15.641129977520505 12.928784639787553 16
      vertex 16.31963256884173 12.98218395180946 16
    endloop
  endfacet
  facet normal -0.026176948307872764 0.9996573249755573 0
    outer loop
      vertex 17 13 0
      vertex 16.31963256884173 12.98218395180946 16
      vertex 17 13 16
    endloop
  endfacet
  facet normal 0.026176948307872764 0.9996573249755573 0
    outer loop
      vertex 17.68036743115827 12.98218395180946 0
      vertex 17 13 16
      vertex 17.68036743115827 12.98218395180946 16
    endloop
  endfacet
  facet normal 0.07845909572784614 0.9969173337331279 0
    outer loop
      vertex 18.358870022479493 12.928784639787553 0
      vertex 17.68036743115827 12.98218395180946 16
      vertex 18.358870022479493 12.928784639787553 16
    endloop
  endfacet
  facet normal 0.6494480483301815 0.7604059656000327 0
    outer loop
      vertex 25.698697882665158 9.660882731206126 0
      vertex 25.181165083647887 10.10289749894062 16
      vertex 25.698697882665158 9.660882731206126 16
    endloop
  endfacet
  facet normal 0.566406236924835 0.8241261886220141 0
    outer loop
      vertex 24.64120827980215 10.517220926874316 0
      vertex 24.080307455195353 10.902717383290513 16
      vertex 24.64120827980215 10.517220926874316 16
    endloop
  endfacet
  facet normal 0.6087614290087203 0.7933533402912354 0
    outer loop
      vertex 25.181165083647887 10.10289749894062 0
      vertex 24.64120827980215 10.517220926874316 16
      vertex 25.181165083647887 10.10289749894062 16
    endloop
  endfacet
  facet normal 0.2840153447039238 0.9588197348681927 0
    outer loop
      vertex 21.017220926874316 12.363734711836996 0
      vertex 20.36464758633277 12.557035741757888 16
      vertex 21.017220926874316 12.363734711836996 16
    endloop
  endfacet
  facet normal 0.38268343236509056 0.9238795325112864 0
    outer loop
      vertex 22.2875763599854 11.876090949353811 0
      vertex 21.658783344088903 12.136545544463623 16
      vertex 22.2875763599854 11.876090949353811 16
    endloop
  endfacet
  facet normal 0.3338068592337701 0.9426414910921787 0
    outer loop
      vertex 21.658783344088903 12.136545544463623 0
      vertex 21.017220926874316 12.363734711836996 16
      vertex 21.658783344088903 12.136545544463623 16
    endloop
  endfacet
  facet normal 0.13052619222004916 0.9914448613738108 0
    outer loop
      vertex 19.033648045523 12.839948427736791 0
      vertex 18.358870022479493 12.928784639787553 16
      vertex 19.033648045523 12.839948427736791 16
    endloop
  endfacet
  facet normal 0.18223552549214803 0.9832549075639545 0
    outer loop
      vertex 19.70285198063087 12.715918809539474 0
      vertex 19.033648045523 12.839948427736791 16
      vertex 19.70285198063087 12.715918809539474 16
    endloop
  endfacet
  facet normal 0.23344536385590647 0.9723699203976764 0
    outer loop
      vertex 20.36464758633277 12.557035741757888 0
      vertex 19.70285198063087 12.715918809539474 16
      vertex 20.36464758633277 12.557035741757888 16
    endloop
  endfacet
  facet normal 0.4305110968082924 0.9025852843498618 0
    outer loop
      vertex 22.901876496614108 11.583084814448783 0
      vertex 22.2875763599854 11.876090949353811 16
      vertex 22.901876496614108 11.583084814448783 16
    endloop
  endfacet
  facet normal 0.5224985647159466 0.8526401643540935 0
    outer loop
      vertex 24.080307455195353 10.902717383290513 0
      vertex 23.5 11.258330249197702 16
      vertex 24.080307455195353 10.902717383290513 16
    endloop
  endfacet
  facet normal 0.4771587602596105 0.8788171126619643 0
    outer loop
      vertex 23.5 11.258330249197702 0
      vertex 22.901876496614108 11.583084814448783 16
      vertex 23.5 11.258330249197702 16
    endloop
  endfacet
  facet normal 0 0 1
    outer loop
      vertex 11.712423640014597 11.029429785049265 16
      vertex 11.743974085991526 8.503361155955748 16
      vertex 12 8.660254037844386 16
    endloop
  endfacet
  facet normal 0 0 1
    outer loop
      vertex 11.712423640014597 11.029429785049265 16
      vertex 12 8.660254037844386 16
      vertex 12.460095002604533 8.910065241883679 16
    endloop
  endfacet
  facet normal 0 0 1
    outer loop
      vertex 11.712423640014597 11.029429785049265 16
      vertex 12.460095002604533 8.910065241883679 16
      vertex 11.99838184137111 11.994538714627495 16
    endloop
  endfacet
  facet normal 0 0 1
    outer loop
      vertex 12.341216655911097 12.136545544463623 16
      vertex 12.460095002604533 8.910065241883679 16
      vertex 12.932633569241997 9.135454576426008 16
    endloop
  endfacet
  facet normal 0 0 1
    outer loop
      vertex 12.341216655911097 12.136545544463623 16
      vertex 12.932633569241997 9.135454576426008 16
      vertex 13.416320504546997 9.335804264972017 16
    endloop
  endfacet
  facet normal 0 0 1
    outer loop
      vertex 12.982779073125684 12.363734711836996 16
      vertex 13.416320504546997 9.335804264972017 16
      vertex 13.909830056250525 9.510565162951535 16
    endloop
  endfacet
  facet normal 0 0 1
    outer loop
      vertex 13.635352413667231 12.557035741757888 16
      vertex 13.909830056250525 9.510565162951535 16
      vertex 14.411809548974793 9.659258262890683 16
    endloop
  endfacet
  facet normal 0 0 1
    outer loop
      vertex 14.297148019369128 12.715918809539474 16
      vertex 14.411809548974793 9.659258262890683 16
      vertex 14.920883091822407 9.781476007338057 16
    endloop
  endfacet
  facet normal 0 0 1
    outer loop
      vertex 14.297148019369128 12.715918809539474 16
      vertex 14.920883091822407 9.781476007338057 16
      vertex 15.435655349597692 9.876883405951379 16
    endloop
  endfacet
  facet normal 0 0 1
    outer loop
      vertex 11.99838184137111 11.994538714627495 16
      vertex 12.460095002604533 8.910065241883679 16
      vertex 12 11.995208977877653 16
    endloop
  endfacet
  facet normal 0 0 1
    outer loop
      vertex 12 11.995208977877653 16
      vertex 12.460095002604533 8.910065241883679 16
      vertex 12.341216655911097 12.136545544463623 16
    endloop
  endfacet
  facet normal 0 0 1
    outer loop
      vertex 12.341216655911097 12.136545544463623 16
      vertex 13.416320504546997 9.335804264972017 16
      vertex 12.982779073125684 12.363734711836996 16
    endloop
  endfacet
  facet normal 0 0 1
    outer loop
      vertex 12.982779073125684 12.363734711836996 16
      vertex 13.909830056250525 9.510565162951535 16
      vertex 13.635352413667231 12.557035741757888 16
    endloop
  endfacet
  facet normal 0 0 1
    outer loop
      vertex 13.635352413667231 12.557035741757888 16
      vertex 14.411809548974793 9.659258262890683 16
      vertex 14.297148019369128 12.715918809539474 16
    endloop
  endfacet
  facet normal 0 0 1
    outer loop
      vertex 14.297148019369128 12.715918809539474 16
      vertex 15.435655349597692 9.876883405951379 16
      vertex 14.966351954476998 12.839948427736791 16
    endloop
  endfacet
  facet normal 0 0 1
    outer loop
      vertex 14.966351954476998 12.839948427736791 16
      vertex 15.435655349597692 9.876883405951379 16
      vertex 15.954715367323466 9.945218953682733 16
    endloop
  endfacet
  facet normal 0 0 1
    outer loop
      vertex 15.641129977520505 12.928784639787553 16
      vertex 15.954715367323466 9.945218953682733 16
      vertex 16.476640437570563 9.986295347545738 16
    endloop
  endfacet
  facet normal 0 0 1
    outer loop
      vertex 17 13 16
      vertex 16.476640437570563 9.986295347545738 16
      vertex 17 10 16
    endloop
  endfacet
  facet normal 0 0 1
    outer loop
      vertex 14.966351954476998 12.839948427736791 16
      vertex 15.954715367323466 9.945218953682733 16
      vertex 15.641129977520505 12.928784639787553 16
    endloop
  endfacet
  facet normal 0 0 1
    outer loop
      vertex 15.641129977520505 12.928784639787553 16
      vertex 16.476640437570563 9.986295347545738 16
      vertex 16.31963256884173 12.98218395180946 16
    endloop
  endfacet
  facet normal 0 0 1
    outer loop
      vertex 16.31963256884173 12.98218395180946 16
      vertex 16.476640437570563 9.986295347545738 16
      vertex 17 13 16
    endloop
  endfacet
  facet normal 0 0 1
    outer loop
      vertex 17 13 16
      vertex 17 10 16
      vertex 17.523359562429437 9.986295347545738 16
    endloop
  endfacet
  facet normal 0 0 1
    outer loop
      vertex 17.68036743115827 12.98218395180946 16
      vertex 17.523359562429437 9.986295347545738 16
      vertex 18.045284632676534 9.945218953682733 16
    endloop
  endfacet
  facet normal 0 0 1
    outer loop
      vertex 18.358870022479493 12.928784639787553 16
      vertex 18.045284632676534 9.945218953682733 16
      vertex 18.564344650402308 9.876883405951379 16
    endloop
  endfacet
  facet normal 0 0 1
    outer loop
      vertex 17 13 16
      vertex 17.523359562429437 9.986295347545738 16
      vertex 17.68036743115827 12.98218395180946 16
    endloop
  endfacet
  facet normal 0 0 1
    outer loop
      vertex 17.68036743115827 12.98218395180946 16
      vertex 18.045284632676534 9.945218953682733 16
      vertex 18.358870022479493 12.928784639787553 16
    endloop
  endfacet
  facet normal 0 0 1
    outer loop
      vertex 19.033648045523 12.839948427736791 16
      vertex 18.564344650402308 9.876883405951379 16
      vertex 19.079116908177593 9.781476007338057 16
    endloop
  endfacet
  facet normal 0 0 1
    outer loop
      vertex 19.033648045523 12.839948427736791 16
      vertex 19.079116908177593 9.781476007338057 16
      vertex 19.588190451025206 9.659258262890683 16
    endloop
  endfacet
  facet normal 0 0 1
    outer loop
      vertex 19.70285198063087 12.715918809539474 16
      vertex 19.588190451025206 9.659258262890683 16
      vertex 20.090169943749473 9.510565162951535 16
    endloop
  endfacet
  facet normal 0 0 1
    outer loop
      vertex 20.36464758633277 12.557035741757888 16
      vertex 20.090169943749473 9.510565162951535 16
      vertex 20.583679495453 9.335804264972017 16
    endloop
  endfacet
  facet normal 0 0 1
    outer loop
      vertex 21.658783344088903 12.136545544463623 16
      vertex 21.539904997395467 8.910065241883679 16
      vertex 22 8.660254037844386 16
    endloop
  endfacet
  facet normal 0 0 1
    outer loop
      vertex 22.2875763599854 11.876090949353811 16
      vertex 22 8.660254037844386 16
      vertex 22.44639035015027 8.386705679454241 16
    endloop
  endfacet
  facet normal 0 0 1
    outer loop
      vertex 21.017220926874316 12.363734711836996 16
      vertex 20.583679495453 9.335804264972017 16
      vertex 21.067366430758003 9.135454576426008 16
    endloop
  endfacet
  facet normal 0 0 1
    outer loop
      vertex 21.017220926874316 12.363734711836996 16
      vertex 21.067366430758003 9.135454576426008 16
      vertex 21.539904997395467 8.910065241883679 16
    endloop
  endfacet
  facet normal 0 0 1
    outer loop
      vertex 24.080307455195353 10.902717383290513 16
      vertex 23.691306063588584 7.431448254773942 16
      vertex 24.071067811865476 7.0710678118654755 16
    endloop
  endfacet
  facet normal 0 0 1
    outer loop
      vertex 23.5 11.258330249197702 16
      vertex 23.293203910498374 7.771459614569709 16
      vertex 23.691306063588584 7.431448254773942 16
    endloop
  endfacet
  facet normal 0 0 1
    outer loop
      vertex 24.080307455195353 10.902717383290513 16
      vertex 24.071067811865476 7.0710678118654755 16
      vertex 24.43144825477394 6.691306063588582 16
    endloop
  endfacet
  facet normal 0 0 1
    outer loop
      vertex 24.64120827980215 10.517220926874316 16
      vertex 24.43144825477394 6.691306063588582 16
      vertex 24.771459614569707 6.293203910498374 16
    endloop
  endfacet
  facet normal 0 0 1
    outer loop
      vertex 25.181165083647887 10.10289749894062 16
      vertex 24.771459614569707 6.293203910498374 16
      vertex 25.090169943749473 5.877852522924732 16
    endloop
  endfacet
  facet normal 0 0 1
    outer loop
      vertex 25.181165083647887 10.10289749894062 16
      vertex 24.64120827980215 10.517220926874316 16
      vertex 24.771459614569707 6.293203910498374 16
    endloop
  endfacet
  facet normal 0 0 1
    outer loop
      vertex 25.181165083647887 10.10289749894062 16
      vertex 25.38670567945424 5.446390350150271 16
      vertex 25.698697882665158 9.660882731206126 16
    endloop
  endfacet
  facet normal 0 0 1
    outer loop
      vertex 22.901876496614108 11.583084814448783 16
      vertex 22.877852522924734 8.090169943749475 16
      vertex 23.293203910498374 7.771459614569709 16
    endloop
  endfacet
  facet normal 0 0 1
    outer loop
      vertex 22.901876496614108 11.583084814448783 16
      vertex 22.44639035015027 8.386705679454241 16
      vertex 22.877852522924734 8.090169943749475 16
    endloop
  endfacet
  facet normal 0 0 1
    outer loop
      vertex 24.080307455195353 10.902717383290513 16
      vertex 23.5 11.258330249197702 16
      vertex 23.691306063588584 7.431448254773942 16
    endloop
  endfacet
  facet normal 0 0 1
    outer loop
      vertex 22.2875763599854 11.876090949353811 16
      vertex 22.44639035015027 8.386705679454241 16
      vertex 22.901876496614108 11.583084814448783 16
    endloop
  endfacet
  facet normal 0 0 1
    outer loop
      vertex 22.901876496614108 11.583084814448783 16
      vertex 23.293203910498374 7.771459614569709 16
      vertex 23.5 11.258330249197702 16
    endloop
  endfacet
  facet normal 0 0 1
    outer loop
      vertex 24.080307455195353 10.902717383290513 16
      vertex 24.43144825477394 6.691306063588582 16
      vertex 24.64120827980215 10.517220926874316 16
    endloop
  endfacet
  facet normal 0 0 1
    outer loop
      vertex 19.70285198063087 12.715918809539474 16
      vertex 20.090169943749473 9.510565162951535 16
      vertex 20.36464758633277 12.557035741757888 16
    endloop
  endfacet
  facet normal 0 0 1
    outer loop
      vertex 18.358870022479493 12.928784639787553 16
      vertex 18.564344650402308 9.876883405951379 16
      vertex 19.033648045523 12.839948427736791 16
    endloop
  endfacet
  facet normal 0 0 1
    outer loop
      vertex 19.033648045523 12.839948427736791 16
      vertex 19.588190451025206 9.659258262890683 16
      vertex 19.70285198063087 12.715918809539474 16
    endloop
  endfacet
  facet normal 0 0 1
    outer loop
      vertex 20.36464758633277 12.557035741757888 16
      vertex 20.583679495453 9.335804264972017 16
      vertex 21.017220926874316 12.363734711836996 16
    endloop
  endfacet
  facet normal 0 0 1
    outer loop
      vertex 21.017220926874316 12.363734711836996 16
      vertex 21.539904997395467 8.910065241883679 16
      vertex 21.658783344088903 12.136545544463623 16
    endloop
  endfacet
  facet normal 0 0 1
    outer loop
      vertex 21.658783344088903 12.136545544463623 16
      vertex 22 8.660254037844386 16
      vertex 22.2875763599854 11.876090949353811 16
    endloop
  endfacet
  facet normal 0 0 -1
    outer loop
      vertex 25.698697882665158 -9.660882731206126 0
      vertex 28.25833024917931 -6.5000000000300115 0
      vertex 26.19238815542512 -9.19238815542512 0
    endloop
  endfacet
  facet normal 0 0 -1
    outer loop
      vertex 26.19238815542512 -9.19238815542512 0
      vertex 28.25833024917931 -6.5000000000300115 0
      vertex 26.660882731206126 -8.698697882665158 0
    endloop
  endfacet
  facet normal 0 0 -1
    outer loop
      vertex 26.660882731206126 -8.698697882665158 0
      vertex 28.25833024917931 -6.5000000000300115 0
      vertex 27.10289749894062 -8.181165083647887 0
    endloop
  endfacet
  facet normal 0 0 -1
    outer loop
      vertex 27.10289749894062 -8.181165083647887 0
      vertex 28.25833024917931 -6.5000000000300115 0
      vertex 27.517220926874316 -7.641208279802151 0
    endloop
  endfacet
  facet normal 0 0 -1
    outer loop
      vertex 25.698697882665158 -9.660882731206126 0
      vertex 25.38670567945424 -5.446390350150271 0
      vertex 28.25833024917931 -6.5000000000300115 0
    endloop
  endfacet
  facet normal 0 0 -1
    outer loop
      vertex 27.517220926874316 -7.641208279802151 0
      vertex 28.25833024917931 -6.5000000000300115 0
      vertex 27.902717383290515 -7.080307455195352 0
    endloop
  endfacet
  facet normal 0.688354575693752 -0.7253743710122895 0
    outer loop
      vertex 25.698697882665158 -9.660882731206126 0
      vertex 26.19238815542512 -9.19238815542512 0
      vertex 26.19238815542512 -9.19238815542512 16
    endloop
  endfacet
  facet normal 0.7253743710122896 -0.688354575693752 0
    outer loop
      vertex 26.19238815542512 -9.19238815542512 0
      vertex 26.660882731206126 -8.698697882665158 0
      vertex 26.19238815542512 -9.19238815542512 16
    endloop
  endfacet
  facet normal 0.7604059656000327 -0.6494480483301815 0
    outer loop
      vertex 26.660882731206126 -8.698697882665158 0
      vertex 27.10289749894062 -8.181165083647887 0
      vertex 26.660882731206126 -8.698697882665158 16
    endloop
  endfacet
  facet normal 0.7933533402912348 -0.6087614290087209 0
    outer loop
      vertex 27.10289749894062 -8.181165083647887 0
      vertex 27.517220926874316 -7.641208279802151 0
      vertex 27.10289749894062 -8.181165083647887 16
    endloop
  endfacet
  facet normal 0.8241261886220137 -0.5664062369248355 0
    outer loop
      vertex 27.517220926874316 -7.641208279802151 0
      vertex 27.902717383290515 -7.080307455195352 0
      vertex 27.517220926874316 -7.641208279802151 16
    endloop
  endfacet
  facet normal 0.8526401643540953 -0.522498564715944 0
    outer loop
      vertex 27.902717383290515 -7.080307455195352 0
      vertex 28.25833024917931 -6.5000000000300115 0
      vertex 28.25833024917931 -6.5000000000300115 16
    endloop
  endfacet
  facet normal 0.7253743710122896 -0.688354575693752 0
    outer loop
      vertex 26.660882731206126 -8.698697882665158 0
      vertex 26.660882731206126 -8.698697882665158 16
      vertex 26.19238815542512 -9.19238815542512 16
    endloop
  endfacet
  facet normal 0.7604059656000327 -0.6494480483301815 0
    outer loop
      vertex 27.10289749894062 -8.181165083647887 0
      vertex 27.10289749894062 -8.181165083647887 16
      vertex 26.660882731206126 -8.698697882665158 16
    endloop
  endfacet
  facet normal 0.7933533402912348 -0.6087614290087209 0
    outer loop
      vertex 27.517220926874316 -7.641208279802151 0
      vertex 27.517220926874316 -7.641208279802151 16
      vertex 27.10289749894062 -8.181165083647887 16
    endloop
  endfacet
  facet normal 0.8241261886220137 -0.5664062369248355 0
    outer loop
      vertex 27.902717383290515 -7.080307455195352 0
      vertex 27.902717383290515 -7.080307455195352 16
      vertex 27.517220926874316 -7.641208279802151 16
    endloop
  endfacet
  facet normal 0.8526401643540953 -0.522498564715944 0
    outer loop
      vertex 27.902717383290515 -7.080307455195352 0
      vertex 28.25833024917931 -6.5000000000300115 16
      vertex 27.902717383290515 -7.080307455195352 16
    endloop
  endfacet
  facet normal 0 0 -1
    outer loop
      vertex 25.66025403783024 -5.0000000000230855 0
      vertex 28.25833024917931 -6.5000000000300115 0
      vertex 25.38670567945424 -5.446390350150271 0
    endloop
  endfacet
  facet normal 0 0 -1
    outer loop
      vertex 27.902717383290515 7.080307455195352 0
      vertex 28.25833024917931 6.5000000000300115 0
      vertex 25.66025403783024 5.0000000000230855 0
    endloop
  endfacet
  facet normal 0 0 -1
    outer loop
      vertex 27.10289749894062 8.181165083647887 0
      vertex 27.517220926874316 7.641208279802151 0
      vertex 25.66025403783024 5.0000000000230855 0
    endloop
  endfacet
  facet normal 0 0 -1
    outer loop
      vertex 27.10289749894062 8.181165083647887 0
      vertex 25.66025403783024 5.0000000000230855 0
      vertex 26.660882731206126 8.698697882665158 0
    endloop
  endfacet
  facet normal 0 0 -1
    outer loop
      vertex 27.902717383290515 7.080307455195352 0
      vertex 25.66025403783024 5.0000000000230855 0
      vertex 27.517220926874316 7.641208279802151 0
    endloop
  endfacet
  facet normal 0.8526401643540953 0.522498564715944 0
    outer loop
      vertex 27.902717383290515 7.080307455195352 0
      vertex 27.902717383290515 7.080307455195352 16
      vertex 28.25833024917931 6.5000000000300115 0
    endloop
  endfacet
  facet normal 0.8241261886220137 0.5664062369248355 0
    outer loop
      vertex 27.902717383290515 7.080307455195352 0
      vertex 27.517220926874316 7.641208279802151 0
      vertex 27.902717383290515 7.080307455195352 16
    endloop
  endfacet
  facet normal 0.8526401643540953 0.522498564715944 0
    outer loop
      vertex 27.902717383290515 7.080307455195352 16
      vertex 28.25833024917931 6.5000000000300115 16
      vertex 28.25833024917931 6.5000000000300115 0
    endloop
  endfacet
  facet normal 0 0 1
    outer loop
      vertex 26.19238815542512 -9.19238815542512 16
      vertex 26.660882731206126 -8.698697882665158 16
      vertex 25.66025403783024 -5.0000000000230855 16
    endloop
  endfacet
  facet normal 0 0 1
    outer loop
      vertex 26.660882731206126 -8.698697882665158 16
      vertex 27.10289749894062 -8.181165083647887 16
      vertex 25.66025403783024 -5.0000000000230855 16
    endloop
  endfacet
  facet normal 0 0 1
    outer loop
      vertex 27.10289749894062 -8.181165083647887 16
      vertex 27.517220926874316 -7.641208279802151 16
      vertex 25.66025403783024 -5.0000000000230855 16
    endloop
  endfacet
  facet normal 0 0 1
    outer loop
      vertex 27.517220926874316 -7.641208279802151 16
      vertex 27.902717383290515 -7.080307455195352 16
      vertex 25.66025403783024 -5.0000000000230855 16
    endloop
  endfacet
  facet normal 0 0 1
    outer loop
      vertex 27.902717383290515 -7.080307455195352 16
      vertex 28.25833024917931 -6.5000000000300115 16
      vertex 25.66025403783024 -5.0000000000230855 16
    endloop
  endfacet
  facet normal 0 0 1
    outer loop
      vertex 25.66025403783024 5.0000000000230855 16
      vertex 28.25833024917931 6.5000000000300115 16
      vertex 25.38670567945424 5.446390350150271 16
    endloop
  endfacet
  facet normal 0 0 1
    outer loop
      vertex 25.698697882665158 9.660882731206126 16
      vertex 25.38670567945424 5.446390350150271 16
      vertex 28.25833024917931 6.5000000000300115 16
    endloop
  endfacet
  facet normal 0 0 1
    outer loop
      vertex 27.902717383290515 7.080307455195352 16
      vertex 27.517220926874316 7.641208279802151 16
      vertex 28.25833024917931 6.5000000000300115 16
    endloop
  endfacet
  facet normal 0 0 -1
    outer loop
      vertex 26.19238815542512 9.19238815542512 0
      vertex 26.660882731206126 8.698697882665158 0
      vertex 25.66025403783024 5.0000000000230855 0
    endloop
  endfacet
  facet normal 0.7933533402912348 0.6087614290087209 0
    outer loop
      vertex 27.10289749894062 8.181165083647887 0
      vertex 27.517220926874316 7.641208279802151 16
      vertex 27.517220926874316 7.641208279802151 0
    endloop
  endfacet
  facet normal 0.7253743710122896 0.688354575693752 0
    outer loop
      vertex 26.19238815542512 9.19238815542512 0
      vertex 26.660882731206126 8.698697882665158 16
      vertex 26.660882731206126 8.698697882665158 0
    endloop
  endfacet
  facet normal 0.7604059656000327 0.6494480483301815 0
    outer loop
      vertex 27.10289749894062 8.181165083647887 0
      vertex 26.660882731206126 8.698697882665158 0
      vertex 27.10289749894062 8.181165083647887 16
    endloop
  endfacet
  facet normal 0.8241261886220137 0.5664062369248355 0
    outer loop
      vertex 27.517220926874316 7.641208279802151 0
      vertex 27.517220926874316 7.641208279802151 16
      vertex 27.902717383290515 7.080307455195352 16
    endloop
  endfacet
  facet normal 0.7933533402912348 0.6087614290087209 0
    outer loop
      vertex 27.10289749894062 8.181165083647887 0
      vertex 27.10289749894062 8.181165083647887 16
      vertex 27.517220926874316 7.641208279802151 16
    endloop
  endfacet
  facet normal 0.7253743710122896 0.688354575693752 0
    outer loop
      vertex 26.19238815542512 9.19238815542512 0
      vertex 26.19238815542512 9.19238815542512 16
      vertex 26.660882731206126 8.698697882665158 16
    endloop
  endfacet
  facet normal 0.7604059656000327 0.6494480483301815 0
    outer loop
      vertex 26.660882731206126 8.698697882665158 0
      vertex 26.660882731206126 8.698697882665158 16
      vertex 27.10289749894062 8.181165083647887 16
    endloop
  endfacet
  facet normal 0.688354575693752 0.7253743710122895 0
    outer loop
      vertex 26.19238815542512 9.19238815542512 0
      vertex 25.698697882665158 9.660882731206126 16
      vertex 26.19238815542512 9.19238815542512 16
    endloop
  endfacet
  facet normal 0 0 1
    outer loop
      vertex 27.10289749894062 8.181165083647887 16
      vertex 28.25833024917931 6.5000000000300115 16
      vertex 27.517220926874316 7.641208279802151 16
    endloop
  endfacet
  facet normal 0 0 1
    outer loop
      vertex 27.10289749894062 8.181165083647887 16
      vertex 26.660882731206126 8.698697882665158 16
      vertex 28.25833024917931 6.5000000000300115 16
    endloop
  endfacet
  facet normal 0 0 1
    outer loop
      vertex 26.19238815542512 9.19238815542512 16
      vertex 28.25833024917931 6.5000000000300115 16
      vertex 26.660882731206126 8.698697882665158 16
    endloop
  endfacet
  facet normal 0 0 1
    outer loop
      vertex 26.19238815542512 9.19238815542512 16
      vertex 25.698697882665158 9.660882731206126 16
      vertex 28.25833024917931 6.5000000000300115 16
    endloop
  endfacet
  facet normal 0 0 -1
    outer loop
      vertex 0 -15 0
      vertex 4.01 -14.99625 0
      vertex 4.01 -15 0
    endloop
  endfacet
  facet normal 0 0 -1
    outer loop
      vertex 0 -15 0
      vertex 4.01 -14.96625 0
      vertex 4.01 -14.99625 0
    endloop
  endfacet
  facet normal 0 -1 0
    outer loop
      vertex 0 -15 0
      vertex 4.01 -15 0
      vertex 4.01 -15 16
    endloop
  endfacet
  facet normal 1 0 0
    outer loop
      vertex 4.01 -15 0
      vertex 4.01 -14.99625 0
      vertex 4.01 -14.99625 16
    endloop
  endfacet
  facet normal 0 0 -1
    outer loop
      vertex 0 -15 0
      vertex 4 -0.41833874610499006 0
      vertex 4.01 -14.96625 0
    endloop
  endfacet
  facet normal 0 -1 0
    outer loop
      vertex 0 -15 0
      vertex 4.01 -15 16
      vertex 0 -15 16
    endloop
  endfacet
  facet normal 1 0 0
    outer loop
      vertex 4.01 -15 0
      vertex 4.01 -14.99625 16
      vertex 4.01 -15 16
    endloop
  endfacet
  facet normal 0 0 -1
    outer loop
      vertex 0 -15 0
      vertex 4 0.3435257785239442 0
      vertex 4 -0.41833874610499006 0
    endloop
  endfacet
  facet normal 0 0 -1
    outer loop
      vertex 0 -15 0
      vertex 4.01 15 0
      vertex 4 0.3435257785239442 0
    endloop
  endfacet
  facet normal 0 0 -1
    outer loop
      vertex 0 -15 0
      vertex 0 15 0
      vertex 4.01 15 0
    endloop
  endfacet
  facet normal -1 0 0
    outer loop
      vertex 0 -15 0
      vertex 0 15 16
      vertex 0 15 0
    endloop
  endfacet
  facet normal -1 0 0
    outer loop
      vertex 0 -15 0
      vertex 0 -15 16
      vertex 0 15 16
    endloop
  endfacet
  facet normal 0 0 1
    outer loop
      vertex 4.01 -15 16
      vertex 4.01 -14.99625 16
      vertex 4 -0.3435257785239442 16
    endloop
  endfacet
  facet normal 0 0 1
    outer loop
      vertex 4.01 -14.99625 16
      vertex 4.01 -14.96625 16
      vertex 4 -0.3435257785239442 16
    endloop
  endfacet
  facet normal 0 0 1
    outer loop
      vertex 0 -15 16
      vertex 4.01 -15 16
      vertex 0 15 16
    endloop
  endfacet
  facet normal 0 0 1
    outer loop
      vertex 4.01 -15 16
      vertex 4 -0.3435257785239442 16
      vertex 0 15 16
    endloop
  endfacet
  facet normal 0 0 1
    outer loop
      vertex 4 -0.3435257785239442 16
      vertex 4 0.41833874610499006 16
      vertex 0 15 16
    endloop
  endfacet
  facet normal 0 0 -1
    outer loop
      vertex 4 0.3435257785239442 0
      vertex 4.01 15 0
      vertex 4.01 14.99625 0
    endloop
  endfacet
  facet normal 0 1 0
    outer loop
      vertex 0 15 0
      vertex 0 15 16
      vertex 4.01 15 0
    endloop
  endfacet
  facet normal 1 0 0
    outer loop
      vertex 4.01 15 0
      vertex 4.01 15 16
      vertex 4.01 14.99625 0
    endloop
  endfacet
  facet normal 0 1 0
    outer loop
      vertex 4.01 15 0
      vertex 0 15 16
      vertex 4.01 15 16
    endloop
  endfacet
  facet normal 1 0 0
    outer loop
      vertex 4.01 14.99625 0
      vertex 4.01 15 16
      vertex 4.01 14.99625 16
    endloop
  endfacet
  facet normal 0 0 1
    outer loop
      vertex 4 0.41833874610499006 16
      vertex 4.01 14.99625 16
      vertex 0 15 16
    endloop
  endfacet
  facet normal 0 0 1
    outer loop
      vertex 0 15 16
      vertex 4.01 14.99625 16
      vertex 4.01 15 16
    endloop
  endfacet
  facet normal 0 0 -1
    outer loop
      vertex 4.01 -14.99625 0
      vertex 4.01 -14.96625 0
      vertex 12 -12 0
    endloop
  endfacet
  facet normal 0.35112344158839165 -0.9363291775690445 0
    outer loop
      vertex 4.01 -14.99625 0
      vertex 12 -12 0
      vertex 4.01 -14.99625 16
    endloop
  endfacet
  facet normal 0 0 -1
    outer loop
      vertex 4.01 -14.96625 0
      vertex 12 -11.995208977877653 0
      vertex 12 -12 0
    endloop
  endfacet
  facet normal 0 0 -1
    outer loop
      vertex 4.01 -14.96625 0
      vertex 11.55360964984973 -8.386705679454241 0
      vertex 12 -11.995208977877653 0
    endloop
  endfacet
  facet normal 0 0 -1
    outer loop
      vertex 4.01 -14.96625 0
      vertex 10.706796089501626 -7.771459614569709 0
      vertex 11.122147477075268 -8.090169943749475 0
    endloop
  endfacet
  facet normal 0 0 -1
    outer loop
      vertex 4.01 -14.96625 0
      vertex 10.308693936411418 -7.431448254773942 0
      vertex 10.706796089501626 -7.771459614569709 0
    endloop
  endfacet
  facet normal 0 0 -1
    outer loop
      vertex 4.01 -14.96625 0
      vertex 11.122147477075268 -8.090169943749475 0
      vertex 11.55360964984973 -8.386705679454241 0
    endloop
  endfacet
  facet normal 0 0 -1
    outer loop
      vertex 4.01 -14.96625 0
      vertex 9.228540385430291 -6.293203910498374 0
      vertex 9.568551745226058 -6.691306063588582 0
    endloop
  endfacet
  facet normal 0 0 -1
    outer loop
      vertex 4.01 -14.96625 0
      vertex 8.909830056250525 -5.877852522924732 0
      vertex 9.228540385430291 -6.293203910498374 0
    endloop
  endfacet
  facet normal 0 0 -1
    outer loop
      vertex 4.01 -14.96625 0
      vertex 8.089934758116321 -4.5399049973954675 0
      vertex 8.339745962155614 -5 0
    endloop
  endfacet
  facet normal 0 0 -1
    outer loop
      vertex 4.01 -14.96625 0
      vertex 8.613294320545759 -5.446390350150271 0
      vertex 8.909830056250525 -5.877852522924732 0
    endloop
  endfacet
  facet normal 0 0 -1
    outer loop
      vertex 4.01 -14.96625 0
      vertex 8.339745962155614 -5 0
      vertex 8.613294320545759 -5.446390350150271 0
    endloop
  endfacet
  facet normal 0 0 -1
    outer loop
      vertex 4.01 -14.96625 0
      vertex 7.864545423573992 -4.067366430758002 0
      vertex 8.089934758116321 -4.5399049973954675 0
    endloop
  endfacet
  facet normal 0 0 -1
    outer loop
      vertex 4.01 -14.96625 0
      vertex 7.664195735027983 -3.5836794954530027 0
      vertex 7.864545423573992 -4.067366430758002 0
    endloop
  endfacet
  facet normal 0 0 -1
    outer loop
      vertex 4.01 -14.96625 0
      vertex 9.928932188134524 -7.0710678118654755 0
      vertex 10.308693936411418 -7.431448254773942 0
    endloop
  endfacet
  facet normal 0 0 -1
    outer loop
      vertex 4.01 -14.96625 0
      vertex 9.568551745226058 -6.691306063588582 0
      vertex 9.928932188134524 -7.0710678118654755 0
    endloop
  endfacet
  facet normal 0 0 -1
    outer loop
      vertex 12 -11.995208977877653 0
      vertex 11.55360964984973 -8.386705679454241 0
      vertex 12 -8.660254037844386 0
    endloop
  endfacet
  facet normal 1 0 0
    outer loop
      vertex 12 -12 0
      vertex 12 -11.995208977877653 0
      vertex 12 -12 16
    endloop
  endfacet
  facet normal 0.35112344158839165 -0.9363291775690445 0
    outer loop
      vertex 12 -12 0
      vertex 12 -12 16
      vertex 4.01 -14.99625 16
    endloop
  endfacet
  facet normal 1 0 0
    outer loop
      vertex 12 -11.995208977877653 0
      vertex 12 -11.995208977877653 16
      vertex 12 -12 16
    endloop
  endfacet
  facet normal 0 0 -1
    outer loop
      vertex 4.01 -14.96625 0
      vertex 4 -0.41833874610499006 0
      vertex 7.664195735027983 -3.5836794954530027 0
    endloop
  endfacet
  facet normal 0 0 -1
    outer loop
      vertex 4 -0.41833874610499006 0
      vertex 7.489434837048465 -3.090169943749474 0
      vertex 7.664195735027983 -3.5836794954530027 0
    endloop
  endfacet
  facet normal 0 0 -1
    outer loop
      vertex 4 -0.41833874610499006 0
      vertex 7.340741737109317 -2.5881904510252074 0
      vertex 7.489434837048465 -3.090169943749474 0
    endloop
  endfacet
  facet normal 0 0 -1
    outer loop
      vertex 4 -0.41833874610499006 0
      vertex 7.218523992661943 -2.0791169081775935 0
      vertex 7.340741737109317 -2.5881904510252074 0
    endloop
  endfacet
  facet normal 0 0 -1
    outer loop
      vertex 4 -0.41833874610499006 0
      vertex 7.123116594048621 -1.5643446504023086 0
      vertex 7.218523992661943 -2.0791169081775935 0
    endloop
  endfacet
  facet normal 0 0 -1
    outer loop
      vertex 4 -0.41833874610499006 0
      vertex 7.054781046317267 -1.0452846326765348 0
      vertex 7.123116594048621 -1.5643446504023086 0
    endloop
  endfacet
  facet normal 0 0 -1
    outer loop
      vertex 4 -0.41833874610499006 0
      vertex 7.013704652454262 -0.5233595624294384 0
      vertex 7.054781046317267 -1.0452846326765348 0
    endloop
  endfacet
  facet normal 0 0 -1
    outer loop
      vertex 4 -0.41833874610499006 0
      vertex 7 0 0
      vertex 7.013704652454262 -0.5233595624294384 0
    endloop
  endfacet
  facet normal 0 0 -1
    outer loop
      vertex 4 -0.41833874610499006 0
      vertex 7.013704652454262 0.5233595624294384 0
      vertex 7 0 0
    endloop
  endfacet
  facet normal 0 0 -1
    outer loop
      vertex 4 -0.41833874610499006 0
      vertex 7.054781046317267 1.0452846326765348 0
      vertex 7.013704652454262 0.5233595624294384 0
    endloop
  endfacet
  facet normal 0 0 -1
    outer loop
      vertex 4 -0.41833874610499006 0
      vertex 7.123116594048621 1.5643446504023086 0
      vertex 7.054781046317267 1.0452846326765348 0
    endloop
  endfacet
  facet normal 0 0 -1
    outer loop
      vertex 4 -0.41833874610499006 0
      vertex 7.218523992661943 2.0791169081775935 0
      vertex 7.123116594048621 1.5643446504023086 0
    endloop
  endfacet
  facet normal 0 0 -1
    outer loop
      vertex 4 -0.41833874610499006 0
      vertex 7.340741737109317 2.5881904510252074 0
      vertex 7.218523992661943 2.0791169081775935 0
    endloop
  endfacet
  facet normal 0 0 -1
    outer loop
      vertex 4 -0.41833874610499006 0
      vertex 7.489434837048465 3.090169943749474 0
      vertex 7.340741737109317 2.5881904510252074 0
    endloop
  endfacet
  facet normal 0 0 -1
    outer loop
      vertex 4 -0.41833874610499006 0
      vertex 7.664195735027983 3.5836794954530027 0
      vertex 7.489434837048465 3.090169943749474 0
    endloop
  endfacet
  facet normal 0 0 -1
    outer loop
      vertex 4 -0.41833874610499006 0
      vertex 7.864545423573992 4.067366430758002 0
      vertex 7.664195735027983 3.5836794954530027 0
    endloop
  endfacet
  facet normal 0 0 -1
    outer loop
      vertex 4 -0.41833874610499006 0
      vertex 8.089934758116321 4.5399049973954675 0
      vertex 7.864545423573992 4.067366430758002 0
    endloop
  endfacet
  facet normal 0 0 -1
    outer loop
      vertex 4 -0.41833874610499006 0
      vertex 4 0.3435257785239442 0
      vertex 12 12 0
    endloop
  endfacet
  facet normal 0 0 -1
    outer loop
      vertex 4 -0.41833874610499006 0
      vertex 12 12 0
      vertex 8.089934758116321 4.5399049973954675 0
    endloop
  endfacet
  facet normal 0 0 -1
    outer loop
      vertex 12 12 0
      vertex 8.339745962155614 5 0
      vertex 8.089934758116321 4.5399049973954675 0
    endloop
  endfacet
  facet normal 0 0 1
    outer loop
      vertex 4.01 -14.99625 16
      vertex 12 -12 16
      vertex 4.01 -14.96625 16
    endloop
  endfacet
  facet normal 0 0 1
    outer loop
      vertex 4.01 -14.96625 16
      vertex 12 -12 16
      vertex 4 0.41833874610499006 16
    endloop
  endfacet
  facet normal 0 0 1
    outer loop
      vertex 12 -11.995208977877653 16
      vertex 11.122147477075268 -8.090169943749475 16
      vertex 10.706796089501626 -7.771459614569709 16
    endloop
  endfacet
  facet normal 0 0 1
    outer loop
      vertex 12 -11.995208977877653 16
      vertex 10.706796089501626 -7.771459614569709 16
      vertex 10.308693936411418 -7.431448254773942 16
    endloop
  endfacet
  facet normal 0 0 1
    outer loop
      vertex 12 -11.995208977877653 16
      vertex 9.568551745226058 -6.691306063588582 16
      vertex 9.228540385430291 -6.293203910498374 16
    endloop
  endfacet
  facet normal 0 0 1
    outer loop
      vertex 12 -11.995208977877653 16
      vertex 10.308693936411418 -7.431448254773942 16
      vertex 9.928932188134524 -7.0710678118654755 16
    endloop
  endfacet
  facet normal 0 0 1
    outer loop
      vertex 12 -11.995208977877653 16
      vertex 9.928932188134524 -7.0710678118654755 16
      vertex 9.568551745226058 -6.691306063588582 16
    endloop
  endfacet
  facet normal 0 0 1
    outer loop
      vertex 12 -12 16
      vertex 12 -11.995208977877653 16
      vertex 4 0.41833874610499006 16
    endloop
  endfacet
  facet normal 0 0 1
    outer loop
      vertex 12 -11.995208977877653 16
      vertex 8.339745962155614 -5 16
      vertex 8.089934758116321 -4.5399049973954675 16
    endloop
  endfacet
  facet normal 0 0 1
    outer loop
      vertex 12 -11.995208977877653 16
      vertex 9.228540385430291 -6.293203910498374 16
      vertex 8.909830056250525 -5.877852522924732 16
    endloop
  endfacet
  facet normal 0 0 1
    outer loop
      vertex 12 -11.995208977877653 16
      vertex 8.909830056250525 -5.877852522924732 16
      vertex 8.613294320545759 -5.446390350150271 16
    endloop
  endfacet
  facet normal 0 0 1
    outer loop
      vertex 12 -11.995208977877653 16
      vertex 8.613294320545759 -5.446390350150271 16
      vertex 8.339745962155614 -5 16
    endloop
  endfacet
  facet normal 0 0 1
    outer loop
      vertex 12 -11.995208977877653 16
      vertex 11.95802534490525 -8.634531936120421 16
      vertex 11.55360964984973 -8.386705679454241 16
    endloop
  endfacet
  facet normal 0 0 1
    outer loop
      vertex 12 -11.995208977877653 16
      vertex 11.55360964984973 -8.386705679454241 16
      vertex 11.122147477075268 -8.090169943749475 16
    endloop
  endfacet
  facet normal 0 0 1
    outer loop
      vertex 4.01 -14.96625 16
      vertex 4 0.41833874610499006 16
      vertex 4 -0.3435257785239442 16
    endloop
  endfacet
  facet normal 0 0 1
    outer loop
      vertex 12 -11.995208977877653 16
      vertex 8.089934758116321 -4.5399049973954675 16
      vertex 4 0.41833874610499006 16
    endloop
  endfacet
  facet normal 0 0 1
    outer loop
      vertex 4 0.41833874610499006 16
      vertex 8.089934758116321 -4.5399049973954675 16
      vertex 7.864545423573992 -4.067366430758002 16
    endloop
  endfacet
  facet normal 0 0 1
    outer loop
      vertex 4 0.41833874610499006 16
      vertex 7.864545423573992 -4.067366430758002 16
      vertex 7.664195735027983 -3.5836794954530027 16
    endloop
  endfacet
  facet normal 0 0 1
    outer loop
      vertex 4 0.41833874610499006 16
      vertex 7.664195735027983 -3.5836794954530027 16
      vertex 7.489434837048465 -3.090169943749474 16
    endloop
  endfacet
  facet normal 0 0 1
    outer loop
      vertex 4 0.41833874610499006 16
      vertex 7.489434837048465 -3.090169943749474 16
      vertex 7.340741737109317 -2.5881904510252074 16
    endloop
  endfacet
  facet normal 0 0 1
    outer loop
      vertex 4 0.41833874610499006 16
      vertex 7.340741737109317 -2.5881904510252074 16
      vertex 7.218523992661943 -2.0791169081775935 16
    endloop
  endfacet
  facet normal 0 0 1
    outer loop
      vertex 4 0.41833874610499006 16
      vertex 7.218523992661943 -2.0791169081775935 16
      vertex 7.123116594048621 -1.5643446504023086 16
    endloop
  endfacet
  facet normal 0 0 1
    outer loop
      vertex 4 0.41833874610499006 16
      vertex 7.123116594048621 -1.5643446504023086 16
      vertex 7.054781046317267 -1.0452846326765348 16
    endloop
  endfacet
  facet normal 0 0 1
    outer loop
      vertex 4 0.41833874610499006 16
      vertex 7.054781046317267 -1.0452846326765348 16
      vertex 7.013704652454262 -0.5233595624294384 16
    endloop
  endfacet
  facet normal 0 0 1
    outer loop
      vertex 4 0.41833874610499006 16
      vertex 7.013704652454262 -0.5233595624294384 16
      vertex 7 0 16
    endloop
  endfacet
  facet normal 0 0 1
    outer loop
      vertex 4 0.41833874610499006 16
      vertex 7 0 16
      vertex 7.013704652454262 0.5233595624294384 16
    endloop
  endfacet
  facet normal 0 0 1
    outer loop
      vertex 4 0.41833874610499006 16
      vertex 7.013704652454262 0.5233595624294384 16
      vertex 7.054781046317267 1.0452846326765348 16
    endloop
  endfacet
  facet normal 0 0 1
    outer loop
      vertex 4 0.41833874610499006 16
      vertex 7.054781046317267 1.0452846326765348 16
      vertex 7.123116594048621 1.5643446504023086 16
    endloop
  endfacet
  facet normal 0 0 1
    outer loop
      vertex 4 0.41833874610499006 16
      vertex 7.123116594048621 1.5643446504023086 16
      vertex 7.218523992661943 2.0791169081775935 16
    endloop
  endfacet
  facet normal 0 0 1
    outer loop
      vertex 4 0.41833874610499006 16
      vertex 7.218523992661943 2.0791169081775935 16
      vertex 7.340741737109317 2.5881904510252074 16
    endloop
  endfacet
  facet normal 0 0 1
    outer loop
      vertex 4 0.41833874610499006 16
      vertex 7.340741737109317 2.5881904510252074 16
      vertex 7.489434837048465 3.090169943749474 16
    endloop
  endfacet
  facet normal 0 0 1
    outer loop
      vertex 4 0.41833874610499006 16
      vertex 7.489434837048465 3.090169943749474 16
      vertex 7.664195735027983 3.5836794954530027 16
    endloop
  endfacet
  facet normal 0 0 1
    outer loop
      vertex 4 0.41833874610499006 16
      vertex 7.664195735027983 3.5836794954530027 16
      vertex 4.01 14.99625 16
    endloop
  endfacet
  facet normal 0 0 -1
    outer loop
      vertex 4 0.3435257785239442 0
      vertex 4.01 14.99625 0
      vertex 12 12 0
    endloop
  endfacet
  facet normal 0 0 -1
    outer loop
      vertex 12 12 0
      vertex 8.613294320545759 5.446390350150271 0
      vertex 8.339745962155614 5 0
    endloop
  endfacet
  facet normal 0 0 -1
    outer loop
      vertex 12 12 0
      vertex 8.909830056250525 5.877852522924732 0
      vertex 8.613294320545759 5.446390350150271 0
    endloop
  endfacet
  facet normal 0 0 -1
    outer loop
      vertex 12 12 0
      vertex 9.228540385430291 6.293203910498374 0
      vertex 8.909830056250525 5.877852522924732 0
    endloop
  endfacet
  facet normal 0 0 -1
    outer loop
      vertex 12 12 0
      vertex 9.568551745226058 6.691306063588582 0
      vertex 9.228540385430291 6.293203910498374 0
    endloop
  endfacet
  facet normal 0 0 -1
    outer loop
      vertex 12 12 0
      vertex 9.928932188134524 7.0710678118654755 0
      vertex 9.568551745226058 6.691306063588582 0
    endloop
  endfacet
  facet normal 0 0 -1
    outer loop
      vertex 12 12 0
      vertex 10.308693936411418 7.431448254773942 0
      vertex 9.928932188134524 7.0710678118654755 0
    endloop
  endfacet
  facet normal 0 0 -1
    outer loop
      vertex 12 12 0
      vertex 10.706796089501626 7.771459614569709 0
      vertex 10.308693936411418 7.431448254773942 0
    endloop
  endfacet
  facet normal 0 0 -1
    outer loop
      vertex 12 11.995208977877653 0
      vertex 11.122147477075268 8.090169943749475 0
      vertex 10.706796089501626 7.771459614569709 0
    endloop
  endfacet
  facet normal 0.35112344158839165 0.9363291775690445 0
    outer loop
      vertex 4.01 14.99625 0
      vertex 12 12 16
      vertex 12 12 0
    endloop
  endfacet
  facet normal 0 0 -1
    outer loop
      vertex 12 11.995208977877653 0
      vertex 11.55360964984973 8.386705679454241 0
      vertex 11.122147477075268 8.090169943749475 0
    endloop
  endfacet
  facet normal 0 0 -1
    outer loop
      vertex 12 11.995208977877653 0
      vertex 12 8.660254037844386 0
      vertex 11.55360964984973 8.386705679454241 0
    endloop
  endfacet
  facet normal 0 0 -1
    outer loop
      vertex 12 12 0
      vertex 12 11.995208977877653 0
      vertex 10.706796089501626 7.771459614569709 0
    endloop
  endfacet
  facet normal 1 0 0
    outer loop
      vertex 12 12 0
      vertex 12 11.995208977877653 16
      vertex 12 11.995208977877653 0
    endloop
  endfacet
  facet normal 0.35112344158839165 0.9363291775690445 0
    outer loop
      vertex 4.01 14.99625 0
      vertex 4.01 14.99625 16
      vertex 12 12 16
    endloop
  endfacet
  facet normal 1 0 0
    outer loop
      vertex 12 12 0
      vertex 12 12 16
      vertex 12 11.995208977877653 16
    endloop
  endfacet
  facet normal 0 0 1
    outer loop
      vertex 4.01 14.99625 16
      vertex 7.664195735027983 3.5836794954530027 16
      vertex 7.864545423573992 4.067366430758002 16
    endloop
  endfacet
  facet normal 0 0 1
    outer loop
      vertex 4.01 14.99625 16
      vertex 7.864545423573992 4.067366430758002 16
      vertex 8.089934758116321 4.5399049973954675 16
    endloop
  endfacet
  facet normal 0 0 1
    outer loop
      vertex 4.01 14.99625 16
      vertex 8.089934758116321 4.5399049973954675 16
      vertex 8.339745962155614 5 16
    endloop
  endfacet
  facet normal 0 0 1
    outer loop
      vertex 4.01 14.99625 16
      vertex 8.339745962155614 5 16
      vertex 8.613294320545759 5.446390350150271 16
    endloop
  endfacet
  facet normal 0 0 1
    outer loop
      vertex 4.01 14.99625 16
      vertex 8.613294320545759 5.446390350150271 16
      vertex 8.909830056250525 5.877852522924732 16
    endloop
  endfacet
  facet normal 0 0 1
    outer loop
      vertex 4.01 14.99625 16
      vertex 8.909830056250525 5.877852522924732 16
      vertex 9.228540385430291 6.293203910498374 16
    endloop
  endfacet
  facet normal 0 0 1
    outer loop
      vertex 4.01 14.99625 16
      vertex 9.228540385430291 6.293203910498374 16
      vertex 9.568551745226058 6.691306063588582 16
    endloop
  endfacet
  facet normal 0 0 1
    outer loop
      vertex 4.01 14.99625 16
      vertex 9.568551745226058 6.691306063588582 16
      vertex 9.928932188134524 7.0710678118654755 16
    endloop
  endfacet
  facet normal 0 0 1
    outer loop
      vertex 4.01 14.99625 16
      vertex 9.928932188134524 7.0710678118654755 16
      vertex 10.308693936411418 7.431448254773942 16
    endloop
  endfacet
  facet normal 0 0 1
    outer loop
      vertex 4.01 14.99625 16
      vertex 10.308693936411418 7.431448254773942 16
      vertex 10.706796089501626 7.771459614569709 16
    endloop
  endfacet
  facet normal 0 0 1
    outer loop
      vertex 4.01 14.99625 16
      vertex 10.706796089501626 7.771459614569709 16
      vertex 11.122147477075268 8.090169943749475 16
    endloop
  endfacet
  facet normal 0 0 1
    outer loop
      vertex 4.01 14.99625 16
      vertex 11.122147477075268 8.090169943749475 16
      vertex 11.55360964984973 8.386705679454241 16
    endloop
  endfacet
  facet normal 0 0 1
    outer loop
      vertex 4.01 14.99625 16
      vertex 11.55360964984973 8.386705679454241 16
      vertex 11.712423640014597 11.029429785049265 16
    endloop
  endfacet
  facet normal 0 0 1
    outer loop
      vertex 4.01 14.99625 16
      vertex 11.712423640014597 11.029429785049265 16
      vertex 11.99838184137111 11.994538714627495 16
    endloop
  endfacet
  facet normal 0 0 1
    outer loop
      vertex 4.01 14.99625 16
      vertex 11.99838184137111 11.994538714627495 16
      vertex 12 12 16
    endloop
  endfacet
  facet normal 0 0 1
    outer loop
      vertex 11.712423640014597 11.029429785049265 16
      vertex 11.55360964984973 8.386705679454241 16
      vertex 11.743974085991526 8.503361155955748 16
    endloop
  endfacet
  facet normal 0 0 1
    outer loop
      vertex 12 12 16
      vertex 11.99838184137111 11.994538714627495 16
      vertex 12 11.995208977877653 16
    endloop
  endfacet
  facet normal 0.5664062369248333 0.8241261886220154 0
    outer loop
      vertex 11.122147477075268 -8.090169943749475 0
      vertex 11.122147477075268 -8.090169943749475 16
      vertex 11.55360964984973 -8.386705679454241 0
    endloop
  endfacet
  facet normal 0.7604059656000314 0.6494480483301833 0
    outer loop
      vertex 9.568551745226058 -6.691306063588582 0
      vertex 9.228540385430291 -6.293203910498374 0
      vertex 9.228540385430291 -6.293203910498374 16
    endloop
  endfacet
  facet normal 0.6494480483301833 0.7604059656000314 0
    outer loop
      vertex 10.308693936411418 -7.431448254773942 0
      vertex 10.308693936411418 -7.431448254773942 16
      vertex 10.706796089501626 -7.771459614569709 0
    endloop
  endfacet
  facet normal 0.608761429008722 0.7933533402912342 0
    outer loop
      vertex 10.706796089501626 -7.771459614569709 0
      vertex 10.706796089501626 -7.771459614569709 16
      vertex 11.122147477075268 -8.090169943749475 0
    endloop
  endfacet
  facet normal 0.6883545756937534 0.7253743710122882 0
    outer loop
      vertex 10.308693936411418 -7.431448254773942 0
      vertex 9.928932188134524 -7.0710678118654755 0
      vertex 9.928932188134524 -7.0710678118654755 16
    endloop
  endfacet
  facet normal 0.7253743710122882 0.6883545756937534 0
    outer loop
      vertex 9.928932188134524 -7.0710678118654755 0
      vertex 9.568551745226058 -6.691306063588582 0
      vertex 9.568551745226058 -6.691306063588582 16
    endloop
  endfacet
  facet normal 0.13052619222004896 0.9914448613738107 0
    outer loop
      vertex 15.435655349597692 -9.876883405951379 0
      vertex 15.435655349597692 -9.876883405951379 16
      vertex 15.954715367323466 -9.945218953682733 0
    endloop
  endfacet
  facet normal 0.07845909572784378 0.996917333733128 0
    outer loop
      vertex 15.954715367323466 -9.945218953682733 0
      vertex 15.954715367323466 -9.945218953682733 16
      vertex 16.476640437570563 -9.986295347545738 0
    endloop
  endfacet
  facet normal 0.026176948307874395 0.999657324975557 0
    outer loop
      vertex 16.476640437570563 -9.986295347545738 0
      vertex 16.476640437570563 -9.986295347545738 16
      vertex 17 -10 0
    endloop
  endfacet
  facet normal -0.026176948307874395 0.999657324975557 0
    outer loop
      vertex 17 -10 0
      vertex 17 -10 16
      vertex 17.523359562429437 -9.986295347545738 0
    endloop
  endfacet
  facet normal -0.07845909572784378 0.996917333733128 0
    outer loop
      vertex 17.523359562429437 -9.986295347545738 0
      vertex 17.523359562429437 -9.986295347545738 16
      vertex 18.045284632676534 -9.945218953682733 0
    endloop
  endfacet
  facet normal -0.13052619222004896 0.9914448613738107 0
    outer loop
      vertex 18.045284632676534 -9.945218953682733 0
      vertex 18.045284632676534 -9.945218953682733 16
      vertex 18.564344650402308 -9.876883405951379 0
    endloop
  endfacet
  facet normal 0.3826834323650896 0.923879532511287 0
    outer loop
      vertex 12.932633569241997 -9.135454576426008 0
      vertex 12.932633569241997 -9.135454576426008 16
      vertex 13.416320504546997 -9.335804264972017 0
    endloop
  endfacet
  facet normal 0.4771587602596096 0.8788171126619646 0
    outer loop
      vertex 12 -8.660254037844386 0
      vertex 12 -8.660254037844386 16
      vertex 12.460095002604533 -8.910065241883679 0
    endloop
  endfacet
  facet normal 0.5224985647159461 0.8526401643540937 0
    outer loop
      vertex 11.55360964984973 -8.386705679454241 0
      vertex 11.55360964984973 -8.386705679454241 16
      vertex 12 -8.660254037844386 0
    endloop
  endfacet
  facet normal 0.4305110968082954 0.9025852843498606 0
    outer loop
      vertex 12.460095002604533 -8.910065241883679 0
      vertex 12.460095002604533 -8.910065241883679 16
      vertex 12.932633569241997 -9.135454576426008 0
    endloop
  endfacet
  facet normal 0.2840153447039243 0.9588197348681925 0
    outer loop
      vertex 13.909830056250525 -9.510565162951535 0
      vertex 13.909830056250525 -9.510565162951535 16
      vertex 14.411809548974793 -9.659258262890683 0
    endloop
  endfacet
  facet normal 0.3338068592337695 0.942641491092179 0
    outer loop
      vertex 13.416320504546997 -9.335804264972017 0
      vertex 13.416320504546997 -9.335804264972017 16
      vertex 13.909830056250525 -9.510565162951535 0
    endloop
  endfacet
  facet normal 0.23344536385590606 0.9723699203976764 0
    outer loop
      vertex 14.411809548974793 -9.659258262890683 0
      vertex 14.411809548974793 -9.659258262890683 16
      vertex 14.920883091822407 -9.781476007338057 0
    endloop
  endfacet
  facet normal 0.18223552549214905 0.9832549075639543 0
    outer loop
      vertex 14.920883091822407 -9.781476007338057 0
      vertex 14.920883091822407 -9.781476007338057 16
      vertex 15.435655349597692 -9.876883405951379 0
    endloop
  endfacet
  facet normal -0.18223552549214905 0.9832549075639543 0
    outer loop
      vertex 18.564344650402308 -9.876883405951379 0
      vertex 18.564344650402308 -9.876883405951379 16
      vertex 19.079116908177593 -9.781476007338057 0
    endloop
  endfacet
  facet normal -0.2334453638559068 0.9723699203976761 0
    outer loop
      vertex 19.079116908177593 -9.781476007338057 16
      vertex 19.588190451025206 -9.659258262890683 0
      vertex 19.079116908177593 -9.781476007338057 0
    endloop
  endfacet
  facet normal -0.2840153447039243 0.9588197348681925 0
    outer loop
      vertex 19.588190451025206 -9.659258262890683 0
      vertex 19.588190451025206 -9.659258262890683 16
      vertex 20.090169943749473 -9.510565162951535 0
    endloop
  endfacet
  facet normal -0.3338068592337695 0.942641491092179 0
    outer loop
      vertex 20.090169943749473 -9.510565162951535 0
      vertex 20.090169943749473 -9.510565162951535 16
      vertex 20.583679495453 -9.335804264972017 0
    endloop
  endfacet
  facet normal -0.3826834323650884 0.9238795325112874 0
    outer loop
      vertex 20.583679495453 -9.335804264972017 0
      vertex 20.583679495453 -9.335804264972017 16
      vertex 21.067366430758003 -9.135454576426008 0
    endloop
  endfacet
  facet normal -0.4305110968082954 0.9025852843498606 0
    outer loop
      vertex 21.067366430758003 -9.135454576426008 16
      vertex 21.539904997395467 -8.910065241883679 0
      vertex 21.067366430758003 -9.135454576426008 0
    endloop
  endfacet
  facet normal -0.4771587602596096 0.8788171126619646 0
    outer loop
      vertex 21.539904997395467 -8.910065241883679 0
      vertex 21.539904997395467 -8.910065241883679 16
      vertex 22 -8.660254037844386 0
    endloop
  endfacet
  facet normal -0.5224985647159461 0.8526401643540937 0
    outer loop
      vertex 22 -8.660254037844386 0
      vertex 22 -8.660254037844386 16
      vertex 22.44639035015027 -8.386705679454241 0
    endloop
  endfacet
  facet normal -0.5664062369248316 0.8241261886220164 0
    outer loop
      vertex 22.44639035015027 -8.386705679454241 0
      vertex 22.44639035015027 -8.386705679454241 16
      vertex 22.877852522924734 -8.090169943749475 0
    endloop
  endfacet
  facet normal -0.6087614290087235 0.7933533402912328 0
    outer loop
      vertex 22.877852522924734 -8.090169943749475 0
      vertex 22.877852522924734 -8.090169943749475 16
      vertex 23.293203910498374 -7.771459614569709 0
    endloop
  endfacet
  facet normal -0.6494480483301815 0.7604059656000326 0
    outer loop
      vertex 23.293203910498374 -7.771459614569709 0
      vertex 23.293203910498374 -7.771459614569709 16
      vertex 23.691306063588584 -7.431448254773942 0
    endloop
  endfacet
  facet normal -0.6883545756937551 0.7253743710122867 0
    outer loop
      vertex 23.691306063588584 -7.431448254773942 0
      vertex 23.691306063588584 -7.431448254773942 16
      vertex 24.071067811865476 -7.0710678118654755 0
    endloop
  endfacet
  facet normal -0.72537437101229 0.6883545756937516 0
    outer loop
      vertex 24.43144825477394 -6.691306063588582 0
      vertex 24.071067811865476 -7.0710678118654755 0
      vertex 24.071067811865476 -7.0710678118654755 16
    endloop
  endfacet
  facet normal -0.7604059656000314 0.6494480483301833 0
    outer loop
      vertex 24.771459614569707 -6.293203910498374 0
      vertex 24.43144825477394 -6.691306063588582 0
      vertex 24.43144825477394 -6.691306063588582 16
    endloop
  endfacet
  facet normal 0.7604059656000314 0.6494480483301833 0
    outer loop
      vertex 9.568551745226058 -6.691306063588582 0
      vertex 9.228540385430291 -6.293203910498374 16
      vertex 9.568551745226058 -6.691306063588582 16
    endloop
  endfacet
  facet normal 0.6883545756937534 0.7253743710122882 0
    outer loop
      vertex 10.308693936411418 -7.431448254773942 0
      vertex 9.928932188134524 -7.0710678118654755 16
      vertex 10.308693936411418 -7.431448254773942 16
    endloop
  endfacet
  facet normal 0.608761429008722 0.7933533402912342 0
    outer loop
      vertex 11.122147477075268 -8.090169943749475 0
      vertex 10.706796089501626 -7.771459614569709 16
      vertex 11.122147477075268 -8.090169943749475 16
    endloop
  endfacet
  facet normal 0.6494480483301833 0.7604059656000314 0
    outer loop
      vertex 10.706796089501626 -7.771459614569709 0
      vertex 10.308693936411418 -7.431448254773942 16
      vertex 10.706796089501626 -7.771459614569709 16
    endloop
  endfacet
  facet normal 0.7253743710122882 0.6883545756937534 0
    outer loop
      vertex 9.928932188134524 -7.0710678118654755 0
      vertex 9.568551745226058 -6.691306063588582 16
      vertex 9.928932188134524 -7.0710678118654755 16
    endloop
  endfacet
  facet normal 0.13052619222004896 0.9914448613738107 0
    outer loop
      vertex 15.954715367323466 -9.945218953682733 0
      vertex 15.435655349597692 -9.876883405951379 16
      vertex 15.954715367323466 -9.945218953682733 16
    endloop
  endfacet
  facet normal 0.07845909572784378 0.996917333733128 0
    outer loop
      vertex 16.476640437570563 -9.986295347545738 0
      vertex 15.954715367323466 -9.945218953682733 16
      vertex 16.476640437570563 -9.986295347545738 16
    endloop
  endfacet
  facet normal 0.026176948307874395 0.999657324975557 0
    outer loop
      vertex 17 -10 0
      vertex 16.476640437570563 -9.986295347545738 16
      vertex 17 -10 16
    endloop
  endfacet
  facet normal -0.026176948307874395 0.999657324975557 0
    outer loop
      vertex 17.523359562429437 -9.986295347545738 0
      vertex 17 -10 16
      vertex 17.523359562429437 -9.986295347545738 16
    endloop
  endfacet
  facet normal -0.07845909572784378 0.996917333733128 0
    outer loop
      vertex 18.045284632676534 -9.945218953682733 0
      vertex 17.523359562429437 -9.986295347545738 16
      vertex 18.045284632676534 -9.945218953682733 16
    endloop
  endfacet
  facet normal -0.13052619222004896 0.9914448613738107 0
    outer loop
      vertex 18.564344650402308 -9.876883405951379 0
      vertex 18.045284632676534 -9.945218953682733 16
      vertex 18.564344650402308 -9.876883405951379 16
    endloop
  endfacet
  facet normal 0.4305110968082954 0.9025852843498606 0
    outer loop
      vertex 12.932633569241997 -9.135454576426008 0
      vertex 12.460095002604533 -8.910065241883679 16
      vertex 12.932633569241997 -9.135454576426008 16
    endloop
  endfacet
  facet normal 0.522498564715946 0.8526401643540941 -6.8575552075014826e-18
    outer loop
      vertex 11.95802534490525 -8.634531936120421 16
      vertex 12 -8.660254037844386 0
      vertex 11.55360964984973 -8.386705679454241 16
    endloop
  endfacet
  facet normal 0.4771587602596096 0.8788171126619646 0
    outer loop
      vertex 12.460095002604533 -8.910065241883679 0
      vertex 12 -8.660254037844386 16
      vertex 12.460095002604533 -8.910065241883679 16
    endloop
  endfacet
  facet normal 0.5224985647159479 0.8526401643540928 0
    outer loop
      vertex 12 -8.660254037844386 0
      vertex 11.95802534490525 -8.634531936120421 16
      vertex 12 -8.660254037844386 16
    endloop
  endfacet
  facet normal 0.5664062369248333 0.8241261886220154 0
    outer loop
      vertex 11.55360964984973 -8.386705679454241 0
      vertex 11.122147477075268 -8.090169943749475 16
      vertex 11.55360964984973 -8.386705679454241 16
    endloop
  endfacet
  facet normal 0.3338068592337695 0.942641491092179 0
    outer loop
      vertex 13.909830056250525 -9.510565162951535 0
      vertex 13.416320504546997 -9.335804264972017 16
      vertex 13.909830056250525 -9.510565162951535 16
    endloop
  endfacet
  facet normal 0.3826834323650896 0.923879532511287 0
    outer loop
      vertex 13.416320504546997 -9.335804264972017 0
      vertex 12.932633569241997 -9.135454576426008 16
      vertex 13.416320504546997 -9.335804264972017 16
    endloop
  endfacet
  facet normal 0.2840153447039243 0.9588197348681925 0
    outer loop
      vertex 14.411809548974793 -9.659258262890683 0
      vertex 13.909830056250525 -9.510565162951535 16
      vertex 14.411809548974793 -9.659258262890683 16
    endloop
  endfacet
  facet normal 0.23344536385590606 0.9723699203976764 0
    outer loop
      vertex 14.920883091822407 -9.781476007338057 0
      vertex 14.411809548974793 -9.659258262890683 16
      vertex 14.920883091822407 -9.781476007338057 16
    endloop
  endfacet
  facet normal 0.18223552549214905 0.9832549075639543 0
    outer loop
      vertex 15.435655349597692 -9.876883405951379 0
      vertex 14.920883091822407 -9.781476007338057 16
      vertex 15.435655349597692 -9.876883405951379 16
    endloop
  endfacet
  facet normal -0.18223552549214905 0.9832549075639543 0
    outer loop
      vertex 19.079116908177593 -9.781476007338057 16
      vertex 19.079116908177593 -9.781476007338057 0
      vertex 18.564344650402308 -9.876883405951379 16
    endloop
  endfacet
  facet normal -0.2334453638559068 0.9723699203976761 0
    outer loop
      vertex 19.588190451025206 -9.659258262890683 0
      vertex 19.079116908177593 -9.781476007338057 16
      vertex 19.588190451025206 -9.659258262890683 16
    endloop
  endfacet
  facet normal -0.2840153447039243 0.9588197348681925 0
    outer loop
      vertex 20.090169943749473 -9.510565162951535 0
      vertex 19.588190451025206 -9.659258262890683 16
      vertex 20.090169943749473 -9.510565162951535 16
    endloop
  endfacet
  facet normal -0.3338068592337695 0.942641491092179 0
    outer loop
      vertex 20.583679495453 -9.335804264972017 0
      vertex 20.090169943749473 -9.510565162951535 16
      vertex 20.583679495453 -9.335804264972017 16
    endloop
  endfacet
  facet normal -0.3826834323650884 0.9238795325112874 0
    outer loop
      vertex 21.067366430758003 -9.135454576426008 16
      vertex 21.067366430758003 -9.135454576426008 0
      vertex 20.583679495453 -9.335804264972017 16
    endloop
  endfacet
  facet normal -0.4305110968082954 0.9025852843498606 0
    outer loop
      vertex 21.539904997395467 -8.910065241883679 0
      vertex 21.067366430758003 -9.135454576426008 16
      vertex 21.539904997395467 -8.910065241883679 16
    endloop
  endfacet
  facet normal -0.4771587602596096 0.8788171126619646 0
    outer loop
      vertex 22 -8.660254037844386 0
      vertex 21.539904997395467 -8.910065241883679 16
      vertex 22 -8.660254037844386 16
    endloop
  endfacet
  facet normal -0.5224985647159461 0.8526401643540937 0
    outer loop
      vertex 22.44639035015027 -8.386705679454241 0
      vertex 22 -8.660254037844386 16
      vertex 22.44639035015027 -8.386705679454241 16
    endloop
  endfacet
  facet normal -0.5664062369248316 0.8241261886220164 0
    outer loop
      vertex 22.877852522924734 -8.090169943749475 0
      vertex 22.44639035015027 -8.386705679454241 16
      vertex 22.877852522924734 -8.090169943749475 16
    endloop
  endfacet
  facet normal -0.6087614290087235 0.7933533402912328 0
    outer loop
      vertex 23.293203910498374 -7.771459614569709 0
      vertex 22.877852522924734 -8.090169943749475 16
      vertex 23.293203910498374 -7.771459614569709 16
    endloop
  endfacet
  facet normal -0.6494480483301815 0.7604059656000326 0
    outer loop
      vertex 23.293203910498374 -7.771459614569709 16
      vertex 23.691306063588584 -7.431448254773942 16
      vertex 23.691306063588584 -7.431448254773942 0
    endloop
  endfacet
  facet normal -0.6883545756937551 0.7253743710122867 0
    outer loop
      vertex 24.071067811865476 -7.0710678118654755 0
      vertex 23.691306063588584 -7.431448254773942 16
      vertex 24.071067811865476 -7.0710678118654755 16
    endloop
  endfacet
  facet normal -0.72537437101229 0.6883545756937516 0
    outer loop
      vertex 24.071067811865476 -7.0710678118654755 16
      vertex 24.43144825477394 -6.691306063588582 16
      vertex 24.43144825477394 -6.691306063588582 0
    endloop
  endfacet
  facet normal -0.7604059656000314 0.6494480483301833 0
    outer loop
      vertex 24.43144825477394 -6.691306063588582 16
      vertex 24.771459614569707 -6.293203910498374 16
      vertex 24.771459614569707 -6.293203910498374 0
    endloop
  endfacet
  facet normal 0.9238795325112866 0.38268343236508984 0
    outer loop
      vertex 7.864545423573992 -4.067366430758002 0
      vertex 7.664195735027983 -3.5836794954530027 0
      vertex 7.664195735027983 -3.5836794954530027 16
    endloop
  endfacet
  facet normal 0.942641491092179 0.3338068592337695 0
    outer loop
      vertex 7.664195735027983 -3.5836794954530027 0
      vertex 7.489434837048465 -3.090169943749474 0
      vertex 7.489434837048465 -3.090169943749474 16
    endloop
  endfacet
  facet normal 0.7933533402912342 0.608761429008722 0
    outer loop
      vertex 9.228540385430291 -6.293203910498374 0
      vertex 8.909830056250525 -5.877852522924732 0
      vertex 8.909830056250525 -5.877852522924732 16
    endloop
  endfacet
  facet normal 0.8241261886220154 0.5664062369248333 0
    outer loop
      vertex 8.909830056250525 -5.877852522924732 0
      vertex 8.613294320545759 -5.446390350150271 0
      vertex 8.613294320545759 -5.446390350150271 16
    endloop
  endfacet
  facet normal 0.8526401643540937 0.5224985647159461 0
    outer loop
      vertex 8.613294320545759 -5.446390350150271 0
      vertex 8.339745962155614 -5 0
      vertex 8.339745962155614 -5 16
    endloop
  endfacet
  facet normal 0.8788171126619646 0.4771587602596096 0
    outer loop
      vertex 8.339745962155614 -5 0
      vertex 8.089934758116321 -4.5399049973954675 0
      vertex 8.089934758116321 -4.5399049973954675 16
    endloop
  endfacet
  facet normal 0.9025852843498609 0.4305110968082947 0
    outer loop
      vertex 8.089934758116321 -4.5399049973954675 0
      vertex 7.864545423573992 -4.067366430758002 0
      vertex 7.864545423573992 -4.067366430758002 16
    endloop
  endfacet
  facet normal 0.9588197348681925 0.28401534470392453 0
    outer loop
      vertex 7.489434837048465 -3.090169943749474 0
      vertex 7.340741737109317 -2.5881904510252074 0
      vertex 7.340741737109317 -2.5881904510252074 16
    endloop
  endfacet
  facet normal 0.9723699203976764 0.23344536385590645 0
    outer loop
      vertex 7.340741737109317 -2.5881904510252074 0
      vertex 7.218523992661943 -2.0791169081775935 0
      vertex 7.218523992661943 -2.0791169081775935 16
    endloop
  endfacet
  facet normal 0.9832549075639543 0.1822355254921489 0
    outer loop
      vertex 7.218523992661943 -2.0791169081775935 0
      vertex 7.123116594048621 -1.5643446504023086 0
      vertex 7.123116594048621 -1.5643446504023086 16
    endloop
  endfacet
  facet normal 0.9914448613738106 0.13052619222004908 0
    outer loop
      vertex 7.123116594048621 -1.5643446504023086 0
      vertex 7.054781046317267 -1.0452846326765348 0
      vertex 7.054781046317267 -1.0452846326765348 16
    endloop
  endfacet
  facet normal 0.996917333733128 0.07845909572784379 0
    outer loop
      vertex 7.054781046317267 -1.0452846326765348 0
      vertex 7.013704652454262 -0.5233595624294384 0
      vertex 7.013704652454262 -0.5233595624294384 16
    endloop
  endfacet
  facet normal 0.9996573249755573 0.02617694830787435 0
    outer loop
      vertex 7.013704652454262 -0.5233595624294384 0
      vertex 7 0 0
      vertex 7 0 16
    endloop
  endfacet
  facet normal 0.9996573249755573 -0.02617694830787435 0
    outer loop
      vertex 7 0 0
      vertex 7.013704652454262 0.5233595624294384 0
      vertex 7.013704652454262 0.5233595624294384 16
    endloop
  endfacet
  facet normal 0.996917333733128 -0.07845909572784379 0
    outer loop
      vertex 7.013704652454262 0.5233595624294384 0
      vertex 7.054781046317267 1.0452846326765348 0
      vertex 7.054781046317267 1.0452846326765348 16
    endloop
  endfacet
  facet normal 0.9914448613738106 -0.13052619222004908 0
    outer loop
      vertex 7.054781046317267 1.0452846326765348 0
      vertex 7.123116594048621 1.5643446504023086 0
      vertex 7.123116594048621 1.5643446504023086 16
    endloop
  endfacet
  facet normal 0.9832549075639543 -0.1822355254921489 0
    outer loop
      vertex 7.123116594048621 1.5643446504023086 0
      vertex 7.218523992661943 2.0791169081775935 0
      vertex 7.218523992661943 2.0791169081775935 16
    endloop
  endfacet
  facet normal 0.9723699203976764 -0.23344536385590645 0
    outer loop
      vertex 7.218523992661943 2.0791169081775935 0
      vertex 7.340741737109317 2.5881904510252074 0
      vertex 7.340741737109317 2.5881904510252074 16
    endloop
  endfacet
  facet normal 0.9588197348681925 -0.28401534470392453 0
    outer loop
      vertex 7.340741737109317 2.5881904510252074 0
      vertex 7.489434837048465 3.090169943749474 0
      vertex 7.489434837048465 3.090169943749474 16
    endloop
  endfacet
  facet normal 0.942641491092179 -0.3338068592337695 0
    outer loop
      vertex 7.489434837048465 3.090169943749474 0
      vertex 7.664195735027983 3.5836794954530027 0
      vertex 7.664195735027983 3.5836794954530027 16
    endloop
  endfacet
  facet normal 0.9238795325112866 -0.38268343236508984 0
    outer loop
      vertex 7.664195735027983 3.5836794954530027 0
      vertex 7.864545423573992 4.067366430758002 0
      vertex 7.864545423573992 4.067366430758002 16
    endloop
  endfacet
  facet normal 0.9025852843498609 -0.4305110968082947 0
    outer loop
      vertex 7.864545423573992 4.067366430758002 0
      vertex 8.089934758116321 4.5399049973954675 0
      vertex 8.089934758116321 4.5399049973954675 16
    endloop
  endfacet
  facet normal 0.8788171126619646 -0.4771587602596096 0
    outer loop
      vertex 8.089934758116321 4.5399049973954675 0
      vertex 8.339745962155614 5 0
      vertex 8.339745962155614 5 16
    endloop
  endfacet
  facet normal 0.8526401643540937 -0.5224985647159461 0
    outer loop
      vertex 8.339745962155614 5 0
      vertex 8.613294320545759 5.446390350150271 0
      vertex 8.613294320545759 5.446390350150271 16
    endloop
  endfacet
  facet normal 0.8241261886220154 -0.5664062369248333 0
    outer loop
      vertex 8.613294320545759 5.446390350150271 0
      vertex 8.909830056250525 5.877852522924732 0
      vertex 8.909830056250525 5.877852522924732 16
    endloop
  endfacet
  facet normal 0.7933533402912342 -0.608761429008722 0
    outer loop
      vertex 8.909830056250525 5.877852522924732 0
      vertex 9.228540385430291 6.293203910498374 0
      vertex 9.228540385430291 6.293203910498374 16
    endloop
  endfacet
  facet normal 0.7604059656000314 -0.6494480483301833 0
    outer loop
      vertex 9.228540385430291 6.293203910498374 0
      vertex 9.568551745226058 6.691306063588582 0
      vertex 9.568551745226058 6.691306063588582 16
    endloop
  endfacet
  facet normal 0.7253743710122882 -0.6883545756937534 0
    outer loop
      vertex 9.568551745226058 6.691306063588582 0
      vertex 9.928932188134524 7.0710678118654755 0
      vertex 9.928932188134524 7.0710678118654755 16
    endloop
  endfacet
  facet normal 0.6883545756937534 -0.7253743710122882 0
    outer loop
      vertex 10.308693936411418 7.431448254773942 0
      vertex 10.308693936411418 7.431448254773942 16
      vertex 9.928932188134524 7.0710678118654755 0
    endloop
  endfacet
  facet normal -0.7933533402912342 0.608761429008722 0
    outer loop
      vertex 25.090169943749473 -5.877852522924732 0
      vertex 24.771459614569707 -6.293203910498374 0
      vertex 24.771459614569707 -6.293203910498374 16
    endloop
  endfacet
  facet normal -0.8241261886220138 0.5664062369248356 0
    outer loop
      vertex 25.38670567945424 -5.446390350150271 0
      vertex 25.090169943749473 -5.877852522924732 0
      vertex 25.090169943749473 -5.877852522924732 16
    endloop
  endfacet
  facet normal -0.852640164354094 0.5224985647159461 0
    outer loop
      vertex 25.66025403783024 -5.0000000000230855 0
      vertex 25.38670567945424 -5.446390350150271 0
      vertex 25.38670567945424 -5.446390350150271 16
    endloop
  endfacet
  facet normal -0.852640164354094 -0.5224985647159461 0
    outer loop
      vertex 25.38670567945424 5.446390350150271 0
      vertex 25.66025403783024 5.0000000000230855 0
      vertex 25.66025403783024 5.0000000000230855 16
    endloop
  endfacet
  facet normal -0.8241261886220138 -0.5664062369248356 0
    outer loop
      vertex 25.090169943749473 5.877852522924732 0
      vertex 25.38670567945424 5.446390350150271 0
      vertex 25.38670567945424 5.446390350150271 16
    endloop
  endfacet
  facet normal -0.6883545756937551 -0.7253743710122867 0
    outer loop
      vertex 23.691306063588584 7.431448254773942 0
      vertex 24.071067811865476 7.0710678118654755 0
      vertex 24.071067811865476 7.0710678118654755 16
    endloop
  endfacet
  facet normal -0.7604059656000314 -0.6494480483301833 0
    outer loop
      vertex 24.43144825477394 6.691306063588582 0
      vertex 24.771459614569707 6.293203910498374 0
      vertex 24.771459614569707 6.293203910498374 16
    endloop
  endfacet
  facet normal -0.7933533402912342 -0.608761429008722 0
    outer loop
      vertex 24.771459614569707 6.293203910498374 0
      vertex 25.090169943749473 5.877852522924732 0
      vertex 25.090169943749473 5.877852522924732 16
    endloop
  endfacet
  facet normal -0.72537437101229 -0.6883545756937516 0
    outer loop
      vertex 24.071067811865476 7.0710678118654755 0
      vertex 24.43144825477394 6.691306063588582 0
      vertex 24.43144825477394 6.691306063588582 16
    endloop
  endfacet
  facet normal 0.942641491092179 0.3338068592337695 0
    outer loop
      vertex 7.664195735027983 -3.5836794954530027 0
      vertex 7.489434837048465 -3.090169943749474 16
      vertex 7.664195735027983 -3.5836794954530027 16
    endloop
  endfacet
  facet normal 0.7933533402912342 0.608761429008722 0
    outer loop
      vertex 9.228540385430291 -6.293203910498374 0
      vertex 8.909830056250525 -5.877852522924732 16
      vertex 9.228540385430291 -6.293203910498374 16
    endloop
  endfacet
  facet normal 0.8241261886220154 0.5664062369248333 0
    outer loop
      vertex 8.909830056250525 -5.877852522924732 0
      vertex 8.613294320545759 -5.446390350150271 16
      vertex 8.909830056250525 -5.877852522924732 16
    endloop
  endfacet
  facet normal 0.8526401643540937 0.5224985647159461 0
    outer loop
      vertex 8.613294320545759 -5.446390350150271 0
      vertex 8.339745962155614 -5 16
      vertex 8.613294320545759 -5.446390350150271 16
    endloop
  endfacet
  facet normal 0.8788171126619646 0.4771587602596096 0
    outer loop
      vertex 8.339745962155614 -5 0
      vertex 8.089934758116321 -4.5399049973954675 16
      vertex 8.339745962155614 -5 16
    endloop
  endfacet
  facet normal 0.9025852843498609 0.4305110968082947 0
    outer loop
      vertex 8.089934758116321 -4.5399049973954675 0
      vertex 7.864545423573992 -4.067366430758002 16
      vertex 8.089934758116321 -4.5399049973954675 16
    endloop
  endfacet
  facet normal 0.9238795325112866 0.38268343236508984 0
    outer loop
      vertex 7.864545423573992 -4.067366430758002 0
      vertex 7.664195735027983 -3.5836794954530027 16
      vertex 7.864545423573992 -4.067366430758002 16
    endloop
  endfacet
  facet normal 0.9588197348681925 0.28401534470392453 0
    outer loop
      vertex 7.489434837048465 -3.090169943749474 0
      vertex 7.340741737109317 -2.5881904510252074 16
      vertex 7.489434837048465 -3.090169943749474 16
    endloop
  endfacet
  facet normal 0.9723699203976764 0.23344536385590645 0
    outer loop
      vertex 7.340741737109317 -2.5881904510252074 0
      vertex 7.218523992661943 -2.0791169081775935 16
      vertex 7.340741737109317 -2.5881904510252074 16
    endloop
  endfacet
  facet normal 0.9832549075639543 0.1822355254921489 0
    outer loop
      vertex 7.218523992661943 -2.0791169081775935 0
      vertex 7.123116594048621 -1.5643446504023086 16
      vertex 7.218523992661943 -2.0791169081775935 16
    endloop
  endfacet
  facet normal 0.9914448613738106 0.13052619222004908 0
    outer loop
      vertex 7.123116594048621 -1.5643446504023086 0
      vertex 7.054781046317267 -1.0452846326765348 16
      vertex 7.123116594048621 -1.5643446504023086 16
    endloop
  endfacet
  facet normal 0.996917333733128 0.07845909572784379 0
    outer loop
      vertex 7.054781046317267 -1.0452846326765348 0
      vertex 7.013704652454262 -0.5233595624294384 16
      vertex 7.054781046317267 -1.0452846326765348 16
    endloop
  endfacet
  facet normal 0.9996573249755573 0.02617694830787435 0
    outer loop
      vertex 7.013704652454262 -0.5233595624294384 0
      vertex 7 0 16
      vertex 7.013704652454262 -0.5233595624294384 16
    endloop
  endfacet
  facet normal 0.9996573249755573 -0.02617694830787435 0
    outer loop
      vertex 7 0 0
      vertex 7.013704652454262 0.5233595624294384 16
      vertex 7 0 16
    endloop
  endfacet
  facet normal 0.996917333733128 -0.07845909572784379 0
    outer loop
      vertex 7.013704652454262 0.5233595624294384 0
      vertex 7.054781046317267 1.0452846326765348 16
      vertex 7.013704652454262 0.5233595624294384 16
    endloop
  endfacet
  facet normal 0.9914448613738106 -0.13052619222004908 0
    outer loop
      vertex 7.054781046317267 1.0452846326765348 0
      vertex 7.123116594048621 1.5643446504023086 16
      vertex 7.054781046317267 1.0452846326765348 16
    endloop
  endfacet
  facet normal 0.9832549075639543 -0.1822355254921489 0
    outer loop
      vertex 7.123116594048621 1.5643446504023086 0
      vertex 7.218523992661943 2.0791169081775935 16
      vertex 7.123116594048621 1.5643446504023086 16
    endloop
  endfacet
  facet normal 0.9723699203976764 -0.23344536385590645 0
    outer loop
      vertex 7.218523992661943 2.0791169081775935 0
      vertex 7.340741737109317 2.5881904510252074 16
      vertex 7.218523992661943 2.0791169081775935 16
    endloop
  endfacet
  facet normal 0.9588197348681925 -0.28401534470392453 0
    outer loop
      vertex 7.340741737109317 2.5881904510252074 0
      vertex 7.489434837048465 3.090169943749474 16
      vertex 7.340741737109317 2.5881904510252074 16
    endloop
  endfacet
  facet normal 0.942641491092179 -0.3338068592337695 0
    outer loop
      vertex 7.664195735027983 3.5836794954530027 16
      vertex 7.489434837048465 3.090169943749474 16
      vertex 7.489434837048465 3.090169943749474 0
    endloop
  endfacet
  facet normal 0.9238795325112866 -0.38268343236508984 0
    outer loop
      vertex 7.664195735027983 3.5836794954530027 0
      vertex 7.864545423573992 4.067366430758002 16
      vertex 7.664195735027983 3.5836794954530027 16
    endloop
  endfacet
  facet normal 0.9025852843498609 -0.4305110968082947 0
    outer loop
      vertex 7.864545423573992 4.067366430758002 0
      vertex 8.089934758116321 4.5399049973954675 16
      vertex 7.864545423573992 4.067366430758002 16
    endloop
  endfacet
  facet normal 0.8788171126619646 -0.4771587602596096 0
    outer loop
      vertex 8.089934758116321 4.5399049973954675 0
      vertex 8.339745962155614 5 16
      vertex 8.089934758116321 4.5399049973954675 16
    endloop
  endfacet
  facet normal 0.8526401643540937 -0.5224985647159461 0
    outer loop
      vertex 8.339745962155614 5 0
      vertex 8.613294320545759 5.446390350150271 16
      vertex 8.339745962155614 5 16
    endloop
  endfacet
  facet normal 0.8241261886220154 -0.5664062369248333 0
    outer loop
      vertex 8.613294320545759 5.446390350150271 0
      vertex 8.909830056250525 5.877852522924732 16
      vertex 8.613294320545759 5.446390350150271 16
    endloop
  endfacet
  facet normal 0.7933533402912342 -0.608761429008722 0
    outer loop
      vertex 8.909830056250525 5.877852522924732 0
      vertex 9.228540385430291 6.293203910498374 16
      vertex 8.909830056250525 5.877852522924732 16
    endloop
  endfacet
  facet normal 0.7604059656000314 -0.6494480483301833 0
    outer loop
      vertex 9.228540385430291 6.293203910498374 0
      vertex 9.568551745226058 6.691306063588582 16
      vertex 9.228540385430291 6.293203910498374 16
    endloop
  endfacet
  facet normal 0.7253743710122882 -0.6883545756937534 0
    outer loop
      vertex 9.568551745226058 6.691306063588582 0
      vertex 9.928932188134524 7.0710678118654755 16
      vertex 9.568551745226058 6.691306063588582 16
    endloop
  endfacet
  facet normal 0.6883545756937534 -0.7253743710122882 0
    outer loop
      vertex 9.928932188134524 7.0710678118654755 0
      vertex 10.308693936411418 7.431448254773942 16
      vertex 9.928932188134524 7.0710678118654755 16
    endloop
  endfacet
  facet normal -0.7933533402912342 0.608761429008722 0
    outer loop
      vertex 24.771459614569707 -6.293203910498374 16
      vertex 25.090169943749473 -5.877852522924732 16
      vertex 25.090169943749473 -5.877852522924732 0
    endloop
  endfacet
  facet normal -0.8241261886220138 0.5664062369248356 0
    outer loop
      vertex 25.090169943749473 -5.877852522924732 16
      vertex 25.38670567945424 -5.446390350150271 16
      vertex 25.38670567945424 -5.446390350150271 0
    endloop
  endfacet
  facet normal -0.852640164354094 0.5224985647159461 0
    outer loop
      vertex 25.38670567945424 -5.446390350150271 16
      vertex 25.66025403783024 -5.0000000000230855 16
      vertex 25.66025403783024 -5.0000000000230855 0
    endloop
  endfacet
  facet normal -0.852640164354094 -0.5224985647159461 0
    outer loop
      vertex 25.38670567945424 5.446390350150271 0
      vertex 25.66025403783024 5.0000000000230855 16
      vertex 25.38670567945424 5.446390350150271 16
    endloop
  endfacet
  facet normal -0.6883545756937551 -0.7253743710122867 0
    outer loop
      vertex 23.691306063588584 7.431448254773942 0
      vertex 24.071067811865476 7.0710678118654755 16
      vertex 23.691306063588584 7.431448254773942 16
    endloop
  endfacet
  facet normal -0.7933533402912342 -0.608761429008722 0
    outer loop
      vertex 24.771459614569707 6.293203910498374 0
      vertex 25.090169943749473 5.877852522924732 16
      vertex 24.771459614569707 6.293203910498374 16
    endloop
  endfacet
  facet normal -0.8241261886220138 -0.5664062369248356 0
    outer loop
      vertex 25.38670567945424 5.446390350150271 16
      vertex 25.090169943749473 5.877852522924732 16
      vertex 25.090169943749473 5.877852522924732 0
    endloop
  endfacet
  facet normal -0.72537437101229 -0.6883545756937516 0
    outer loop
      vertex 24.43144825477394 6.691306063588582 16
      vertex 24.071067811865476 7.0710678118654755 16
      vertex 24.071067811865476 7.0710678118654755 0
    endloop
  endfacet
  facet normal -0.7604059656000314 -0.6494480483301833 0
    outer loop
      vertex 24.771459614569707 6.293203910498374 16
      vertex 24.43144825477394 6.691306063588582 16
      vertex 24.43144825477394 6.691306063588582 0
    endloop
  endfacet
  facet normal 0.6494480483301833 -0.7604059656000314 0
    outer loop
      vertex 10.706796089501626 7.771459614569709 0
      vertex 10.706796089501626 7.771459614569709 16
      vertex 10.308693936411418 7.431448254773942 0
    endloop
  endfacet
  facet normal 0.608761429008722 -0.7933533402912342 0
    outer loop
      vertex 11.122147477075268 8.090169943749475 0
      vertex 11.122147477075268 8.090169943749475 16
      vertex 10.706796089501626 7.771459614569709 0
    endloop
  endfacet
  facet normal 0.5664062369248333 -0.8241261886220154 0
    outer loop
      vertex 11.55360964984973 8.386705679454241 0
      vertex 11.55360964984973 8.386705679454241 16
      vertex 11.122147477075268 8.090169943749475 0
    endloop
  endfacet
  facet normal 0.5224985647159461 -0.8526401643540937 0
    outer loop
      vertex 12 8.660254037844386 0
      vertex 12 8.660254037844386 16
      vertex 11.55360964984973 8.386705679454241 0
    endloop
  endfacet
  facet normal 0.4771587602596096 -0.8788171126619646 0
    outer loop
      vertex 12.460095002604533 8.910065241883679 0
      vertex 12.460095002604533 8.910065241883679 16
      vertex 12 8.660254037844386 0
    endloop
  endfacet
  facet normal 0.4305110968082954 -0.9025852843498606 0
    outer loop
      vertex 12.932633569241997 9.135454576426008 0
      vertex 12.932633569241997 9.135454576426008 16
      vertex 12.460095002604533 8.910065241883679 0
    endloop
  endfacet
  facet normal 0.3826834323650896 -0.923879532511287 0
    outer loop
      vertex 13.416320504546997 9.335804264972017 0
      vertex 13.416320504546997 9.335804264972017 16
      vertex 12.932633569241997 9.135454576426008 0
    endloop
  endfacet
  facet normal 0.3338068592337695 -0.942641491092179 0
    outer loop
      vertex 13.909830056250525 9.510565162951535 0
      vertex 13.909830056250525 9.510565162951535 16
      vertex 13.416320504546997 9.335804264972017 0
    endloop
  endfacet
  facet normal 0.2840153447039243 -0.9588197348681925 0
    outer loop
      vertex 14.411809548974793 9.659258262890683 0
      vertex 14.411809548974793 9.659258262890683 16
      vertex 13.909830056250525 9.510565162951535 0
    endloop
  endfacet
  facet normal 0.23344536385590606 -0.9723699203976764 0
    outer loop
      vertex 14.920883091822407 9.781476007338057 0
      vertex 14.920883091822407 9.781476007338057 16
      vertex 14.411809548974793 9.659258262890683 0
    endloop
  endfacet
  facet normal 0.18223552549214905 -0.9832549075639543 0
    outer loop
      vertex 15.435655349597692 9.876883405951379 0
      vertex 15.435655349597692 9.876883405951379 16
      vertex 14.920883091822407 9.781476007338057 0
    endloop
  endfacet
  facet normal 0.13052619222004896 -0.9914448613738107 0
    outer loop
      vertex 15.954715367323466 9.945218953682733 0
      vertex 15.954715367323466 9.945218953682733 16
      vertex 15.435655349597692 9.876883405951379 0
    endloop
  endfacet
  facet normal 0.07845909572784378 -0.996917333733128 0
    outer loop
      vertex 16.476640437570563 9.986295347545738 0
      vertex 16.476640437570563 9.986295347545738 16
      vertex 15.954715367323466 9.945218953682733 0
    endloop
  endfacet
  facet normal 0.026176948307874395 -0.999657324975557 0
    outer loop
      vertex 17 10 16
      vertex 16.476640437570563 9.986295347545738 0
      vertex 17 10 0
    endloop
  endfacet
  facet normal -0.07845909572784378 -0.996917333733128 0
    outer loop
      vertex 18.045284632676534 9.945218953682733 0
      vertex 18.045284632676534 9.945218953682733 16
      vertex 17.523359562429437 9.986295347545738 0
    endloop
  endfacet
  facet normal -0.13052619222004896 -0.9914448613738107 0
    outer loop
      vertex 18.564344650402308 9.876883405951379 0
      vertex 18.564344650402308 9.876883405951379 16
      vertex 18.045284632676534 9.945218953682733 0
    endloop
  endfacet
  facet normal -0.026176948307874395 -0.999657324975557 0
    outer loop
      vertex 17.523359562429437 9.986295347545738 0
      vertex 17.523359562429437 9.986295347545738 16
      vertex 17 10 0
    endloop
  endfacet
  facet normal -0.4305110968082954 -0.9025852843498606 0
    outer loop
      vertex 21.539904997395467 8.910065241883679 0
      vertex 21.539904997395467 8.910065241883679 16
      vertex 21.067366430758003 9.135454576426008 0
    endloop
  endfacet
  facet normal -0.4771587602596096 -0.8788171126619646 0
    outer loop
      vertex 22 8.660254037844386 0
      vertex 22 8.660254037844386 16
      vertex 21.539904997395467 8.910065241883679 0
    endloop
  endfacet
  facet normal -0.18223552549214905 -0.9832549075639543 0
    outer loop
      vertex 19.079116908177593 9.781476007338057 16
      vertex 18.564344650402308 9.876883405951379 0
      vertex 19.079116908177593 9.781476007338057 0
    endloop
  endfacet
  facet normal -0.2334453638559068 -0.9723699203976761 0
    outer loop
      vertex 19.588190451025206 9.659258262890683 0
      vertex 19.588190451025206 9.659258262890683 16
      vertex 19.079116908177593 9.781476007338057 0
    endloop
  endfacet
  facet normal -0.3338068592337695 -0.942641491092179 0
    outer loop
      vertex 20.583679495453 9.335804264972017 0
      vertex 20.583679495453 9.335804264972017 16
      vertex 20.090169943749473 9.510565162951535 0
    endloop
  endfacet
  facet normal -0.2840153447039243 -0.9588197348681925 0
    outer loop
      vertex 20.090169943749473 9.510565162951535 0
      vertex 20.090169943749473 9.510565162951535 16
      vertex 19.588190451025206 9.659258262890683 0
    endloop
  endfacet
  facet normal -0.3826834323650884 -0.9238795325112874 0
    outer loop
      vertex 21.067366430758003 9.135454576426008 16
      vertex 20.583679495453 9.335804264972017 0
      vertex 21.067366430758003 9.135454576426008 0
    endloop
  endfacet
  facet normal -0.6087614290087235 -0.7933533402912328 0
    outer loop
      vertex 23.293203910498374 7.771459614569709 0
      vertex 23.293203910498374 7.771459614569709 16
      vertex 22.877852522924734 8.090169943749475 0
    endloop
  endfacet
  facet normal -0.5664062369248316 -0.8241261886220164 0
    outer loop
      vertex 22.877852522924734 8.090169943749475 0
      vertex 22.877852522924734 8.090169943749475 16
      vertex 22.44639035015027 8.386705679454241 0
    endloop
  endfacet
  facet normal -0.6494480483301815 -0.7604059656000326 0
    outer loop
      vertex 23.293203910498374 7.771459614569709 0
      vertex 23.691306063588584 7.431448254773942 0
      vertex 23.691306063588584 7.431448254773942 16
    endloop
  endfacet
  facet normal -0.5224985647159461 -0.8526401643540937 0
    outer loop
      vertex 22.44639035015027 8.386705679454241 0
      vertex 22.44639035015027 8.386705679454241 16
      vertex 22 8.660254037844386 0
    endloop
  endfacet
  facet normal 0.6494480483301833 -0.7604059656000314 0
    outer loop
      vertex 10.308693936411418 7.431448254773942 0
      vertex 10.706796089501626 7.771459614569709 16
      vertex 10.308693936411418 7.431448254773942 16
    endloop
  endfacet
  facet normal 0.608761429008722 -0.7933533402912342 0
    outer loop
      vertex 10.706796089501626 7.771459614569709 0
      vertex 11.122147477075268 8.090169943749475 16
      vertex 10.706796089501626 7.771459614569709 16
    endloop
  endfacet
  facet normal 0.5664062369248333 -0.8241261886220154 0
    outer loop
      vertex 11.122147477075268 8.090169943749475 0
      vertex 11.55360964984973 8.386705679454241 16
      vertex 11.122147477075268 8.090169943749475 16
    endloop
  endfacet
  facet normal 0.5224985647159469 -0.8526401643540934 0
    outer loop
      vertex 11.55360964984973 8.386705679454241 0
      vertex 11.743974085991526 8.503361155955748 16
      vertex 11.55360964984973 8.386705679454241 16
    endloop
  endfacet
  facet normal 0.5224985647159456 -0.8526401643540942 2.0219953920988098e-17
    outer loop
      vertex 12 8.660254037844386 16
      vertex 11.743974085991526 8.503361155955748 16
      vertex 11.55360964984973 8.386705679454241 0
    endloop
  endfacet
  facet normal 0.4771587602596096 -0.8788171126619646 0
    outer loop
      vertex 12 8.660254037844386 0
      vertex 12.460095002604533 8.910065241883679 16
      vertex 12 8.660254037844386 16
    endloop
  endfacet
  facet normal 0.4305110968082954 -0.9025852843498606 0
    outer loop
      vertex 12.460095002604533 8.910065241883679 0
      vertex 12.932633569241997 9.135454576426008 16
      vertex 12.460095002604533 8.910065241883679 16
    endloop
  endfacet
  facet normal 0.3826834323650896 -0.923879532511287 0
    outer loop
      vertex 12.932633569241997 9.135454576426008 0
      vertex 13.416320504546997 9.335804264972017 16
      vertex 12.932633569241997 9.135454576426008 16
    endloop
  endfacet
  facet normal 0.3338068592337695 -0.942641491092179 0
    outer loop
      vertex 13.416320504546997 9.335804264972017 0
      vertex 13.909830056250525 9.510565162951535 16
      vertex 13.416320504546997 9.335804264972017 16
    endloop
  endfacet
  facet normal 0.2840153447039243 -0.9588197348681925 0
    outer loop
      vertex 13.909830056250525 9.510565162951535 0
      vertex 14.411809548974793 9.659258262890683 16
      vertex 13.909830056250525 9.510565162951535 16
    endloop
  endfacet
  facet normal 0.23344536385590606 -0.9723699203976764 0
    outer loop
      vertex 14.411809548974793 9.659258262890683 0
      vertex 14.920883091822407 9.781476007338057 16
      vertex 14.411809548974793 9.659258262890683 16
    endloop
  endfacet
  facet normal 0.18223552549214905 -0.9832549075639543 0
    outer loop
      vertex 14.920883091822407 9.781476007338057 0
      vertex 15.435655349597692 9.876883405951379 16
      vertex 14.920883091822407 9.781476007338057 16
    endloop
  endfacet
  facet normal 0.13052619222004896 -0.9914448613738107 0
    outer loop
      vertex 15.435655349597692 9.876883405951379 0
      vertex 15.954715367323466 9.945218953682733 16
      vertex 15.435655349597692 9.876883405951379 16
    endloop
  endfacet
  facet normal 0.07845909572784378 -0.996917333733128 0
    outer loop
      vertex 15.954715367323466 9.945218953682733 0
      vertex 16.476640437570563 9.986295347545738 16
      vertex 15.954715367323466 9.945218953682733 16
    endloop
  endfacet
  facet normal 0.026176948307874395 -0.999657324975557 0
    outer loop
      vertex 16.476640437570563 9.986295347545738 0
      vertex 17 10 16
      vertex 16.476640437570563 9.986295347545738 16
    endloop
  endfacet
  facet normal -0.07845909572784378 -0.996917333733128 0
    outer loop
      vertex 17.523359562429437 9.986295347545738 0
      vertex 18.045284632676534 9.945218953682733 16
      vertex 17.523359562429437 9.986295347545738 16
    endloop
  endfacet
  facet normal -0.13052619222004896 -0.9914448613738107 0
    outer loop
      vertex 18.045284632676534 9.945218953682733 0
      vertex 18.564344650402308 9.876883405951379 16
      vertex 18.045284632676534 9.945218953682733 16
    endloop
  endfacet
  facet normal -0.026176948307874395 -0.999657324975557 0
    outer loop
      vertex 17 10 0
      vertex 17.523359562429437 9.986295347545738 16
      vertex 17 10 16
    endloop
  endfacet
  facet normal -0.4305110968082954 -0.9025852843498606 0
    outer loop
      vertex 21.067366430758003 9.135454576426008 16
      vertex 21.067366430758003 9.135454576426008 0
      vertex 21.539904997395467 8.910065241883679 16
    endloop
  endfacet
  facet normal -0.5224985647159461 -0.8526401643540937 0
    outer loop
      vertex 22 8.660254037844386 0
      vertex 22.44639035015027 8.386705679454241 16
      vertex 22 8.660254037844386 16
    endloop
  endfacet
  facet normal -0.4771587602596096 -0.8788171126619646 0
    outer loop
      vertex 21.539904997395467 8.910065241883679 0
      vertex 22 8.660254037844386 16
      vertex 21.539904997395467 8.910065241883679 16
    endloop
  endfacet
  facet normal -0.18223552549214905 -0.9832549075639543 0
    outer loop
      vertex 18.564344650402308 9.876883405951379 0
      vertex 19.079116908177593 9.781476007338057 16
      vertex 18.564344650402308 9.876883405951379 16
    endloop
  endfacet
  facet normal -0.2334453638559068 -0.9723699203976761 0
    outer loop
      vertex 19.079116908177593 9.781476007338057 16
      vertex 19.079116908177593 9.781476007338057 0
      vertex 19.588190451025206 9.659258262890683 16
    endloop
  endfacet
  facet normal -0.3338068592337695 -0.942641491092179 0
    outer loop
      vertex 20.090169943749473 9.510565162951535 0
      vertex 20.583679495453 9.335804264972017 16
      vertex 20.090169943749473 9.510565162951535 16
    endloop
  endfacet
  facet normal -0.2840153447039243 -0.9588197348681925 0
    outer loop
      vertex 19.588190451025206 9.659258262890683 0
      vertex 20.090169943749473 9.510565162951535 16
      vertex 19.588190451025206 9.659258262890683 16
    endloop
  endfacet
  facet normal -0.3826834323650884 -0.9238795325112874 0
    outer loop
      vertex 20.583679495453 9.335804264972017 0
      vertex 21.067366430758003 9.135454576426008 16
      vertex 20.583679495453 9.335804264972017 16
    endloop
  endfacet
  facet normal -0.6087614290087235 -0.7933533402912328 0
    outer loop
      vertex 22.877852522924734 8.090169943749475 0
      vertex 23.293203910498374 7.771459614569709 16
      vertex 22.877852522924734 8.090169943749475 16
    endloop
  endfacet
  facet normal -0.6494480483301815 -0.7604059656000326 0
    outer loop
      vertex 23.293203910498374 7.771459614569709 0
      vertex 23.691306063588584 7.431448254773942 16
      vertex 23.293203910498374 7.771459614569709 16
    endloop
  endfacet
  facet normal -0.5664062369248316 -0.8241261886220164 0
    outer loop
      vertex 22.44639035015027 8.386705679454241 0
      vertex 22.877852522924734 8.090169943749475 16
      vertex 22.44639035015027 8.386705679454241 16
    endloop
  endfacet
  facet normal 0.5000000000023442 0.8660254037830851 0
    outer loop
      vertex 28.25833024917931 -6.5000000000300115 0
      vertex 25.66025403783024 -5.0000000000230855 0
      vertex 28.25833024917931 -6.5000000000300115 16
    endloop
  endfacet
  facet normal 0.5000000000023442 -0.8660254037830851 0
    outer loop
      vertex 25.66025403783024 5.0000000000230855 0
      vertex 28.25833024917931 6.5000000000300115 0
      vertex 25.66025403783024 5.0000000000230855 16
    endloop
  endfacet
  facet normal 0.5000000000023442 0.8660254037830851 0
    outer loop
      vertex 28.25833024917931 -6.5000000000300115 16
      vertex 25.66025403783024 -5.0000000000230855 0
      vertex 25.66025403783024 -5.0000000000230855 16
    endloop
  endfacet
  facet normal 0.5000000000023442 -0.8660254037830851 0
    outer loop
      vertex 25.66025403783024 5.0000000000230855 16
      vertex 28.25833024917931 6.5000000000300115 0
      vertex 28.25833024917931 6.5000000000300115 16
    endloop
  endfacet
  facet normal -0.19509032201613072 -0.98078528040323 0
    outer loop
      vertex 31.188266684282354 21.238519215976524 0
      vertex 32.08631665445964 21.059885970383327 0
      vertex 32.08631665445964 21.059885970383327 16
    endloop
  endfacet
  facet normal -0.06540312923014277 -0.9978589232386035 0
    outer loop
      vertex 32.08631665445964 21.059885970383327 0
      vertex 33 21 0
      vertex 33 21 16
    endloop
  endfacet
  facet normal 0.06540312923014277 -0.9978589232386035 0
    outer loop
      vertex 33 21 0
      vertex 33.91368334554036 21.059885970383327 0
      vertex 33.91368334554036 21.059885970383327 16
    endloop
  endfacet
  facet normal 0.19509032201613072 -0.98078528040323 0
    outer loop
      vertex 33.91368334554036 21.059885970383327 0
      vertex 34.811733315717646 21.238519215976524 0
      vertex 34.811733315717646 21.238519215976524 16
    endloop
  endfacet
  facet normal -0.19509032201613072 -0.98078528040323 0
    outer loop
      vertex 31.188266684282354 21.238519215976524 0
      vertex 32.08631665445964 21.059885970383327 16
      vertex 31.188266684282354 21.238519215976524 16
    endloop
  endfacet
  facet normal -0.06540312923014277 -0.9978589232386035 0
    outer loop
      vertex 32.08631665445964 21.059885970383327 0
      vertex 33 21 16
      vertex 32.08631665445964 21.059885970383327 16
    endloop
  endfacet
  facet normal 0.06540312923014277 -0.9978589232386035 0
    outer loop
      vertex 33 21 0
      vertex 33.91368334554036 21.059885970383327 16
      vertex 33 21 16
    endloop
  endfacet
  facet normal 0.19509032201613072 -0.98078528040323 0
    outer loop
      vertex 33.91368334554036 21.059885970383327 0
      vertex 34.811733315717646 21.238519215976524 16
      vertex 33.91368334554036 21.059885970383327 16
    endloop
  endfacet
  facet normal 0 0 -1
    outer loop
      vertex 29 22.27191149246858 0
      vertex 29.464466094067262 24.464466094067262 0
      vertex 29.5 21.93782217350893 0
    endloop
  endfacet
  facet normal 0 0 -1
    outer loop
      vertex 29 22.27191149246858 0
      vertex 29 25.005930001069466 0
      vertex 29.033233298543824 24.9561928549564 0
    endloop
  endfacet
  facet normal 0 0 -1
    outer loop
      vertex 29 22.27191149246858 0
      vertex 29.033233298543824 24.9561928549564 0
      vertex 29.464466094067262 24.464466094067262 0
    endloop
  endfacet
  facet normal 0 0 -1
    outer loop
      vertex 30.32121597344437 21.532843272420994 0
      vertex 31.705904774487397 23.17037086855466 0
      vertex 31.188266684282354 21.238519215976524 0
    endloop
  endfacet
  facet normal 0 0 -1
    outer loop
      vertex 29.5 21.93782217350893 0
      vertex 30.5 23.66987298107781 0
      vertex 30.32121597344437 21.532843272420994 0
    endloop
  endfacet
  facet normal 0 0 -1
    outer loop
      vertex 30.32121597344437 21.532843272420994 0
      vertex 30.5 23.66987298107781 0
      vertex 31.08658283817455 23.380602337443566 0
    endloop
  endfacet
  facet normal 0 0 -1
    outer loop
      vertex 30.32121597344437 21.532843272420994 0
      vertex 31.08658283817455 23.380602337443566 0
      vertex 31.705904774487397 23.17037086855466 0
    endloop
  endfacet
  facet normal 0 0 -1
    outer loop
      vertex 31.188266684282354 21.238519215976524 0
      vertex 32.34736903889974 23.04277569313095 0
      vertex 32.08631665445964 21.059885970383327 0
    endloop
  endfacet
  facet normal 0 0 -1
    outer loop
      vertex 32.08631665445964 21.059885970383327 0
      vertex 33 23 0
      vertex 33 21 0
    endloop
  endfacet
  facet normal 0 0 -1
    outer loop
      vertex 31.188266684282354 21.238519215976524 0
      vertex 31.705904774487397 23.17037086855466 0
      vertex 32.34736903889974 23.04277569313095 0
    endloop
  endfacet
  facet normal 0 0 -1
    outer loop
      vertex 32.08631665445964 21.059885970383327 0
      vertex 32.34736903889974 23.04277569313095 0
      vertex 33 23 0
    endloop
  endfacet
  facet normal 0 0 -1
    outer loop
      vertex 29.5 21.93782217350893 0
      vertex 29.9561928549564 24.033233298543824 0
      vertex 30.5 23.66987298107781 0
    endloop
  endfacet
  facet normal 0 0 -1
    outer loop
      vertex 29.5 21.93782217350893 0
      vertex 29.464466094067262 24.464466094067262 0
      vertex 29.9561928549564 24.033233298543824 0
    endloop
  endfacet
  facet normal 0 0 -1
    outer loop
      vertex 33 21 0
      vertex 33.65263096110026 23.04277569313095 0
      vertex 33.91368334554036 21.059885970383327 0
    endloop
  endfacet
  facet normal 0 0 -1
    outer loop
      vertex 33.91368334554036 21.059885970383327 0
      vertex 34.294095225512606 23.17037086855466 0
      vertex 34.811733315717646 21.238519215976524 0
    endloop
  endfacet
  facet normal 0 0 -1
    outer loop
      vertex 33 21 0
      vertex 33 23 0
      vertex 33.65263096110026 23.04277569313095 0
    endloop
  endfacet
  facet normal 0 0 -1
    outer loop
      vertex 33.91368334554036 21.059885970383327 0
      vertex 33.65263096110026 23.04277569313095 0
      vertex 34.294095225512606 23.17037086855466 0
    endloop
  endfacet
  facet normal 0 0 -1
    outer loop
      vertex 34.811733315717646 21.238519215976524 0
      vertex 34.294095225512606 23.17037086855466 0
      vertex 34.91341716182545 23.380602337443566 0
    endloop
  endfacet
  facet normal 0 0 -1
    outer loop
      vertex 34.811733315717646 21.238519215976524 0
      vertex 35.5 23.66987298107781 0
      vertex 35.67878402655563 21.532843272420994 0
    endloop
  endfacet
  facet normal 0 0 -1
    outer loop
      vertex 34.811733315717646 21.238519215976524 0
      vertex 34.91341716182545 23.380602337443566 0
      vertex 35.5 23.66987298107781 0
    endloop
  endfacet
  facet normal 0 0 -1
    outer loop
      vertex 35.67878402655563 21.532843272420994 0
      vertex 36.0438071450436 24.033233298543824 0
      vertex 36.5 21.93782217350893 0
    endloop
  endfacet
  facet normal 0 0 -1
    outer loop
      vertex 35.67878402655563 21.532843272420994 0
      vertex 35.5 23.66987298107781 0
      vertex 36.0438071450436 24.033233298543824 0
    endloop
  endfacet
  facet normal 0 0 -1
    outer loop
      vertex 36.5 21.93782217350893 0
      vertex 36.0438071450436 24.033233298543824 0
      vertex 36.53553390593274 24.464466094067262 0
    endloop
  endfacet
  facet normal 0 0 -1
    outer loop
      vertex 36.5 21.93782217350893 0
      vertex 36.53553390593274 24.464466094067262 0
      vertex 36.96676670145618 24.9561928549564 0
    endloop
  endfacet
  facet normal 0 0 -1
    outer loop
      vertex 36.5 21.93782217350893 0
      vertex 36.96676670145618 24.9561928549564 0
      vertex 37.26133000306105 22.446526617961354 0
    endloop
  endfacet
  facet normal 0 0 -1
    outer loop
      vertex 37.26133000306105 22.446526617961354 0
      vertex 39.06217782603493 24.499999999317346 0
      vertex 37.94974746830583 23.050252531694166 0
    endloop
  endfacet
  facet normal 0 0 -1
    outer loop
      vertex 37.94974746830583 23.050252531694166 0
      vertex 39.06217782603493 24.499999999317346 0
      vertex 38.553473382038646 23.738669996938956 0
    endloop
  endfacet
  facet normal 0 0 -1
    outer loop
      vertex 37.26133000306105 22.446526617961354 0
      vertex 36.96676670145618 24.9561928549564 0
      vertex 37.330127018596386 25.49999999951239 0
    endloop
  endfacet
  facet normal 0 0 -1
    outer loop
      vertex 37.26133000306105 22.446526617961354 0
      vertex 37.330127018596386 25.49999999951239 0
      vertex 39.06217782603493 24.499999999317346 0
    endloop
  endfacet
  facet normal -0.5555702330196011 -0.8314696123025458 0
    outer loop
      vertex 29 22.27191149246858 0
      vertex 29.5 21.93782217350893 0
      vertex 29.5 21.93782217350893 16
    endloop
  endfacet
  facet normal -0.44228869021900136 -0.8968727415326883 0
    outer loop
      vertex 29.5 21.93782217350893 0
      vertex 30.32121597344437 21.532843272420994 0
      vertex 30.32121597344437 21.532843272420994 16
    endloop
  endfacet
  facet normal -0.3214394653031609 -0.9469301294951059 0
    outer loop
      vertex 30.32121597344437 21.532843272420994 0
      vertex 31.188266684282354 21.238519215976524 0
      vertex 31.188266684282354 21.238519215976524 16
    endloop
  endfacet
  facet normal 0.3214394653031597 -0.9469301294951062 0
    outer loop
      vertex 34.811733315717646 21.238519215976524 0
      vertex 35.67878402655563 21.532843272420994 0
      vertex 35.67878402655563 21.532843272420994 16
    endloop
  endfacet
  facet normal 0.4422886902190029 -0.8968727415326875 0
    outer loop
      vertex 35.67878402655563 21.532843272420994 0
      vertex 36.5 21.93782217350893 0
      vertex 36.5 21.93782217350893 16
    endloop
  endfacet
  facet normal 0.5555702330195997 -0.8314696123025469 0
    outer loop
      vertex 36.5 21.93782217350893 0
      vertex 37.26133000306105 22.446526617961354 0
      vertex 37.26133000306105 22.446526617961354 16
    endloop
  endfacet
  facet normal 0.6593458151000715 -0.751839807478975 0
    outer loop
      vertex 37.26133000306105 22.446526617961354 0
      vertex 37.94974746830583 23.050252531694166 0
      vertex 37.94974746830583 23.050252531694166 16
    endloop
  endfacet
  facet normal 0.7518398074789765 -0.6593458151000698 0
    outer loop
      vertex 37.94974746830583 23.050252531694166 0
      vertex 38.553473382038646 23.738669996938956 0
      vertex 37.94974746830583 23.050252531694166 16
    endloop
  endfacet
  facet normal 0.8314696123025466 -0.5555702330196003 0
    outer loop
      vertex 38.553473382038646 23.738669996938956 0
      vertex 39.06217782603493 24.499999999317346 0
      vertex 39.06217782603493 24.499999999317346 16
    endloop
  endfacet
  facet normal 0 0 -1
    outer loop
      vertex 29 33.728088507531425 0
      vertex 29.033233298543824 31.0438071450436 0
      vertex 29 30.994069998930534 0
    endloop
  endfacet
  facet normal 0 0 -1
    outer loop
      vertex 29.5 34.06217782649107 0
      vertex 29.464466094067262 31.535533905932738 0
      vertex 29.033233298543824 31.0438071450436 0
    endloop
  endfacet
  facet normal 0 0 -1
    outer loop
      vertex 29 33.728088507531425 0
      vertex 29.5 34.06217782649107 0
      vertex 29.033233298543824 31.0438071450436 0
    endloop
  endfacet
  facet normal 0 0 -1
    outer loop
      vertex 29.5 34.06217782649107 0
      vertex 29.9561928549564 31.966766701456176 0
      vertex 29.464466094067262 31.535533905932738 0
    endloop
  endfacet
  facet normal 0 0 -1
    outer loop
      vertex 30.32121597344437 34.46715672757901 0
      vertex 30.5 32.33012701892219 0
      vertex 29.9561928549564 31.966766701456176 0
    endloop
  endfacet
  facet normal 0 0 -1
    outer loop
      vertex 31.188266684282354 34.761480784023476 0
      vertex 31.08658283817455 32.61939766255644 0
      vertex 30.5 32.33012701892219 0
    endloop
  endfacet
  facet normal 0 0 -1
    outer loop
      vertex 29.5 34.06217782649107 0
      vertex 30.32121597344437 34.46715672757901 0
      vertex 29.9561928549564 31.966766701456176 0
    endloop
  endfacet
  facet normal 0 0 -1
    outer loop
      vertex 30.32121597344437 34.46715672757901 0
      vertex 31.188266684282354 34.761480784023476 0
      vertex 30.5 32.33012701892219 0
    endloop
  endfacet
  facet normal 0 0 -1
    outer loop
      vertex 31.188266684282354 34.761480784023476 0
      vertex 31.705904774487397 32.829629131445344 0
      vertex 31.08658283817455 32.61939766255644 0
    endloop
  endfacet
  facet normal 0 0 -1
    outer loop
      vertex 32.08631665445964 34.94011402961667 0
      vertex 32.34736903889974 32.95722430686905 0
      vertex 31.705904774487397 32.829629131445344 0
    endloop
  endfacet
  facet normal 0 0 -1
    outer loop
      vertex 33 35 0
      vertex 33 33 0
      vertex 32.34736903889974 32.95722430686905 0
    endloop
  endfacet
  facet normal 0 0 -1
    outer loop
      vertex 31.188266684282354 34.761480784023476 0
      vertex 32.08631665445964 34.94011402961667 0
      vertex 31.705904774487397 32.829629131445344 0
    endloop
  endfacet
  facet normal 0 0 -1
    outer loop
      vertex 32.08631665445964 34.94011402961667 0
      vertex 33 35 0
      vertex 32.34736903889974 32.95722430686905 0
    endloop
  endfacet
  facet normal 0 0 -1
    outer loop
      vertex 37.94974746830583 32.94974746830583 0
      vertex 37.330127018596386 30.50000000048761 0
      vertex 36.96676670145618 31.0438071450436 0
    endloop
  endfacet
  facet normal 0 0 -1
    outer loop
      vertex 38.553473382038646 32.26133000306105 0
      vertex 39.06217782603493 31.500000000682654 0
      vertex 37.330127018596386 30.50000000048761 0
    endloop
  endfacet
  facet normal 0 0 -1
    outer loop
      vertex 37.26133000306105 33.553473382038646 0
      vertex 36.53553390593274 31.535533905932738 0
      vertex 36.0438071450436 31.966766701456176 0
    endloop
  endfacet
  facet normal 0 0 -1
    outer loop
      vertex 35.67878402655563 34.46715672757901 0
      vertex 35.5 32.33012701892219 0
      vertex 34.91341716182545 32.61939766255644 0
    endloop
  endfacet
  facet normal 0 0 -1
    outer loop
      vertex 36.5 34.06217782649107 0
      vertex 36.0438071450436 31.966766701456176 0
      vertex 35.5 32.33012701892219 0
    endloop
  endfacet
  facet normal 0 0 -1
    outer loop
      vertex 36.5 34.06217782649107 0
      vertex 37.26133000306105 33.553473382038646 0
      vertex 36.0438071450436 31.966766701456176 0
    endloop
  endfacet
  facet normal 0 0 -1
    outer loop
      vertex 33.91368334554036 34.94011402961667 0
      vertex 33.65263096110026 32.95722430686905 0
      vertex 33 33 0
    endloop
  endfacet
  facet normal 0 0 -1
    outer loop
      vertex 34.811733315717646 34.761480784023476 0
      vertex 34.294095225512606 32.829629131445344 0
      vertex 33.65263096110026 32.95722430686905 0
    endloop
  endfacet
  facet normal 0 0 -1
    outer loop
      vertex 33 35 0
      vertex 33.91368334554036 34.94011402961667 0
      vertex 33 33 0
    endloop
  endfacet
  facet normal 0 0 -1
    outer loop
      vertex 33.91368334554036 34.94011402961667 0
      vertex 34.811733315717646 34.761480784023476 0
      vertex 33.65263096110026 32.95722430686905 0
    endloop
  endfacet
  facet normal 0 0 -1
    outer loop
      vertex 35.67878402655563 34.46715672757901 0
      vertex 34.91341716182545 32.61939766255644 0
      vertex 34.294095225512606 32.829629131445344 0
    endloop
  endfacet
  facet normal 0 0 -1
    outer loop
      vertex 34.811733315717646 34.761480784023476 0
      vertex 35.67878402655563 34.46715672757901 0
      vertex 34.294095225512606 32.829629131445344 0
    endloop
  endfacet
  facet normal 0 0 -1
    outer loop
      vertex 35.67878402655563 34.46715672757901 0
      vertex 36.5 34.06217782649107 0
      vertex 35.5 32.33012701892219 0
    endloop
  endfacet
  facet normal 0 0 -1
    outer loop
      vertex 37.26133000306105 33.553473382038646 0
      vertex 36.96676670145618 31.0438071450436 0
      vertex 36.53553390593274 31.535533905932738 0
    endloop
  endfacet
  facet normal 0 0 -1
    outer loop
      vertex 37.94974746830583 32.94974746830583 0
      vertex 38.553473382038646 32.26133000306105 0
      vertex 37.330127018596386 30.50000000048761 0
    endloop
  endfacet
  facet normal 0 0 -1
    outer loop
      vertex 37.94974746830583 32.94974746830583 0
      vertex 36.96676670145618 31.0438071450436 0
      vertex 37.26133000306105 33.553473382038646 0
    endloop
  endfacet
  facet normal -0.5555702330196011 0.8314696123025458 0
    outer loop
      vertex 29 33.728088507531425 0
      vertex 29 33.728088507531425 16
      vertex 29.5 34.06217782649107 0
    endloop
  endfacet
  facet normal -0.44228869021900136 0.8968727415326883 0
    outer loop
      vertex 29.5 34.06217782649107 0
      vertex 29.5 34.06217782649107 16
      vertex 30.32121597344437 34.46715672757901 0
    endloop
  endfacet
  facet normal -0.3214394653031574 0.9469301294951071 0
    outer loop
      vertex 30.32121597344437 34.46715672757901 0
      vertex 30.32121597344437 34.46715672757901 16
      vertex 31.188266684282354 34.761480784023476 0
    endloop
  endfacet
  facet normal -0.19509032201613072 0.98078528040323 0
    outer loop
      vertex 31.188266684282354 34.761480784023476 0
      vertex 31.188266684282354 34.761480784023476 16
      vertex 32.08631665445964 34.94011402961667 0
    endloop
  endfacet
  facet normal -0.06540312923014277 0.9978589232386035 0
    outer loop
      vertex 32.08631665445964 34.94011402961667 0
      vertex 32.08631665445964 34.94011402961667 16
      vertex 33 35 0
    endloop
  endfacet
  facet normal 0.06540312923014277 0.9978589232386035 0
    outer loop
      vertex 33 35 0
      vertex 33 35 16
      vertex 33.91368334554036 34.94011402961667 0
    endloop
  endfacet
  facet normal 0.19509032201613072 0.98078528040323 0
    outer loop
      vertex 33.91368334554036 34.94011402961667 0
      vertex 33.91368334554036 34.94011402961667 16
      vertex 34.811733315717646 34.761480784023476 0
    endloop
  endfacet
  facet normal 0.32143946530315626 0.9469301294951075 0
    outer loop
      vertex 34.811733315717646 34.761480784023476 0
      vertex 34.811733315717646 34.761480784023476 16
      vertex 35.67878402655563 34.46715672757901 0
    endloop
  endfacet
  facet normal 0.4422886902190029 0.8968727415326875 0
    outer loop
      vertex 35.67878402655563 34.46715672757901 0
      vertex 35.67878402655563 34.46715672757901 16
      vertex 36.5 34.06217782649107 0
    endloop
  endfacet
  facet normal 0.7518398074789732 0.6593458151000737 0
    outer loop
      vertex 37.94974746830583 32.94974746830583 0
      vertex 38.553473382038646 32.26133000306105 16
      vertex 38.553473382038646 32.26133000306105 0
    endloop
  endfacet
  facet normal 0.8314696123025477 0.5555702330195985 0
    outer loop
      vertex 38.553473382038646 32.26133000306105 0
      vertex 38.553473382038646 32.26133000306105 16
      vertex 39.06217782603493 31.500000000682654 0
    endloop
  endfacet
  facet normal 0.6593458151000737 0.7518398074789732 0
    outer loop
      vertex 37.94974746830583 32.94974746830583 0
      vertex 37.26133000306105 33.553473382038646 0
      vertex 37.26133000306105 33.553473382038646 16
    endloop
  endfacet
  facet normal 0.5555702330196024 0.8314696123025451 0
    outer loop
      vertex 36.5 34.06217782649107 0
      vertex 36.5 34.06217782649107 16
      vertex 37.26133000306105 33.553473382038646 0
    endloop
  endfacet
  facet normal -0.5555702330196011 -0.8314696123025458 0
    outer loop
      vertex 29 22.27191149246858 0
      vertex 29.5 21.93782217350893 16
      vertex 29 22.27191149246858 16
    endloop
  endfacet
  facet normal -0.44228869021900136 -0.8968727415326883 0
    outer loop
      vertex 29.5 21.93782217350893 0
      vertex 30.32121597344437 21.532843272420994 16
      vertex 29.5 21.93782217350893 16
    endloop
  endfacet
  facet normal -0.3214394653031609 -0.9469301294951059 0
    outer loop
      vertex 30.32121597344437 21.532843272420994 0
      vertex 31.188266684282354 21.238519215976524 16
      vertex 30.32121597344437 21.532843272420994 16
    endloop
  endfacet
  facet normal 0.3214394653031597 -0.9469301294951062 0
    outer loop
      vertex 34.811733315717646 21.238519215976524 0
      vertex 35.67878402655563 21.532843272420994 16
      vertex 34.811733315717646 21.238519215976524 16
    endloop
  endfacet
  facet normal 0.4422886902190029 -0.8968727415326875 0
    outer loop
      vertex 35.67878402655563 21.532843272420994 0
      vertex 36.5 21.93782217350893 16
      vertex 35.67878402655563 21.532843272420994 16
    endloop
  endfacet
  facet normal 0.5555702330195997 -0.8314696123025469 0
    outer loop
      vertex 36.5 21.93782217350893 0
      vertex 37.26133000306105 22.446526617961354 16
      vertex 36.5 21.93782217350893 16
    endloop
  endfacet
  facet normal 0.6593458151000715 -0.751839807478975 0
    outer loop
      vertex 37.26133000306105 22.446526617961354 0
      vertex 37.94974746830583 23.050252531694166 16
      vertex 37.26133000306105 22.446526617961354 16
    endloop
  endfacet
  facet normal 0.7518398074789765 -0.6593458151000698 0
    outer loop
      vertex 38.553473382038646 23.738669996938956 0
      vertex 38.553473382038646 23.738669996938956 16
      vertex 37.94974746830583 23.050252531694166 16
    endloop
  endfacet
  facet normal 0.8314696123025466 -0.5555702330196003 0
    outer loop
      vertex 38.553473382038646 23.738669996938956 0
      vertex 39.06217782603493 24.499999999317346 16
      vertex 38.553473382038646 23.738669996938956 16
    endloop
  endfacet
  facet normal -0.5555702330196011 0.8314696123025458 0
    outer loop
      vertex 29.5 34.06217782649107 0
      vertex 29 33.728088507531425 16
      vertex 29.5 34.06217782649107 16
    endloop
  endfacet
  facet normal -0.44228869021900136 0.8968727415326883 0
    outer loop
      vertex 30.32121597344437 34.46715672757901 0
      vertex 29.5 34.06217782649107 16
      vertex 30.32121597344437 34.46715672757901 16
    endloop
  endfacet
  facet normal -0.3214394653031574 0.9469301294951071 0
    outer loop
      vertex 31.188266684282354 34.761480784023476 0
      vertex 30.32121597344437 34.46715672757901 16
      vertex 31.188266684282354 34.761480784023476 16
    endloop
  endfacet
  facet normal -0.19509032201613072 0.98078528040323 0
    outer loop
      vertex 31.188266684282354 34.761480784023476 16
      vertex 32.08631665445964 34.94011402961667 16
      vertex 32.08631665445964 34.94011402961667 0
    endloop
  endfacet
  facet normal -0.06540312923014277 0.9978589232386035 0
    outer loop
      vertex 33 35 0
      vertex 32.08631665445964 34.94011402961667 16
      vertex 33 35 16
    endloop
  endfacet
  facet normal 0.06540312923014277 0.9978589232386035 0
    outer loop
      vertex 33.91368334554036 34.94011402961667 0
      vertex 33 35 16
      vertex 33.91368334554036 34.94011402961667 16
    endloop
  endfacet
  facet normal 0.19509032201613072 0.98078528040323 0
    outer loop
      vertex 34.811733315717646 34.761480784023476 0
      vertex 33.91368334554036 34.94011402961667 16
      vertex 34.811733315717646 34.761480784023476 16
    endloop
  endfacet
  facet normal 0.32143946530315626 0.9469301294951075 0
    outer loop
      vertex 35.67878402655563 34.46715672757901 0
      vertex 34.811733315717646 34.761480784023476 16
      vertex 35.67878402655563 34.46715672757901 16
    endloop
  endfacet
  facet normal 0.4422886902190029 0.8968727415326875 0
    outer loop
      vertex 36.5 34.06217782649107 0
      vertex 35.67878402655563 34.46715672757901 16
      vertex 36.5 34.06217782649107 16
    endloop
  endfacet
  facet normal 0.7518398074789732 0.6593458151000737 0
    outer loop
      vertex 37.94974746830583 32.94974746830583 0
      vertex 37.94974746830583 32.94974746830583 16
      vertex 38.553473382038646 32.26133000306105 16
    endloop
  endfacet
  facet normal 0.6593458151000737 0.7518398074789732 0
    outer loop
      vertex 37.94974746830583 32.94974746830583 0
      vertex 37.26133000306105 33.553473382038646 16
      vertex 37.94974746830583 32.94974746830583 16
    endloop
  endfacet
  facet normal 0.8314696123025477 0.5555702330195985 0
    outer loop
      vertex 38.553473382038646 32.26133000306105 16
      vertex 39.06217782603493 31.500000000682654 16
      vertex 39.06217782603493 31.500000000682654 0
    endloop
  endfacet
  facet normal 0.5555702330196024 0.8314696123025451 0
    outer loop
      vertex 37.26133000306105 33.553473382038646 0
      vertex 36.5 34.06217782649107 16
      vertex 37.26133000306105 33.553473382038646 16
    endloop
  endfacet
  facet normal 0 0 1
    outer loop
      vertex 29 22.27191149246858 16
      vertex 29.5 21.93782217350893 16
      vertex 29.033233298543824 24.9561928549564 16
    endloop
  endfacet
  facet normal 0 0 1
    outer loop
      vertex 29.5 21.93782217350893 16
      vertex 29.464466094067262 24.464466094067262 16
      vertex 29.033233298543824 24.9561928549564 16
    endloop
  endfacet
  facet normal 0 0 1
    outer loop
      vertex 29 22.27191149246858 16
      vertex 29.033233298543824 24.9561928549564 16
      vertex 28.928967252517463 25.112238020289794 16
    endloop
  endfacet
  facet normal 0 0 1
    outer loop
      vertex 29.5 21.93782217350893 16
      vertex 30.32121597344437 21.532843272420994 16
      vertex 29.9561928549564 24.033233298543824 16
    endloop
  endfacet
  facet normal 0 0 1
    outer loop
      vertex 30.32121597344437 21.532843272420994 16
      vertex 31.188266684282354 21.238519215976524 16
      vertex 30.5 23.66987298107781 16
    endloop
  endfacet
  facet normal 0 0 1
    outer loop
      vertex 31.188266684282354 21.238519215976524 16
      vertex 31.08658283817455 23.380602337443566 16
      vertex 30.5 23.66987298107781 16
    endloop
  endfacet
  facet normal 0 0 1
    outer loop
      vertex 31.188266684282354 21.238519215976524 16
      vertex 32.08631665445964 21.059885970383327 16
      vertex 31.705904774487397 23.17037086855466 16
    endloop
  endfacet
  facet normal 0 0 1
    outer loop
      vertex 32.08631665445964 21.059885970383327 16
      vertex 33 21 16
      vertex 32.34736903889974 23.04277569313095 16
    endloop
  endfacet
  facet normal 0 0 1
    outer loop
      vertex 32.08631665445964 21.059885970383327 16
      vertex 32.34736903889974 23.04277569313095 16
      vertex 31.705904774487397 23.17037086855466 16
    endloop
  endfacet
  facet normal 0 0 1
    outer loop
      vertex 31.188266684282354 21.238519215976524 16
      vertex 31.705904774487397 23.17037086855466 16
      vertex 31.08658283817455 23.380602337443566 16
    endloop
  endfacet
  facet normal 0 0 1
    outer loop
      vertex 33 21 16
      vertex 33 23 16
      vertex 32.34736903889974 23.04277569313095 16
    endloop
  endfacet
  facet normal 0 0 1
    outer loop
      vertex 30.32121597344437 21.532843272420994 16
      vertex 30.5 23.66987298107781 16
      vertex 29.9561928549564 24.033233298543824 16
    endloop
  endfacet
  facet normal 0 0 1
    outer loop
      vertex 29.5 21.93782217350893 16
      vertex 29.9561928549564 24.033233298543824 16
      vertex 29.464466094067262 24.464466094067262 16
    endloop
  endfacet
  facet normal 0 0 1
    outer loop
      vertex 33 21 16
      vertex 33.91368334554036 21.059885970383327 16
      vertex 33 23 16
    endloop
  endfacet
  facet normal 0 0 1
    outer loop
      vertex 33.91368334554036 21.059885970383327 16
      vertex 34.811733315717646 21.238519215976524 16
      vertex 33.65263096110026 23.04277569313095 16
    endloop
  endfacet
  facet normal 0 0 1
    outer loop
      vertex 33.91368334554036 21.059885970383327 16
      vertex 33.65263096110026 23.04277569313095 16
      vertex 33 23 16
    endloop
  endfacet
  facet normal 0 0 1
    outer loop
      vertex 34.811733315717646 21.238519215976524 16
      vertex 34.294095225512606 23.17037086855466 16
      vertex 33.65263096110026 23.04277569313095 16
    endloop
  endfacet
  facet normal 0 0 1
    outer loop
      vertex 34.811733315717646 21.238519215976524 16
      vertex 35.67878402655563 21.532843272420994 16
      vertex 34.294095225512606 23.17037086855466 16
    endloop
  endfacet
  facet normal 0 0 1
    outer loop
      vertex 35.67878402655563 21.532843272420994 16
      vertex 34.91341716182545 23.380602337443566 16
      vertex 34.294095225512606 23.17037086855466 16
    endloop
  endfacet
  facet normal 0 0 1
    outer loop
      vertex 35.67878402655563 21.532843272420994 16
      vertex 35.5 23.66987298107781 16
      vertex 34.91341716182545 23.380602337443566 16
    endloop
  endfacet
  facet normal 0 0 1
    outer loop
      vertex 35.67878402655563 21.532843272420994 16
      vertex 36.5 21.93782217350893 16
      vertex 35.5 23.66987298107781 16
    endloop
  endfacet
  facet normal 0 0 1
    outer loop
      vertex 36.5 21.93782217350893 16
      vertex 37.26133000306105 22.446526617961354 16
      vertex 36.0438071450436 24.033233298543824 16
    endloop
  endfacet
  facet normal 0 0 1
    outer loop
      vertex 36.5 21.93782217350893 16
      vertex 36.0438071450436 24.033233298543824 16
      vertex 35.5 23.66987298107781 16
    endloop
  endfacet
  facet normal 0 0 1
    outer loop
      vertex 37.26133000306105 22.446526617961354 16
      vertex 36.53553390593274 24.464466094067262 16
      vertex 36.0438071450436 24.033233298543824 16
    endloop
  endfacet
  facet normal 0 0 1
    outer loop
      vertex 37.26133000306105 22.446526617961354 16
      vertex 37.94974746830583 23.050252531694166 16
      vertex 36.96676670145618 24.9561928549564 16
    endloop
  endfacet
  facet normal 0 0 1
    outer loop
      vertex 37.26133000306105 22.446526617961354 16
      vertex 36.96676670145618 24.9561928549564 16
      vertex 36.53553390593274 24.464466094067262 16
    endloop
  endfacet
  facet normal 0 0 1
    outer loop
      vertex 37.94974746830583 23.050252531694166 16
      vertex 37.330127018596386 25.49999999951239 16
      vertex 36.96676670145618 24.9561928549564 16
    endloop
  endfacet
  facet normal 0 0 1
    outer loop
      vertex 37.94974746830583 23.050252531694166 16
      vertex 38.553473382038646 23.738669996938956 16
      vertex 37.330127018596386 25.49999999951239 16
    endloop
  endfacet
  facet normal 0 0 1
    outer loop
      vertex 38.553473382038646 23.738669996938956 16
      vertex 39.06217782603493 24.499999999317346 16
      vertex 37.330127018596386 25.49999999951239 16
    endloop
  endfacet
  facet normal 0 0 1
    outer loop
      vertex 28.738669996938956 32.7214937839653 16
      vertex 28.789740168724272 30.679393923786208 16
      vertex 29.033233298543824 31.0438071450436 16
    endloop
  endfacet
  facet normal 0 0 1
    outer loop
      vertex 28.738669996938956 32.7214937839653 16
      vertex 29.033233298543824 31.0438071450436 16
      vertex 29.464466094067262 31.535533905932738 16
    endloop
  endfacet
  facet normal 0 0 1
    outer loop
      vertex 29 33.728088507531425 16
      vertex 29.464466094067262 31.535533905932738 16
      vertex 29.9561928549564 31.966766701456176 16
    endloop
  endfacet
  facet normal 0 0 1
    outer loop
      vertex 28.738669996938956 32.7214937839653 16
      vertex 29.464466094067262 31.535533905932738 16
      vertex 28.99492584327915 33.724698064405096 16
    endloop
  endfacet
  facet normal 0 0 1
    outer loop
      vertex 28.99492584327915 33.724698064405096 16
      vertex 29.464466094067262 31.535533905932738 16
      vertex 29 33.728088507531425 16
    endloop
  endfacet
  facet normal 0 0 1
    outer loop
      vertex 29 33.728088507531425 16
      vertex 29.9561928549564 31.966766701456176 16
      vertex 29.5 34.06217782649107 16
    endloop
  endfacet
  facet normal 0 0 1
    outer loop
      vertex 29.5 34.06217782649107 16
      vertex 29.9561928549564 31.966766701456176 16
      vertex 30.5 32.33012701892219 16
    endloop
  endfacet
  facet normal 0 0 1
    outer loop
      vertex 30.32121597344437 34.46715672757901 16
      vertex 30.5 32.33012701892219 16
      vertex 31.08658283817455 32.61939766255644 16
    endloop
  endfacet
  facet normal 0 0 1
    outer loop
      vertex 29.5 34.06217782649107 16
      vertex 30.5 32.33012701892219 16
      vertex 30.32121597344437 34.46715672757901 16
    endloop
  endfacet
  facet normal 0 0 1
    outer loop
      vertex 30.32121597344437 34.46715672757901 16
      vertex 31.08658283817455 32.61939766255644 16
      vertex 31.705904774487397 32.829629131445344 16
    endloop
  endfacet
  facet normal 0 0 1
    outer loop
      vertex 30.32121597344437 34.46715672757901 16
      vertex 31.705904774487397 32.829629131445344 16
      vertex 31.188266684282354 34.761480784023476 16
    endloop
  endfacet
  facet normal 0 0 1
    outer loop
      vertex 31.188266684282354 34.761480784023476 16
      vertex 31.705904774487397 32.829629131445344 16
      vertex 32.34736903889974 32.95722430686905 16
    endloop
  endfacet
  facet normal 0 0 1
    outer loop
      vertex 32.08631665445964 34.94011402961667 16
      vertex 32.34736903889974 32.95722430686905 16
      vertex 33 33 16
    endloop
  endfacet
  facet normal 0 0 1
    outer loop
      vertex 31.188266684282354 34.761480784023476 16
      vertex 32.34736903889974 32.95722430686905 16
      vertex 32.08631665445964 34.94011402961667 16
    endloop
  endfacet
  facet normal 0 0 1
    outer loop
      vertex 32.08631665445964 34.94011402961667 16
      vertex 33 33 16
      vertex 33 35 16
    endloop
  endfacet
  facet normal 0 0 1
    outer loop
      vertex 36.5 34.06217782649107 16
      vertex 36.53553390593274 31.535533905932738 16
      vertex 36.96676670145618 31.0438071450436 16
    endloop
  endfacet
  facet normal 0 0 1
    outer loop
      vertex 34.811733315717646 34.761480784023476 16
      vertex 34.91341716182545 32.61939766255644 16
      vertex 35.5 32.33012701892219 16
    endloop
  endfacet
  facet normal 0 0 1
    outer loop
      vertex 35.67878402655563 34.46715672757901 16
      vertex 35.5 32.33012701892219 16
      vertex 36.0438071450436 31.966766701456176 16
    endloop
  endfacet
  facet normal 0 0 1
    outer loop
      vertex 36.5 34.06217782649107 16
      vertex 36.0438071450436 31.966766701456176 16
      vertex 36.53553390593274 31.535533905932738 16
    endloop
  endfacet
  facet normal 0 0 1
    outer loop
      vertex 33 35 16
      vertex 33 33 16
      vertex 33.65263096110026 32.95722430686905 16
    endloop
  endfacet
  facet normal 0 0 1
    outer loop
      vertex 33.91368334554036 34.94011402961667 16
      vertex 33.65263096110026 32.95722430686905 16
      vertex 34.294095225512606 32.829629131445344 16
    endloop
  endfacet
  facet normal 0 0 1
    outer loop
      vertex 34.811733315717646 34.761480784023476 16
      vertex 34.294095225512606 32.829629131445344 16
      vertex 34.91341716182545 32.61939766255644 16
    endloop
  endfacet
  facet normal 0 0 1
    outer loop
      vertex 33 35 16
      vertex 33.65263096110026 32.95722430686905 16
      vertex 33.91368334554036 34.94011402961667 16
    endloop
  endfacet
  facet normal 0 0 1
    outer loop
      vertex 33.91368334554036 34.94011402961667 16
      vertex 34.294095225512606 32.829629131445344 16
      vertex 34.811733315717646 34.761480784023476 16
    endloop
  endfacet
  facet normal 0 0 1
    outer loop
      vertex 34.811733315717646 34.761480784023476 16
      vertex 35.5 32.33012701892219 16
      vertex 35.67878402655563 34.46715672757901 16
    endloop
  endfacet
  facet normal 0 0 1
    outer loop
      vertex 35.67878402655563 34.46715672757901 16
      vertex 36.0438071450436 31.966766701456176 16
      vertex 36.5 34.06217782649107 16
    endloop
  endfacet
  facet normal 0 0 1
    outer loop
      vertex 37.26133000306105 33.553473382038646 16
      vertex 36.96676670145618 31.0438071450436 16
      vertex 37.330127018596386 30.50000000048761 16
    endloop
  endfacet
  facet normal 0 0 1
    outer loop
      vertex 37.26133000306105 33.553473382038646 16
      vertex 37.330127018596386 30.50000000048761 16
      vertex 39.06217782603493 31.500000000682654 16
    endloop
  endfacet
  facet normal 0 0 1
    outer loop
      vertex 37.94974746830583 32.94974746830583 16
      vertex 39.06217782603493 31.500000000682654 16
      vertex 38.553473382038646 32.26133000306105 16
    endloop
  endfacet
  facet normal 0 0 1
    outer loop
      vertex 36.5 34.06217782649107 16
      vertex 36.96676670145618 31.0438071450436 16
      vertex 37.26133000306105 33.553473382038646 16
    endloop
  endfacet
  facet normal 0 0 1
    outer loop
      vertex 37.94974746830583 32.94974746830583 16
      vertex 37.26133000306105 33.553473382038646 16
      vertex 39.06217782603493 31.500000000682654 16
    endloop
  endfacet
  facet normal 0 0 -1
    outer loop
      vertex 24 22 0
      vertex 26.009999999999998 22.00085145783921 0
      vertex 26.009999999999998 22 0
    endloop
  endfacet
  facet normal 0 0 -1
    outer loop
      vertex 24 22 0
      vertex 26.009999999999998 22.03914854216079 0
      vertex 26.009999999999998 22.00085145783921 0
    endloop
  endfacet
  facet normal 0 0 -1
    outer loop
      vertex 24 22 0
      vertex 26 27.818337794146615 0
      vertex 26.009999999999998 22.03914854216079 0
    endloop
  endfacet
  facet normal 0 0 -1
    outer loop
      vertex 24 22 0
      vertex 26 28.121960713316074 0
      vertex 26 27.818337794146615 0
    endloop
  endfacet
  facet normal 0 0 -1
    outer loop
      vertex 24 22 0
      vertex 26.009999999999998 34 0
      vertex 26 28.121960713316074 0
    endloop
  endfacet
  facet normal 0 -1 0
    outer loop
      vertex 24 22 0
      vertex 26.009999999999998 22 0
      vertex 26.009999999999998 22 16
    endloop
  endfacet
  facet normal 0 0 -1
    outer loop
      vertex 24 22 0
      vertex 24 34 0
      vertex 26.009999999999998 34 0
    endloop
  endfacet
  facet normal -1 0 0
    outer loop
      vertex 24 22 0
      vertex 24 34 16
      vertex 24 34 0
    endloop
  endfacet
  facet normal 0 1 0
    outer loop
      vertex 24 34 0
      vertex 24 34 16
      vertex 26.009999999999998 34 0
    endloop
  endfacet
  facet normal 0 -1 0
    outer loop
      vertex 24 22 0
      vertex 26.009999999999998 22 16
      vertex 24 22 16
    endloop
  endfacet
  facet normal -1 0 0
    outer loop
      vertex 24 22 0
      vertex 24 22 16
      vertex 24 34 16
    endloop
  endfacet
  facet normal 0 1 0
    outer loop
      vertex 26.009999999999998 34 0
      vertex 24 34 16
      vertex 26.009999999999998 34 16
    endloop
  endfacet
  facet normal 0 0 1
    outer loop
      vertex 24 22 16
      vertex 26.009999999999998 22 16
      vertex 24 34 16
    endloop
  endfacet
  facet normal 0 0 1
    outer loop
      vertex 26.009999999999998 22 16
      vertex 26 27.878039286683926 16
      vertex 24 34 16
    endloop
  endfacet
  facet normal 0 0 1
    outer loop
      vertex 26 27.878039286683926 16
      vertex 26 28.181662205853385 16
      vertex 24 34 16
    endloop
  endfacet
  facet normal 0 0 1
    outer loop
      vertex 26 28.181662205853385 16
      vertex 26.009999999999998 33.99914854216079 16
      vertex 24 34 16
    endloop
  endfacet
  facet normal 0 0 1
    outer loop
      vertex 24 34 16
      vertex 26.009999999999998 33.99914854216079 16
      vertex 26.009999999999998 34 16
    endloop
  endfacet
  facet normal 1 0 0
    outer loop
      vertex 26.009999999999998 22 0
      vertex 26.009999999999998 22.00085145783921 0
      vertex 26.009999999999998 22.00085145783921 16
    endloop
  endfacet
  facet normal 0 0 -1
    outer loop
      vertex 26 28.121960713316074 0
      vertex 26.009999999999998 34 0
      vertex 26.009999999999998 33.99914854216079 0
    endloop
  endfacet
  facet normal 1 0 0
    outer loop
      vertex 26.009999999999998 34 0
      vertex 26.009999999999998 34 16
      vertex 26.009999999999998 33.99914854216079 0
    endloop
  endfacet
  facet normal 1 0 0
    outer loop
      vertex 26.009999999999998 22 0
      vertex 26.009999999999998 22.00085145783921 16
      vertex 26.009999999999998 22 16
    endloop
  endfacet
  facet normal 1 0 0
    outer loop
      vertex 26.009999999999998 33.99914854216079 0
      vertex 26.009999999999998 34 16
      vertex 26.009999999999998 33.99914854216079 16
    endloop
  endfacet
  facet normal 0 0 1
    outer loop
      vertex 26.009999999999998 22 16
      vertex 26.009999999999998 22.00085145783921 16
      vertex 26 27.878039286683926 16
    endloop
  endfacet
  facet normal 0 0 1
    outer loop
      vertex 26.009999999999998 22.00085145783921 16
      vertex 26.009999999999998 22.03914854216079 16
      vertex 26 27.878039286683926 16
    endloop
  endfacet
  facet normal 0 0 -1
    outer loop
      vertex 26.009999999999998 22.00085145783921 0
      vertex 26.009999999999998 22.03914854216079 0
      vertex 29 22.25543735176325 0
    endloop
  endfacet
  facet normal 0 0 -1
    outer loop
      vertex 26.009999999999998 22.03914854216079 0
      vertex 29 22.27191149246858 0
      vertex 29 22.25543735176325 0
    endloop
  endfacet
  facet normal 0 0 -1
    outer loop
      vertex 26.009999999999998 22.03914854216079 0
      vertex 29 25.005930001069466 0
      vertex 29 22.27191149246858 0
    endloop
  endfacet
  facet normal 0 0 -1
    outer loop
      vertex 26.009999999999998 22.03914854216079 0
      vertex 28.66987298107781 25.5 0
      vertex 29 25.005930001069466 0
    endloop
  endfacet
  facet normal 0 0 -1
    outer loop
      vertex 26.009999999999998 22.03914854216079 0
      vertex 28.380602337443566 26.08658283817455 0
      vertex 28.66987298107781 25.5 0
    endloop
  endfacet
  facet normal 0 0 -1
    outer loop
      vertex 26.009999999999998 22.03914854216079 0
      vertex 28.17037086855466 26.705904774487397 0
      vertex 28.380602337443566 26.08658283817455 0
    endloop
  endfacet
  facet normal 0 0 -1
    outer loop
      vertex 26.009999999999998 22.03914854216079 0
      vertex 28.04277569313095 27.347369038899743 0
      vertex 28.17037086855466 26.705904774487397 0
    endloop
  endfacet
  facet normal 0 0 -1
    outer loop
      vertex 26.009999999999998 22.03914854216079 0
      vertex 28 28 0
      vertex 28.04277569313095 27.347369038899743 0
    endloop
  endfacet
  facet normal 0 0 -1
    outer loop
      vertex 26.009999999999998 22.03914854216079 0
      vertex 28.04277569313095 28.652630961100257 0
      vertex 28 28 0
    endloop
  endfacet
  facet normal 0 0 -1
    outer loop
      vertex 26.009999999999998 22.03914854216079 0
      vertex 26 27.818337794146615 0
      vertex 29 33.74456264823675 0
    endloop
  endfacet
  facet normal 0.08483880691423211 -0.9963946892880199 0
    outer loop
      vertex 26.009999999999998 22.00085145783921 0
      vertex 29 22.25543735176325 0
      vertex 26.009999999999998 22.00085145783921 16
    endloop
  endfacet
  facet normal 1 0 0
    outer loop
      vertex 29 22.25543735176325 0
      vertex 29 22.27191149246858 0
      vertex 29 22.25543735176325 16
    endloop
  endfacet
  facet normal 0 0 -1
    outer loop
      vertex 26.009999999999998 22.03914854216079 0
      vertex 29 33.728088507531425 0
      vertex 28.04277569313095 28.652630961100257 0
    endloop
  endfacet
  facet normal 0 0 -1
    outer loop
      vertex 26 27.818337794146615 0
      vertex 26 28.121960713316074 0
      vertex 29 33.74456264823675 0
    endloop
  endfacet
  facet normal 0 0 -1
    outer loop
      vertex 26.009999999999998 22.03914854216079 0
      vertex 29 33.74456264823675 0
      vertex 29 33.728088507531425 0
    endloop
  endfacet
  facet normal 0 0 -1
    outer loop
      vertex 29 33.728088507531425 0
      vertex 28.17037086855466 29.294095225512603 0
      vertex 28.04277569313095 28.652630961100257 0
    endloop
  endfacet
  facet normal 0 0 -1
    outer loop
      vertex 29 33.728088507531425 0
      vertex 28.380602337443566 29.91341716182545 0
      vertex 28.17037086855466 29.294095225512603 0
    endloop
  endfacet
  facet normal 0 0 -1
    outer loop
      vertex 29 33.728088507531425 0
      vertex 28.66987298107781 30.5 0
      vertex 28.380602337443566 29.91341716182545 0
    endloop
  endfacet
  facet normal 0 0 -1
    outer loop
      vertex 26 28.121960713316074 0
      vertex 26.009999999999998 33.99914854216079 0
      vertex 29 33.74456264823675 0
    endloop
  endfacet
  facet normal 0 0 -1
    outer loop
      vertex 29 33.728088507531425 0
      vertex 29 30.994069998930534 0
      vertex 28.66987298107781 30.5 0
    endloop
  endfacet
  facet normal 0.08483880691423211 0.9963946892880199 0
    outer loop
      vertex 26.009999999999998 33.99914854216079 0
      vertex 29 33.74456264823675 16
      vertex 29 33.74456264823675 0
    endloop
  endfacet
  facet normal 1 0 0
    outer loop
      vertex 29 33.728088507531425 0
      vertex 29 33.74456264823675 0
      vertex 29 33.728088507531425 16
    endloop
  endfacet
  facet normal 0.08483880691423211 -0.9963946892880199 0
    outer loop
      vertex 29 22.25543735176325 0
      vertex 29 22.25543735176325 16
      vertex 26.009999999999998 22.00085145783921 16
    endloop
  endfacet
  facet normal 1 0 0
    outer loop
      vertex 29 22.27191149246858 0
      vertex 29 22.27191149246858 16
      vertex 29 22.25543735176325 16
    endloop
  endfacet
  facet normal 0.08483880691423211 0.9963946892880199 0
    outer loop
      vertex 26.009999999999998 33.99914854216079 0
      vertex 26.009999999999998 33.99914854216079 16
      vertex 29 33.74456264823675 16
    endloop
  endfacet
  facet normal 1 0 0
    outer loop
      vertex 29 33.74456264823675 0
      vertex 29 33.74456264823675 16
      vertex 29 33.728088507531425 16
    endloop
  endfacet
  facet normal 0 0 1
    outer loop
      vertex 26.009999999999998 22.00085145783921 16
      vertex 29 22.25543735176325 16
      vertex 26.009999999999998 22.03914854216079 16
    endloop
  endfacet
  facet normal 0 0 1
    outer loop
      vertex 26.009999999999998 22.03914854216079 16
      vertex 29 22.25543735176325 16
      vertex 26 28.181662205853385 16
    endloop
  endfacet
  facet normal 0 0 1
    outer loop
      vertex 29 22.25543735176325 16
      vertex 29 22.27191149246858 16
      vertex 26 28.181662205853385 16
    endloop
  endfacet
  facet normal 0 0 1
    outer loop
      vertex 29 22.27191149246858 16
      vertex 28.928967252517463 25.112238020289794 16
      vertex 28.66987298107781 25.5 16
    endloop
  endfacet
  facet normal 0 0 1
    outer loop
      vertex 29 22.27191149246858 16
      vertex 28.66987298107781 25.5 16
      vertex 28.380602337443566 26.08658283817455 16
    endloop
  endfacet
  facet normal 0 0 1
    outer loop
      vertex 26.009999999999998 22.03914854216079 16
      vertex 26 28.181662205853385 16
      vertex 26 27.878039286683926 16
    endloop
  endfacet
  facet normal 0 0 1
    outer loop
      vertex 29 22.27191149246858 16
      vertex 28.380602337443566 26.08658283817455 16
      vertex 28.17037086855466 26.705904774487397 16
    endloop
  endfacet
  facet normal 0 0 1
    outer loop
      vertex 29 22.27191149246858 16
      vertex 28.17037086855466 26.705904774487397 16
      vertex 28.04277569313095 27.347369038899743 16
    endloop
  endfacet
  facet normal 0 0 1
    outer loop
      vertex 29 22.27191149246858 16
      vertex 28.04277569313095 27.347369038899743 16
      vertex 26.009999999999998 33.99914854216079 16
    endloop
  endfacet
  facet normal 0 0 1
    outer loop
      vertex 29 22.27191149246858 16
      vertex 26.009999999999998 33.99914854216079 16
      vertex 26 28.181662205853385 16
    endloop
  endfacet
  facet normal 0 0 1
    outer loop
      vertex 26.009999999999998 33.99914854216079 16
      vertex 28.04277569313095 27.347369038899743 16
      vertex 28 28 16
    endloop
  endfacet
  facet normal 0 0 1
    outer loop
      vertex 26.009999999999998 33.99914854216079 16
      vertex 28 28 16
      vertex 28.04277569313095 28.652630961100257 16
    endloop
  endfacet
  facet normal 0 0 1
    outer loop
      vertex 26.009999999999998 33.99914854216079 16
      vertex 28.04277569313095 28.652630961100257 16
      vertex 28.17037086855466 29.294095225512603 16
    endloop
  endfacet
  facet normal 0 0 1
    outer loop
      vertex 26.009999999999998 33.99914854216079 16
      vertex 28.17037086855466 29.294095225512603 16
      vertex 28.380602337443566 29.91341716182545 16
    endloop
  endfacet
  facet normal 0 0 1
    outer loop
      vertex 26.009999999999998 33.99914854216079 16
      vertex 28.380602337443566 29.91341716182545 16
      vertex 28.66987298107781 30.5 16
    endloop
  endfacet
  facet normal 0 0 1
    outer loop
      vertex 26.009999999999998 33.99914854216079 16
      vertex 28.66987298107781 30.5 16
      vertex 28.789740168724272 30.679393923786208 16
    endloop
  endfacet
  facet normal 0 0 1
    outer loop
      vertex 26.009999999999998 33.99914854216079 16
      vertex 28.789740168724272 30.679393923786208 16
      vertex 28.738669996938956 32.7214937839653 16
    endloop
  endfacet
  facet normal 0 0 1
    outer loop
      vertex 26.009999999999998 33.99914854216079 16
      vertex 28.738669996938956 32.7214937839653 16
      vertex 28.99492584327915 33.724698064405096 16
    endloop
  endfacet
  facet normal 0 0 1
    outer loop
      vertex 26.009999999999998 33.99914854216079 16
      vertex 28.99492584327915 33.724698064405096 16
      vertex 29 33.74456264823675 16
    endloop
  endfacet
  facet normal 0 0 1
    outer loop
      vertex 28.99492584327915 33.724698064405096 16
      vertex 29 33.728088507531425 16
      vertex 29 33.74456264823675 16
    endloop
  endfacet
  facet normal 0.3214394653031593 0.9469301294951065 0
    outer loop
      vertex 31.08658283817455 23.380602337443566 0
      vertex 31.08658283817455 23.380602337443566 16
      vertex 31.705904774487397 23.17037086855466 0
    endloop
  endfacet
  facet normal 0.44228869021900485 0.8968727415326867 0
    outer loop
      vertex 30.5 23.66987298107781 0
      vertex 30.5 23.66987298107781 16
      vertex 31.08658283817455 23.380602337443566 0
    endloop
  endfacet
  facet normal 0.5555702330196005 0.8314696123025465 0
    outer loop
      vertex 29.9561928549564 24.033233298543824 0
      vertex 29.9561928549564 24.033233298543824 16
      vertex 30.5 23.66987298107781 0
    endloop
  endfacet
  facet normal 0.6593458151000678 0.7518398074789784 0
    outer loop
      vertex 29.464466094067262 24.464466094067262 0
      vertex 29.464466094067262 24.464466094067262 16
      vertex 29.9561928549564 24.033233298543824 0
    endloop
  endfacet
  facet normal 0.19509032201612833 0.9807852804032304 0
    outer loop
      vertex 31.705904774487397 23.17037086855466 0
      vertex 31.705904774487397 23.17037086855466 16
      vertex 32.34736903889974 23.04277569313095 0
    endloop
  endfacet
  facet normal 0.06540312923014452 0.9978589232386034 0
    outer loop
      vertex 32.34736903889974 23.04277569313095 0
      vertex 32.34736903889974 23.04277569313095 16
      vertex 33 23 0
    endloop
  endfacet
  facet normal 0.7518398074789784 0.6593458151000678 0
    outer loop
      vertex 29.464466094067262 24.464466094067262 0
      vertex 29.033233298543824 24.9561928549564 0
      vertex 29.033233298543824 24.9561928549564 16
    endloop
  endfacet
  facet normal 0.831469612302535 0.5555702330196174 -8.301207518981101e-16
    outer loop
      vertex 29 25.005930001069466 0
      vertex 28.66987298107781 25.5 16
      vertex 29.033233298543824 24.9561928549564 0
    endloop
  endfacet
  facet normal 0.8314696123025475 0.5555702330195987 0
    outer loop
      vertex 29 25.005930001069466 0
      vertex 28.66987298107781 25.5 0
      vertex 28.66987298107781 25.5 16
    endloop
  endfacet
  facet normal 0.8968727415326867 0.44228869021900485 0
    outer loop
      vertex 28.66987298107781 25.5 0
      vertex 28.380602337443566 26.08658283817455 0
      vertex 28.380602337443566 26.08658283817455 16
    endloop
  endfacet
  facet normal 0.9469301294951065 0.3214394653031593 0
    outer loop
      vertex 28.380602337443566 26.08658283817455 0
      vertex 28.17037086855466 26.705904774487397 0
      vertex 28.17037086855466 26.705904774487397 16
    endloop
  endfacet
  facet normal 0.9807852804032304 0.19509032201612833 0
    outer loop
      vertex 28.17037086855466 26.705904774487397 0
      vertex 28.04277569313095 27.347369038899743 0
      vertex 28.04277569313095 27.347369038899743 16
    endloop
  endfacet
  facet normal 0.9978589232386034 0.06540312923014452 0
    outer loop
      vertex 28.04277569313095 27.347369038899743 0
      vertex 28 28 0
      vertex 28 28 16
    endloop
  endfacet
  facet normal -0.06540312923014452 0.9978589232386034 0
    outer loop
      vertex 33 23 16
      vertex 33.65263096110026 23.04277569313095 0
      vertex 33 23 0
    endloop
  endfacet
  facet normal -0.1950903220161273 0.9807852804032307 0
    outer loop
      vertex 33.65263096110026 23.04277569313095 0
      vertex 33.65263096110026 23.04277569313095 16
      vertex 34.294095225512606 23.17037086855466 0
    endloop
  endfacet
  facet normal -0.3214394653031609 0.9469301294951059 0
    outer loop
      vertex 34.294095225512606 23.17037086855466 0
      vertex 34.294095225512606 23.17037086855466 16
      vertex 34.91341716182545 23.380602337443566 0
    endloop
  endfacet
  facet normal -0.44228869021900485 0.8968727415326867 0
    outer loop
      vertex 34.91341716182545 23.380602337443566 16
      vertex 35.5 23.66987298107781 0
      vertex 34.91341716182545 23.380602337443566 0
    endloop
  endfacet
  facet normal -0.5555702330196005 0.8314696123025465 0
    outer loop
      vertex 35.5 23.66987298107781 0
      vertex 35.5 23.66987298107781 16
      vertex 36.0438071450436 24.033233298543824 0
    endloop
  endfacet
  facet normal -0.6593458151000678 0.7518398074789784 0
    outer loop
      vertex 36.0438071450436 24.033233298543824 0
      vertex 36.0438071450436 24.033233298543824 16
      vertex 36.53553390593274 24.464466094067262 0
    endloop
  endfacet
  facet normal -0.7518398074789757 0.6593458151000708 0
    outer loop
      vertex 36.96676670145618 24.9561928549564 0
      vertex 36.53553390593274 24.464466094067262 0
      vertex 36.53553390593274 24.464466094067262 16
    endloop
  endfacet
  facet normal -0.8314696123025451 0.5555702330196024 0
    outer loop
      vertex 37.330127018596386 25.49999999951239 0
      vertex 36.96676670145618 24.9561928549564 0
      vertex 36.96676670145618 24.9561928549564 16
    endloop
  endfacet
  facet normal 0.9978589232386034 -0.06540312923014452 0
    outer loop
      vertex 28 28 0
      vertex 28.04277569313095 28.652630961100257 0
      vertex 28.04277569313095 28.652630961100257 16
    endloop
  endfacet
  facet normal 0.9807852804032304 -0.19509032201612833 0
    outer loop
      vertex 28.04277569313095 28.652630961100257 0
      vertex 28.17037086855466 29.294095225512603 0
      vertex 28.17037086855466 29.294095225512603 16
    endloop
  endfacet
  facet normal 0.9469301294951065 -0.3214394653031593 0
    outer loop
      vertex 28.17037086855466 29.294095225512603 0
      vertex 28.380602337443566 29.91341716182545 0
      vertex 28.380602337443566 29.91341716182545 16
    endloop
  endfacet
  facet normal 0.8968727415326867 -0.44228869021900485 0
    outer loop
      vertex 28.380602337443566 29.91341716182545 0
      vertex 28.66987298107781 30.5 0
      vertex 28.66987298107781 30.5 16
    endloop
  endfacet
  facet normal 0.8314696123025475 -0.5555702330195987 -8.356677640418901e-17
    outer loop
      vertex 29 30.994069998930534 0
      vertex 29.033233298543824 31.0438071450436 16
      vertex 28.66987298107781 30.5 0
    endloop
  endfacet
  facet normal 0.831469612302535 -0.5555702330196174 0
    outer loop
      vertex 29 30.994069998930534 0
      vertex 29.033233298543824 31.0438071450436 0
      vertex 29.033233298543824 31.0438071450436 16
    endloop
  endfacet
  facet normal 0.7518398074789784 -0.6593458151000678 0
    outer loop
      vertex 29.033233298543824 31.0438071450436 0
      vertex 29.464466094067262 31.535533905932738 0
      vertex 29.464466094067262 31.535533905932738 16
    endloop
  endfacet
  facet normal 0.6593458151000678 -0.7518398074789784 0
    outer loop
      vertex 29.9561928549564 31.966766701456176 0
      vertex 29.9561928549564 31.966766701456176 16
      vertex 29.464466094067262 31.535533905932738 0
    endloop
  endfacet
  facet normal 0.5555702330196005 -0.8314696123025465 0
    outer loop
      vertex 30.5 32.33012701892219 0
      vertex 30.5 32.33012701892219 16
      vertex 29.9561928549564 31.966766701456176 0
    endloop
  endfacet
  facet normal 0.4422886902190092 -0.8968727415326844 0
    outer loop
      vertex 31.08658283817455 32.61939766255644 0
      vertex 31.08658283817455 32.61939766255644 16
      vertex 30.5 32.33012701892219 0
    endloop
  endfacet
  facet normal 0.3214394653031593 -0.9469301294951065 0
    outer loop
      vertex 31.705904774487397 32.829629131445344 0
      vertex 31.705904774487397 32.829629131445344 16
      vertex 31.08658283817455 32.61939766255644 0
    endloop
  endfacet
  facet normal 0.19509032201612309 -0.9807852804032314 0
    outer loop
      vertex 32.34736903889974 32.95722430686905 0
      vertex 32.34736903889974 32.95722430686905 16
      vertex 31.705904774487397 32.829629131445344 0
    endloop
  endfacet
  facet normal 0.06540312923014452 -0.9978589232386034 0
    outer loop
      vertex 33 33 0
      vertex 33 33 16
      vertex 32.34736903889974 32.95722430686905 0
    endloop
  endfacet
  facet normal -0.8314696123025451 -0.5555702330196024 0
    outer loop
      vertex 36.96676670145618 31.0438071450436 0
      vertex 37.330127018596386 30.50000000048761 0
      vertex 37.330127018596386 30.50000000048761 16
    endloop
  endfacet
  facet normal -0.7518398074789757 -0.6593458151000708 0
    outer loop
      vertex 36.53553390593274 31.535533905932738 0
      vertex 36.96676670145618 31.0438071450436 0
      vertex 36.96676670145618 31.0438071450436 16
    endloop
  endfacet
  facet normal -0.06540312923014452 -0.9978589232386034 0
    outer loop
      vertex 33.65263096110026 32.95722430686905 0
      vertex 33.65263096110026 32.95722430686905 16
      vertex 33 33 0
    endloop
  endfacet
  facet normal -0.3214394653031609 -0.9469301294951059 0
    outer loop
      vertex 34.91341716182545 32.61939766255644 16
      vertex 34.294095225512606 32.829629131445344 0
      vertex 34.91341716182545 32.61939766255644 0
    endloop
  endfacet
  facet normal -0.19509032201612206 -0.9807852804032317 0
    outer loop
      vertex 34.294095225512606 32.829629131445344 0
      vertex 34.294095225512606 32.829629131445344 16
      vertex 33.65263096110026 32.95722430686905 0
    endloop
  endfacet
  facet normal -0.6593458151000678 -0.7518398074789784 0
    outer loop
      vertex 36.0438071450436 31.966766701456176 0
      vertex 36.53553390593274 31.535533905932738 0
      vertex 36.53553390593274 31.535533905932738 16
    endloop
  endfacet
  facet normal -0.5555702330196005 -0.8314696123025465 0
    outer loop
      vertex 36.0438071450436 31.966766701456176 0
      vertex 36.0438071450436 31.966766701456176 16
      vertex 35.5 32.33012701892219 0
    endloop
  endfacet
  facet normal -0.4422886902190092 -0.8968727415326844 0
    outer loop
      vertex 35.5 32.33012701892219 0
      vertex 35.5 32.33012701892219 16
      vertex 34.91341716182545 32.61939766255644 0
    endloop
  endfacet
  facet normal 0.7518398074789784 0.6593458151000678 0
    outer loop
      vertex 29.033233298543824 24.9561928549564 16
      vertex 29.464466094067262 24.464466094067262 16
      vertex 29.464466094067262 24.464466094067262 0
    endloop
  endfacet
  facet normal 0.44228869021900485 0.8968727415326867 0
    outer loop
      vertex 31.08658283817455 23.380602337443566 0
      vertex 30.5 23.66987298107781 16
      vertex 31.08658283817455 23.380602337443566 16
    endloop
  endfacet
  facet normal 0.6593458151000678 0.7518398074789784 0
    outer loop
      vertex 29.9561928549564 24.033233298543824 0
      vertex 29.464466094067262 24.464466094067262 16
      vertex 29.9561928549564 24.033233298543824 16
    endloop
  endfacet
  facet normal 0.5555702330196005 0.8314696123025465 0
    outer loop
      vertex 30.5 23.66987298107781 0
      vertex 29.9561928549564 24.033233298543824 16
      vertex 30.5 23.66987298107781 16
    endloop
  endfacet
  facet normal 0.3214394653031593 0.9469301294951065 0
    outer loop
      vertex 31.705904774487397 23.17037086855466 0
      vertex 31.08658283817455 23.380602337443566 16
      vertex 31.705904774487397 23.17037086855466 16
    endloop
  endfacet
  facet normal 0.19509032201612833 0.9807852804032304 0
    outer loop
      vertex 32.34736903889974 23.04277569313095 0
      vertex 31.705904774487397 23.17037086855466 16
      vertex 32.34736903889974 23.04277569313095 16
    endloop
  endfacet
  facet normal 0.06540312923014452 0.9978589232386034 0
    outer loop
      vertex 33 23 0
      vertex 32.34736903889974 23.04277569313095 16
      vertex 33 23 16
    endloop
  endfacet
  facet normal 0.8314696123025442 0.5555702330196036 0
    outer loop
      vertex 28.928967252517463 25.112238020289794 16
      vertex 29.033233298543824 24.9561928549564 16
      vertex 29.033233298543824 24.9561928549564 0
    endloop
  endfacet
  facet normal 0.8314696123025472 0.5555702330195992 6.137554445683038e-17
    outer loop
      vertex 28.928967252517463 25.112238020289794 16
      vertex 29.033233298543824 24.9561928549564 0
      vertex 28.66987298107781 25.5 16
    endloop
  endfacet
  facet normal 0.8968727415326867 0.44228869021900485 0
    outer loop
      vertex 28.66987298107781 25.5 0
      vertex 28.380602337443566 26.08658283817455 16
      vertex 28.66987298107781 25.5 16
    endloop
  endfacet
  facet normal 0.9469301294951065 0.3214394653031593 0
    outer loop
      vertex 28.380602337443566 26.08658283817455 0
      vertex 28.17037086855466 26.705904774487397 16
      vertex 28.380602337443566 26.08658283817455 16
    endloop
  endfacet
  facet normal 0.9807852804032304 0.19509032201612833 0
    outer loop
      vertex 28.17037086855466 26.705904774487397 0
      vertex 28.04277569313095 27.347369038899743 16
      vertex 28.17037086855466 26.705904774487397 16
    endloop
  endfacet
  facet normal 0.9978589232386034 0.06540312923014452 0
    outer loop
      vertex 28.04277569313095 27.347369038899743 0
      vertex 28 28 16
      vertex 28.04277569313095 27.347369038899743 16
    endloop
  endfacet
  facet normal -0.06540312923014452 0.9978589232386034 0
    outer loop
      vertex 33.65263096110026 23.04277569313095 0
      vertex 33 23 16
      vertex 33.65263096110026 23.04277569313095 16
    endloop
  endfacet
  facet normal -0.1950903220161273 0.9807852804032307 0
    outer loop
      vertex 34.294095225512606 23.17037086855466 0
      vertex 33.65263096110026 23.04277569313095 16
      vertex 34.294095225512606 23.17037086855466 16
    endloop
  endfacet
  facet normal -0.3214394653031609 0.9469301294951059 0
    outer loop
      vertex 34.91341716182545 23.380602337443566 16
      vertex 34.91341716182545 23.380602337443566 0
      vertex 34.294095225512606 23.17037086855466 16
    endloop
  endfacet
  facet normal -0.44228869021900485 0.8968727415326867 0
    outer loop
      vertex 35.5 23.66987298107781 0
      vertex 34.91341716182545 23.380602337443566 16
      vertex 35.5 23.66987298107781 16
    endloop
  endfacet
  facet normal -0.5555702330196005 0.8314696123025465 0
    outer loop
      vertex 36.0438071450436 24.033233298543824 0
      vertex 35.5 23.66987298107781 16
      vertex 36.0438071450436 24.033233298543824 16
    endloop
  endfacet
  facet normal -0.6593458151000678 0.7518398074789784 0
    outer loop
      vertex 36.53553390593274 24.464466094067262 16
      vertex 36.53553390593274 24.464466094067262 0
      vertex 36.0438071450436 24.033233298543824 16
    endloop
  endfacet
  facet normal -0.7518398074789757 0.6593458151000708 0
    outer loop
      vertex 36.96676670145618 24.9561928549564 0
      vertex 36.53553390593274 24.464466094067262 16
      vertex 36.96676670145618 24.9561928549564 16
    endloop
  endfacet
  facet normal -0.8314696123025451 0.5555702330196024 0
    outer loop
      vertex 36.96676670145618 24.9561928549564 16
      vertex 37.330127018596386 25.49999999951239 16
      vertex 37.330127018596386 25.49999999951239 0
    endloop
  endfacet
  facet normal 0.9978589232386034 -0.06540312923014452 0
    outer loop
      vertex 28 28 0
      vertex 28.04277569313095 28.652630961100257 16
      vertex 28 28 16
    endloop
  endfacet
  facet normal 0.9807852804032304 -0.19509032201612833 0
    outer loop
      vertex 28.04277569313095 28.652630961100257 0
      vertex 28.17037086855466 29.294095225512603 16
      vertex 28.04277569313095 28.652630961100257 16
    endloop
  endfacet
  facet normal 0.9469301294951065 -0.3214394653031593 0
    outer loop
      vertex 28.17037086855466 29.294095225512603 0
      vertex 28.380602337443566 29.91341716182545 16
      vertex 28.17037086855466 29.294095225512603 16
    endloop
  endfacet
  facet normal 0.8968727415326867 -0.44228869021900485 0
    outer loop
      vertex 28.380602337443566 29.91341716182545 0
      vertex 28.66987298107781 30.5 16
      vertex 28.380602337443566 29.91341716182545 16
    endloop
  endfacet
  facet normal 0.8314696123025533 -0.5555702330195902 0
    outer loop
      vertex 28.789740168724272 30.679393923786208 16
      vertex 28.66987298107781 30.5 16
      vertex 28.66987298107781 30.5 0
    endloop
  endfacet
  facet normal 0.831469612302543 -0.5555702330196056 2.53315921049532e-16
    outer loop
      vertex 29.033233298543824 31.0438071450436 16
      vertex 28.789740168724272 30.679393923786208 16
      vertex 28.66987298107781 30.5 0
    endloop
  endfacet
  facet normal 0.7518398074789784 -0.6593458151000678 0
    outer loop
      vertex 29.464466094067262 31.535533905932738 16
      vertex 29.033233298543824 31.0438071450436 16
      vertex 29.033233298543824 31.0438071450436 0
    endloop
  endfacet
  facet normal 0.6593458151000678 -0.7518398074789784 0
    outer loop
      vertex 29.464466094067262 31.535533905932738 0
      vertex 29.9561928549564 31.966766701456176 16
      vertex 29.464466094067262 31.535533905932738 16
    endloop
  endfacet
  facet normal 0.5555702330196005 -0.8314696123025465 0
    outer loop
      vertex 29.9561928549564 31.966766701456176 0
      vertex 30.5 32.33012701892219 16
      vertex 29.9561928549564 31.966766701456176 16
    endloop
  endfacet
  facet normal 0.4422886902190092 -0.8968727415326844 0
    outer loop
      vertex 30.5 32.33012701892219 0
      vertex 31.08658283817455 32.61939766255644 16
      vertex 30.5 32.33012701892219 16
    endloop
  endfacet
  facet normal 0.3214394653031593 -0.9469301294951065 0
    outer loop
      vertex 31.08658283817455 32.61939766255644 0
      vertex 31.705904774487397 32.829629131445344 16
      vertex 31.08658283817455 32.61939766255644 16
    endloop
  endfacet
  facet normal 0.19509032201612309 -0.9807852804032314 0
    outer loop
      vertex 31.705904774487397 32.829629131445344 0
      vertex 32.34736903889974 32.95722430686905 16
      vertex 31.705904774487397 32.829629131445344 16
    endloop
  endfacet
  facet normal 0.06540312923014452 -0.9978589232386034 0
    outer loop
      vertex 32.34736903889974 32.95722430686905 0
      vertex 33 33 16
      vertex 32.34736903889974 32.95722430686905 16
    endloop
  endfacet
  facet normal -0.7518398074789757 -0.6593458151000708 0
    outer loop
      vertex 36.96676670145618 31.0438071450436 16
      vertex 36.53553390593274 31.535533905932738 16
      vertex 36.53553390593274 31.535533905932738 0
    endloop
  endfacet
  facet normal -0.8314696123025451 -0.5555702330196024 0
    outer loop
      vertex 37.330127018596386 30.50000000048761 16
      vertex 36.96676670145618 31.0438071450436 16
      vertex 36.96676670145618 31.0438071450436 0
    endloop
  endfacet
  facet normal -0.06540312923014452 -0.9978589232386034 0
    outer loop
      vertex 33 33 0
      vertex 33.65263096110026 32.95722430686905 16
      vertex 33 33 16
    endloop
  endfacet
  facet normal -0.19509032201612206 -0.9807852804032317 0
    outer loop
      vertex 33.65263096110026 32.95722430686905 0
      vertex 34.294095225512606 32.829629131445344 16
      vertex 33.65263096110026 32.95722430686905 16
    endloop
  endfacet
  facet normal -0.3214394653031609 -0.9469301294951059 0
    outer loop
      vertex 34.294095225512606 32.829629131445344 0
      vertex 34.91341716182545 32.61939766255644 16
      vertex 34.294095225512606 32.829629131445344 16
    endloop
  endfacet
  facet normal -0.5555702330196005 -0.8314696123025465 0
    outer loop
      vertex 35.5 32.33012701892219 0
      vertex 36.0438071450436 31.966766701456176 16
      vertex 35.5 32.33012701892219 16
    endloop
  endfacet
  facet normal -0.6593458151000678 -0.7518398074789784 0
    outer loop
      vertex 36.0438071450436 31.966766701456176 0
      vertex 36.53553390593274 31.535533905932738 16
      vertex 36.0438071450436 31.966766701456176 16
    endloop
  endfacet
  facet normal -0.4422886902190092 -0.8968727415326844 0
    outer loop
      vertex 34.91341716182545 32.61939766255644 16
      vertex 34.91341716182545 32.61939766255644 0
      vertex 35.5 32.33012701892219 16
    endloop
  endfacet
  facet normal 0.5000000001013588 0.8660254037259192 0
    outer loop
      vertex 37.330127018596386 25.49999999951239 0
      vertex 39.06217782603493 24.499999999317346 16
      vertex 39.06217782603493 24.499999999317346 0
    endloop
  endfacet
  facet normal 0.5000000001013588 -0.8660254037259192 0
    outer loop
      vertex 37.330127018596386 30.50000000048761 16
      vertex 37.330127018596386 30.50000000048761 0
      vertex 39.06217782603493 31.500000000682654 0
    endloop
  endfacet
  facet normal 0.5000000001013588 0.8660254037259192 0
    outer loop
      vertex 37.330127018596386 25.49999999951239 16
      vertex 39.06217782603493 24.499999999317346 16
      vertex 37.330127018596386 25.49999999951239 0
    endloop
  endfacet
  facet normal 0.5000000001013588 -0.8660254037259192 0
    outer loop
      vertex 37.330127018596386 30.50000000048761 16
      vertex 39.06217782603493 31.500000000682654 0
      vertex 39.06217782603493 31.500000000682654 16
    endloop
  endfacet
  facet normal 0 0 -1
    outer loop
      vertex 49.6 22.111027254265817 0
      vertex 50.6 23.843078061834696 0
      vertex 50.39775265991739 21.71761917892325 0
    endloop
  endfacet
  facet normal 0 0 -1
    outer loop
      vertex 50.39775265991739 21.71761917892325 0
      vertex 51.7576685835079 23.363556033812472 0
      vertex 51.24003049330286 21.431704381234336 0
    endloop
  endfacet
  facet normal 0 0 -1
    outer loop
      vertex 50.39775265991739 21.71761917892325 0
      vertex 51.16311952464757 23.565378243945823 0
      vertex 51.7576685835079 23.363556033812472 0
    endloop
  endfacet
  facet normal 0 0 -1
    outer loop
      vertex 49 22.5119344370174 0
      vertex 49 24.734741732774857 0
      vertex 49.6 22.111027254265817 0
    endloop
  endfacet
  facet normal 0 0 -1
    outer loop
      vertex 49.6 22.111027254265817 0
      vertex 49.60588745030457 24.60588745030457 0
      vertex 50.07794514075814 24.19190396660207 0
    endloop
  endfacet
  facet normal 0 0 -1
    outer loop
      vertex 49.6 22.111027254265817 0
      vertex 50.07794514075814 24.19190396660207 0
      vertex 50.6 23.843078061834696 0
    endloop
  endfacet
  facet normal 0 0 -1
    outer loop
      vertex 50.39775265991739 21.71761917892325 0
      vertex 50.6 23.843078061834696 0
      vertex 51.16311952464757 23.565378243945823 0
    endloop
  endfacet
  facet normal 0 0 -1
    outer loop
      vertex 49.6 22.111027254265817 0
      vertex 49 24.734741732774857 0
      vertex 49.60588745030457 24.60588745030457 0
    endloop
  endfacet
  facet normal 0 0 -1
    outer loop
      vertex 51.24003049330286 21.431704381234336 0
      vertex 52.37347427734375 23.24106466540571 0
      vertex 52.11242189290365 21.25817494265809 0
    endloop
  endfacet
  facet normal 0 0 -1
    outer loop
      vertex 52.11242189290365 21.25817494265809 0
      vertex 53 23.2 0
      vertex 53 21.2 0
    endloop
  endfacet
  facet normal 0 0 -1
    outer loop
      vertex 51.24003049330286 21.431704381234336 0
      vertex 51.7576685835079 23.363556033812472 0
      vertex 52.37347427734375 23.24106466540571 0
    endloop
  endfacet
  facet normal 0 0 -1
    outer loop
      vertex 52.11242189290365 21.25817494265809 0
      vertex 52.37347427734375 23.24106466540571 0
      vertex 53 23.2 0
    endloop
  endfacet
  facet normal 0 0 -1
    outer loop
      vertex 53 21.2 0
      vertex 53.62652572265625 23.24106466540571 0
      vertex 53.88757810709635 21.25817494265809 0
    endloop
  endfacet
  facet normal 0 0 -1
    outer loop
      vertex 53.88757810709635 21.25817494265809 0
      vertex 54.2423314164921 23.363556033812472 0
      vertex 54.75996950669714 21.431704381234336 0
    endloop
  endfacet
  facet normal 0 0 -1
    outer loop
      vertex 53 21.2 0
      vertex 53 23.2 0
      vertex 53.62652572265625 23.24106466540571 0
    endloop
  endfacet
  facet normal 0 0 -1
    outer loop
      vertex 53.88757810709635 21.25817494265809 0
      vertex 53.62652572265625 23.24106466540571 0
      vertex 54.2423314164921 23.363556033812472 0
    endloop
  endfacet
  facet normal 0 0 -1
    outer loop
      vertex 54.75996950669714 21.431704381234336 0
      vertex 54.2423314164921 23.363556033812472 0
      vertex 54.83688047535243 23.565378243945823 0
    endloop
  endfacet
  facet normal 0 0 -1
    outer loop
      vertex 49 24.734741732774857 0
      vertex 49.19190396660207 25.07794514075814 0
      vertex 49.60588745030457 24.60588745030457 0
    endloop
  endfacet
  facet normal 0 0 -1
    outer loop
      vertex 49 24.734741732774857 0
      vertex 48.98902918154566 25.381568713173085 0
      vertex 49.19190396660207 25.07794514075814 0
    endloop
  endfacet
  facet normal -0.555570233019603 -0.8314696123025447 0
    outer loop
      vertex 49 22.5119344370174 0
      vertex 49.6 22.111027254265817 0
      vertex 49 22.5119344370174 16
    endloop
  endfacet
  facet normal -0.44228869021900274 -0.8968727415326876 0
    outer loop
      vertex 49.6 22.111027254265817 0
      vertex 50.39775265991739 21.71761917892325 0
      vertex 50.39775265991739 21.71761917892325 16
    endloop
  endfacet
  facet normal -0.3214394653031597 -0.9469301294951064 0
    outer loop
      vertex 50.39775265991739 21.71761917892325 0
      vertex 51.24003049330286 21.431704381234336 0
      vertex 51.24003049330286 21.431704381234336 16
    endloop
  endfacet
  facet normal -0.1950903220161284 -0.9807852804032304 0
    outer loop
      vertex 51.24003049330286 21.431704381234336 0
      vertex 52.11242189290365 21.25817494265809 0
      vertex 52.11242189290365 21.25817494265809 16
    endloop
  endfacet
  facet normal -0.06540312923014528 -0.9978589232386033 0
    outer loop
      vertex 52.11242189290365 21.25817494265809 0
      vertex 53 21.2 0
      vertex 53 21.2 16
    endloop
  endfacet
  facet normal 0.06540312923014528 -0.9978589232386033 0
    outer loop
      vertex 53 21.2 0
      vertex 53.88757810709635 21.25817494265809 0
      vertex 53.88757810709635 21.25817494265809 16
    endloop
  endfacet
  facet normal 0.1950903220161284 -0.9807852804032304 0
    outer loop
      vertex 53.88757810709635 21.25817494265809 0
      vertex 54.75996950669714 21.431704381234336 0
      vertex 54.75996950669714 21.431704381234336 16
    endloop
  endfacet
  facet normal 0 0 -1
    outer loop
      vertex 49 33.488065562982605 0
      vertex 49.19190396660207 30.92205485924186 0
      vertex 48.90240570983277 30.488790099879306 0
    endloop
  endfacet
  facet normal 0 0 -1
    outer loop
      vertex 48.8604222827407 32.9640852189955 0
      vertex 49 33.488065562982605 0
      vertex 48.90240570983277 30.488790099879306 0
    endloop
  endfacet
  facet normal 0 0 -1
    outer loop
      vertex 49 33.488065562982605 0
      vertex 49.6 33.88897274573418 0
      vertex 49.19190396660207 30.92205485924186 0
    endloop
  endfacet
  facet normal 0 0 -1
    outer loop
      vertex 49.6 33.88897274573418 0
      vertex 49.60588745030457 31.39411254969543 0
      vertex 49.19190396660207 30.92205485924186 0
    endloop
  endfacet
  facet normal 0 0 -1
    outer loop
      vertex 49.6 33.88897274573418 0
      vertex 50.07794514075814 31.80809603339793 0
      vertex 49.60588745030457 31.39411254969543 0
    endloop
  endfacet
  facet normal 0 0 -1
    outer loop
      vertex 50.39775265991739 34.28238082107675 0
      vertex 50.6 32.156921938165304 0
      vertex 50.07794514075814 31.80809603339793 0
    endloop
  endfacet
  facet normal 0 0 -1
    outer loop
      vertex 51.24003049330286 34.56829561876567 0
      vertex 51.16311952464757 32.43462175605418 0
      vertex 50.6 32.156921938165304 0
    endloop
  endfacet
  facet normal 0 0 -1
    outer loop
      vertex 48.8604222827407 32.9640852189955 0
      vertex 48.996516338292714 33.48573785464806 0
      vertex 49 33.488065562982605 0
    endloop
  endfacet
  facet normal 0 0 -1
    outer loop
      vertex 49.6 33.88897274573418 0
      vertex 50.39775265991739 34.28238082107675 0
      vertex 50.07794514075814 31.80809603339793 0
    endloop
  endfacet
  facet normal 0 0 -1
    outer loop
      vertex 50.39775265991739 34.28238082107675 0
      vertex 51.24003049330286 34.56829561876567 0
      vertex 50.6 32.156921938165304 0
    endloop
  endfacet
  facet normal 0 0 -1
    outer loop
      vertex 51.24003049330286 34.56829561876567 0
      vertex 51.7576685835079 32.63644396618753 0
      vertex 51.16311952464757 32.43462175605418 0
    endloop
  endfacet
  facet normal 0 0 -1
    outer loop
      vertex 52.11242189290365 34.74182505734191 0
      vertex 52.37347427734375 32.75893533459429 0
      vertex 51.7576685835079 32.63644396618753 0
    endloop
  endfacet
  facet normal 0 0 -1
    outer loop
      vertex 51.24003049330286 34.56829561876567 0
      vertex 52.11242189290365 34.74182505734191 0
      vertex 51.7576685835079 32.63644396618753 0
    endloop
  endfacet
  facet normal 0 0 -1
    outer loop
      vertex 53 34.8 0
      vertex 53 32.8 0
      vertex 52.37347427734375 32.75893533459429 0
    endloop
  endfacet
  facet normal 0 0 -1
    outer loop
      vertex 52.11242189290365 34.74182505734191 0
      vertex 53 34.8 0
      vertex 52.37347427734375 32.75893533459429 0
    endloop
  endfacet
  facet normal 0 0 -1
    outer loop
      vertex 53.88757810709635 34.74182505734191 0
      vertex 53.62652572265625 32.75893533459429 0
      vertex 53 32.8 0
    endloop
  endfacet
  facet normal 0 0 -1
    outer loop
      vertex 53 34.8 0
      vertex 53.88757810709635 34.74182505734191 0
      vertex 53 32.8 0
    endloop
  endfacet
  facet normal 0 0 -1
    outer loop
      vertex 54.75996950669714 34.56829561876567 0
      vertex 54.2423314164921 32.63644396618753 0
      vertex 53.62652572265625 32.75893533459429 0
    endloop
  endfacet
  facet normal 0 0 -1
    outer loop
      vertex 53.88757810709635 34.74182505734191 0
      vertex 54.75996950669714 34.56829561876567 0
      vertex 53.62652572265625 32.75893533459429 0
    endloop
  endfacet
  facet normal -0.5555702330195962 0.8314696123025492 0
    outer loop
      vertex 49 33.488065562982605 0
      vertex 49.6 33.88897274573418 16
      vertex 49.6 33.88897274573418 0
    endloop
  endfacet
  facet normal -0.442288690219006 0.8968727415326861 0
    outer loop
      vertex 49.6 33.88897274573418 0
      vertex 49.6 33.88897274573418 16
      vertex 50.39775265991739 34.28238082107675 0
    endloop
  endfacet
  facet normal -0.32143946530316325 0.946930129495105 0
    outer loop
      vertex 50.39775265991739 34.28238082107675 0
      vertex 50.39775265991739 34.28238082107675 16
      vertex 51.24003049330286 34.56829561876567 0
    endloop
  endfacet
  facet normal -0.1950903220161284 0.9807852804032304 0
    outer loop
      vertex 51.24003049330286 34.56829561876567 0
      vertex 51.24003049330286 34.56829561876567 16
      vertex 52.11242189290365 34.74182505734191 0
    endloop
  endfacet
  facet normal -0.06540312923013733 0.9978589232386039 0
    outer loop
      vertex 52.11242189290365 34.74182505734191 0
      vertex 52.11242189290365 34.74182505734191 16
      vertex 53 34.8 0
    endloop
  endfacet
  facet normal 0.06540312923013733 0.9978589232386039 0
    outer loop
      vertex 53 34.8 0
      vertex 53 34.8 16
      vertex 53.88757810709635 34.74182505734191 0
    endloop
  endfacet
  facet normal 0.1950903220161284 0.9807852804032304 0
    outer loop
      vertex 53.88757810709635 34.74182505734191 0
      vertex 53.88757810709635 34.74182505734191 16
      vertex 54.75996950669714 34.56829561876567 0
    endloop
  endfacet
  facet normal -0.44228869021900274 -0.8968727415326876 0
    outer loop
      vertex 49.6 22.111027254265817 0
      vertex 50.39775265991739 21.71761917892325 16
      vertex 49.6 22.111027254265817 16
    endloop
  endfacet
  facet normal -0.3214394653031597 -0.9469301294951064 0
    outer loop
      vertex 50.39775265991739 21.71761917892325 0
      vertex 51.24003049330286 21.431704381234336 16
      vertex 50.39775265991739 21.71761917892325 16
    endloop
  endfacet
  facet normal -0.555570233019603 -0.8314696123025447 0
    outer loop
      vertex 49.6 22.111027254265817 0
      vertex 49.6 22.111027254265817 16
      vertex 49 22.5119344370174 16
    endloop
  endfacet
  facet normal -0.1950903220161284 -0.9807852804032304 0
    outer loop
      vertex 51.24003049330286 21.431704381234336 0
      vertex 52.11242189290365 21.25817494265809 16
      vertex 51.24003049330286 21.431704381234336 16
    endloop
  endfacet
  facet normal -0.06540312923014528 -0.9978589232386033 0
    outer loop
      vertex 52.11242189290365 21.25817494265809 0
      vertex 53 21.2 16
      vertex 52.11242189290365 21.25817494265809 16
    endloop
  endfacet
  facet normal 0.06540312923014528 -0.9978589232386033 0
    outer loop
      vertex 53 21.2 0
      vertex 53.88757810709635 21.25817494265809 16
      vertex 53 21.2 16
    endloop
  endfacet
  facet normal 0.1950903220161284 -0.9807852804032304 0
    outer loop
      vertex 53.88757810709635 21.25817494265809 0
      vertex 54.75996950669714 21.431704381234336 16
      vertex 53.88757810709635 21.25817494265809 16
    endloop
  endfacet
  facet normal -0.5555702330195962 0.8314696123025492 0
    outer loop
      vertex 49 33.488065562982605 0
      vertex 49 33.488065562982605 16
      vertex 49.6 33.88897274573418 16
    endloop
  endfacet
  facet normal -0.442288690219006 0.8968727415326861 0
    outer loop
      vertex 50.39775265991739 34.28238082107675 0
      vertex 49.6 33.88897274573418 16
      vertex 50.39775265991739 34.28238082107675 16
    endloop
  endfacet
  facet normal -0.32143946530316325 0.946930129495105 0
    outer loop
      vertex 51.24003049330286 34.56829561876567 0
      vertex 50.39775265991739 34.28238082107675 16
      vertex 51.24003049330286 34.56829561876567 16
    endloop
  endfacet
  facet normal -0.1950903220161284 0.9807852804032304 0
    outer loop
      vertex 51.24003049330286 34.56829561876567 16
      vertex 52.11242189290365 34.74182505734191 16
      vertex 52.11242189290365 34.74182505734191 0
    endloop
  endfacet
  facet normal -0.06540312923013733 0.9978589232386039 0
    outer loop
      vertex 53 34.8 0
      vertex 52.11242189290365 34.74182505734191 16
      vertex 53 34.8 16
    endloop
  endfacet
  facet normal 0.06540312923013733 0.9978589232386039 0
    outer loop
      vertex 53.88757810709635 34.74182505734191 0
      vertex 53 34.8 16
      vertex 53.88757810709635 34.74182505734191 16
    endloop
  endfacet
  facet normal 0.1950903220161284 0.9807852804032304 0
    outer loop
      vertex 54.75996950669714 34.56829561876567 0
      vertex 53.88757810709635 34.74182505734191 16
      vertex 54.75996950669714 34.56829561876567 16
    endloop
  endfacet
  facet normal 0 0 -1
    outer loop
      vertex 54.75996950669714 21.431704381234336 0
      vertex 55.4 23.843078061834696 0
      vertex 55.60224734008261 21.71761917892325 0
    endloop
  endfacet
  facet normal 0 0 -1
    outer loop
      vertex 55.60224734008261 21.71761917892325 0
      vertex 55.92205485924186 24.19190396660207 0
      vertex 56.4 22.111027254265817 0
    endloop
  endfacet
  facet normal 0 0 -1
    outer loop
      vertex 54.75996950669714 21.431704381234336 0
      vertex 54.83688047535243 23.565378243945823 0
      vertex 55.4 23.843078061834696 0
    endloop
  endfacet
  facet normal 0 0 -1
    outer loop
      vertex 55.60224734008261 21.71761917892325 0
      vertex 55.4 23.843078061834696 0
      vertex 55.92205485924186 24.19190396660207 0
    endloop
  endfacet
  facet normal 0 0 -1
    outer loop
      vertex 56.4 22.111027254265817 0
      vertex 55.92205485924186 24.19190396660207 0
      vertex 56.39411254969543 24.60588745030457 0
    endloop
  endfacet
  facet normal 0 0 -1
    outer loop
      vertex 56.4 22.111027254265817 0
      vertex 56.39411254969543 24.60588745030457 0
      vertex 56.80809603339793 25.07794514075814 0
    endloop
  endfacet
  facet normal 0 0 -1
    outer loop
      vertex 56.4 22.111027254265817 0
      vertex 56.80809603339793 25.07794514075814 0
      vertex 57.1395777172593 22.605197286019603 0
    endloop
  endfacet
  facet normal 0 0 -1
    outer loop
      vertex 57.1395777172593 22.605197286019603 0
      vertex 58.88897274586935 24.600000000274104 0
      vertex 57.80832611206853 23.191673887931476 0
    endloop
  endfacet
  facet normal 0 0 -1
    outer loop
      vertex 57.1395777172593 22.605197286019603 0
      vertex 56.80809603339793 25.07794514075814 0
      vertex 57.156921938165304 25.6 0
    endloop
  endfacet
  facet normal 0 0 -1
    outer loop
      vertex 57.80832611206853 23.191673887931476 0
      vertex 58.88897274573418 24.6 0
      vertex 58.3948027139804 23.8604222827407 0
    endloop
  endfacet
  facet normal 0 0 -1
    outer loop
      vertex 57.1395777172593 22.605197286019603 0
      vertex 57.156921938165304 25.6 0
      vertex 58.88897274586935 24.600000000274104 0
    endloop
  endfacet
  facet normal 0 0 -1
    outer loop
      vertex 57.80832611206853 23.191673887931476 0
      vertex 58.88897274586935 24.600000000274104 0
      vertex 58.88897274573418 24.6 0
    endloop
  endfacet
  facet normal 0 0 -1
    outer loop
      vertex 57.156921938165304 25.6 0
      vertex 57.15692193826072 25.600000000193486 0
      vertex 58.88897274586935 24.600000000274104 0
    endloop
  endfacet
  facet normal 0.3214394653031597 -0.9469301294951064 0
    outer loop
      vertex 54.75996950669714 21.431704381234336 0
      vertex 55.60224734008261 21.71761917892325 0
      vertex 55.60224734008261 21.71761917892325 16
    endloop
  endfacet
  facet normal 0.44228869021900274 -0.8968727415326876 0
    outer loop
      vertex 55.60224734008261 21.71761917892325 0
      vertex 56.4 22.111027254265817 0
      vertex 56.4 22.111027254265817 16
    endloop
  endfacet
  facet normal 0.5555702330196033 -0.8314696123025445 0
    outer loop
      vertex 56.4 22.111027254265817 0
      vertex 57.1395777172593 22.605197286019603 0
      vertex 57.1395777172593 22.605197286019603 16
    endloop
  endfacet
  facet normal 0.6593458151000638 -0.7518398074789817 0
    outer loop
      vertex 57.1395777172593 22.605197286019603 0
      vertex 57.80832611206853 23.191673887931476 0
      vertex 57.80832611206853 23.191673887931476 16
    endloop
  endfacet
  facet normal 0.751839807478982 -0.6593458151000636 0
    outer loop
      vertex 57.80832611206853 23.191673887931476 0
      vertex 58.3948027139804 23.8604222827407 0
      vertex 57.80832611206853 23.191673887931476 16
    endloop
  endfacet
  facet normal 0.8314696123025463 -0.5555702330196005 0
    outer loop
      vertex 58.3948027139804 23.8604222827407 0
      vertex 58.88897274573418 24.6 0
      vertex 58.3948027139804 23.8604222827407 16
    endloop
  endfacet
  facet normal 0.8968711232475112 -0.44229197176158164 0
    outer loop
      vertex 58.88897274573418 24.6 0
      vertex 58.88897274586935 24.600000000274104 0
      vertex 58.88897274586935 24.600000000274104 16
    endloop
  endfacet
  facet normal 0 0 -1
    outer loop
      vertex 58.88897274586935 31.399999999725896 0
      vertex 57.15692193826072 30.399999999806514 0
      vertex 57.156921938165304 30.4 0
    endloop
  endfacet
  facet normal 0 0 -1
    outer loop
      vertex 58.88897274586935 31.399999999725896 0
      vertex 57.156921938165304 30.4 0
      vertex 56.80809603339793 30.92205485924186 0
    endloop
  endfacet
  facet normal 0 0 -1
    outer loop
      vertex 56.4 33.88897274573418 0
      vertex 56.39411254969543 31.39411254969543 0
      vertex 55.92205485924186 31.80809603339793 0
    endloop
  endfacet
  facet normal 0 0 -1
    outer loop
      vertex 55.60224734008261 34.28238082107675 0
      vertex 54.83688047535243 32.43462175605418 0
      vertex 54.2423314164921 32.63644396618753 0
    endloop
  endfacet
  facet normal 0 0 -1
    outer loop
      vertex 55.60224734008261 34.28238082107675 0
      vertex 55.4 32.156921938165304 0
      vertex 54.83688047535243 32.43462175605418 0
    endloop
  endfacet
  facet normal 0 0 -1
    outer loop
      vertex 56.4 33.88897274573418 0
      vertex 55.92205485924186 31.80809603339793 0
      vertex 55.4 32.156921938165304 0
    endloop
  endfacet
  facet normal 0 0 -1
    outer loop
      vertex 57.1395777172593 33.3948027139804 0
      vertex 56.80809603339793 30.92205485924186 0
      vertex 56.39411254969543 31.39411254969543 0
    endloop
  endfacet
  facet normal 0 0 -1
    outer loop
      vertex 57.80832611206853 32.80832611206852 0
      vertex 56.80809603339793 30.92205485924186 0
      vertex 57.1395777172593 33.3948027139804 0
    endloop
  endfacet
  facet normal 0 0 -1
    outer loop
      vertex 57.80832611206853 32.80832611206852 0
      vertex 58.88897274586935 31.399999999725896 0
      vertex 56.80809603339793 30.92205485924186 0
    endloop
  endfacet
  facet normal 0 0 -1
    outer loop
      vertex 58.3948027139804 32.1395777172593 0
      vertex 58.88897274573418 31.4 0
      vertex 57.80832611206853 32.80832611206852 0
    endloop
  endfacet
  facet normal 0 0 -1
    outer loop
      vertex 56.4 33.88897274573418 0
      vertex 57.1395777172593 33.3948027139804 0
      vertex 56.39411254969543 31.39411254969543 0
    endloop
  endfacet
  facet normal 0 0 -1
    outer loop
      vertex 54.75996950669714 34.56829561876567 0
      vertex 55.60224734008261 34.28238082107675 0
      vertex 54.2423314164921 32.63644396618753 0
    endloop
  endfacet
  facet normal 0 0 -1
    outer loop
      vertex 55.60224734008261 34.28238082107675 0
      vertex 56.4 33.88897274573418 0
      vertex 55.4 32.156921938165304 0
    endloop
  endfacet
  facet normal 0 0 -1
    outer loop
      vertex 57.80832611206853 32.80832611206852 0
      vertex 58.88897274573418 31.4 0
      vertex 58.88897274586935 31.399999999725896 0
    endloop
  endfacet
  facet normal 0.8968711232475112 0.44229197176158164 0
    outer loop
      vertex 58.88897274573418 31.4 0
      vertex 58.88897274573418 31.4 16
      vertex 58.88897274586935 31.399999999725896 0
    endloop
  endfacet
  facet normal 0.7518398074789803 0.6593458151000656 0
    outer loop
      vertex 57.80832611206853 32.80832611206852 0
      vertex 58.3948027139804 32.1395777172593 16
      vertex 58.3948027139804 32.1395777172593 0
    endloop
  endfacet
  facet normal 0.6593458151000662 0.7518398074789798 0
    outer loop
      vertex 57.80832611206853 32.80832611206852 0
      vertex 57.1395777172593 33.3948027139804 0
      vertex 57.1395777172593 33.3948027139804 16
    endloop
  endfacet
  facet normal 0.32143946530316325 0.946930129495105 0
    outer loop
      vertex 54.75996950669714 34.56829561876567 0
      vertex 54.75996950669714 34.56829561876567 16
      vertex 55.60224734008261 34.28238082107675 0
    endloop
  endfacet
  facet normal 0.442288690219006 0.8968727415326861 0
    outer loop
      vertex 55.60224734008261 34.28238082107675 0
      vertex 55.60224734008261 34.28238082107675 16
      vertex 56.4 33.88897274573418 0
    endloop
  endfacet
  facet normal 0.5555702330196005 0.8314696123025463 0
    outer loop
      vertex 56.4 33.88897274573418 0
      vertex 56.4 33.88897274573418 16
      vertex 57.1395777172593 33.3948027139804 0
    endloop
  endfacet
  facet normal 0.8314696123025463 0.5555702330196005 0
    outer loop
      vertex 58.3948027139804 32.1395777172593 0
      vertex 58.88897274573418 31.4 16
      vertex 58.88897274573418 31.4 0
    endloop
  endfacet
  facet normal 0.3214394653031597 -0.9469301294951064 0
    outer loop
      vertex 54.75996950669714 21.431704381234336 0
      vertex 55.60224734008261 21.71761917892325 16
      vertex 54.75996950669714 21.431704381234336 16
    endloop
  endfacet
  facet normal 0.44228869021900274 -0.8968727415326876 0
    outer loop
      vertex 55.60224734008261 21.71761917892325 0
      vertex 56.4 22.111027254265817 16
      vertex 55.60224734008261 21.71761917892325 16
    endloop
  endfacet
  facet normal 0.5555702330196033 -0.8314696123025445 0
    outer loop
      vertex 56.4 22.111027254265817 0
      vertex 57.1395777172593 22.605197286019603 16
      vertex 56.4 22.111027254265817 16
    endloop
  endfacet
  facet normal 0.6593458151000638 -0.7518398074789817 0
    outer loop
      vertex 57.1395777172593 22.605197286019603 0
      vertex 57.80832611206853 23.191673887931476 16
      vertex 57.1395777172593 22.605197286019603 16
    endloop
  endfacet
  facet normal 0.751839807478982 -0.6593458151000636 0
    outer loop
      vertex 58.3948027139804 23.8604222827407 0
      vertex 58.3948027139804 23.8604222827407 16
      vertex 57.80832611206853 23.191673887931476 16
    endloop
  endfacet
  facet normal 0.8314696123025463 -0.5555702330196005 0
    outer loop
      vertex 58.88897274573418 24.6 0
      vertex 58.88897274573418 24.6 16
      vertex 58.3948027139804 23.8604222827407 16
    endloop
  endfacet
  facet normal 0.8968711232475112 -0.44229197176158164 0
    outer loop
      vertex 58.88897274573418 24.6 0
      vertex 58.88897274586935 24.600000000274104 16
      vertex 58.88897274573418 24.6 16
    endloop
  endfacet
  facet normal 0.8968711232475112 0.44229197176158164 0
    outer loop
      vertex 58.88897274573418 31.4 16
      vertex 58.88897274586935 31.399999999725896 16
      vertex 58.88897274586935 31.399999999725896 0
    endloop
  endfacet
  facet normal 0.7518398074789803 0.6593458151000656 0
    outer loop
      vertex 57.80832611206853 32.80832611206852 0
      vertex 57.80832611206853 32.80832611206852 16
      vertex 58.3948027139804 32.1395777172593 16
    endloop
  endfacet
  facet normal 0.6593458151000662 0.7518398074789798 0
    outer loop
      vertex 57.80832611206853 32.80832611206852 0
      vertex 57.1395777172593 33.3948027139804 16
      vertex 57.80832611206853 32.80832611206852 16
    endloop
  endfacet
  facet normal 0.442288690219006 0.8968727415326861 0
    outer loop
      vertex 56.4 33.88897274573418 0
      vertex 55.60224734008261 34.28238082107675 16
      vertex 56.4 33.88897274573418 16
    endloop
  endfacet
  facet normal 0.32143946530316325 0.946930129495105 0
    outer loop
      vertex 55.60224734008261 34.28238082107675 0
      vertex 54.75996950669714 34.56829561876567 16
      vertex 55.60224734008261 34.28238082107675 16
    endloop
  endfacet
  facet normal 0.5555702330196005 0.8314696123025463 0
    outer loop
      vertex 57.1395777172593 33.3948027139804 0
      vertex 56.4 33.88897274573418 16
      vertex 57.1395777172593 33.3948027139804 16
    endloop
  endfacet
  facet normal 0.8314696123025463 0.5555702330196005 0
    outer loop
      vertex 58.3948027139804 32.1395777172593 0
      vertex 58.3948027139804 32.1395777172593 16
      vertex 58.88897274573418 31.4 16
    endloop
  endfacet
  facet normal 0 0 1
    outer loop
      vertex 49.6 22.111027254265817 16
      vertex 50.39775265991739 21.71761917892325 16
      vertex 50.07794514075814 24.19190396660207 16
    endloop
  endfacet
  facet normal 0 0 1
    outer loop
      vertex 50.39775265991739 21.71761917892325 16
      vertex 51.24003049330286 21.431704381234336 16
      vertex 50.6 23.843078061834696 16
    endloop
  endfacet
  facet normal 0 0 1
    outer loop
      vertex 49 22.5119344370174 16
      vertex 49.6 22.111027254265817 16
      vertex 49.19190396660207 25.07794514075814 16
    endloop
  endfacet
  facet normal 0 0 1
    outer loop
      vertex 49 22.5119344370174 16
      vertex 49.19190396660207 25.07794514075814 16
      vertex 49 25.365149723053165 16
    endloop
  endfacet
  facet normal 0 0 1
    outer loop
      vertex 49.6 22.111027254265817 16
      vertex 50.07794514075814 24.19190396660207 16
      vertex 49.60588745030457 24.60588745030457 16
    endloop
  endfacet
  facet normal 0 0 1
    outer loop
      vertex 50.39775265991739 21.71761917892325 16
      vertex 50.6 23.843078061834696 16
      vertex 50.07794514075814 24.19190396660207 16
    endloop
  endfacet
  facet normal 0 0 1
    outer loop
      vertex 51.24003049330286 21.431704381234336 16
      vertex 51.16311952464757 23.565378243945823 16
      vertex 50.6 23.843078061834696 16
    endloop
  endfacet
  facet normal 0 0 1
    outer loop
      vertex 49.6 22.111027254265817 16
      vertex 49.60588745030457 24.60588745030457 16
      vertex 49.19190396660207 25.07794514075814 16
    endloop
  endfacet
  facet normal 0 0 1
    outer loop
      vertex 51.24003049330286 21.431704381234336 16
      vertex 52.11242189290365 21.25817494265809 16
      vertex 51.7576685835079 23.363556033812472 16
    endloop
  endfacet
  facet normal 0 0 1
    outer loop
      vertex 52.11242189290365 21.25817494265809 16
      vertex 53 21.2 16
      vertex 52.37347427734375 23.24106466540571 16
    endloop
  endfacet
  facet normal 0 0 1
    outer loop
      vertex 51.24003049330286 21.431704381234336 16
      vertex 51.7576685835079 23.363556033812472 16
      vertex 51.16311952464757 23.565378243945823 16
    endloop
  endfacet
  facet normal 0 0 1
    outer loop
      vertex 52.11242189290365 21.25817494265809 16
      vertex 52.37347427734375 23.24106466540571 16
      vertex 51.7576685835079 23.363556033812472 16
    endloop
  endfacet
  facet normal 0 0 1
    outer loop
      vertex 53 21.2 16
      vertex 53 23.2 16
      vertex 52.37347427734375 23.24106466540571 16
    endloop
  endfacet
  facet normal 0 0 1
    outer loop
      vertex 53 21.2 16
      vertex 53.88757810709635 21.25817494265809 16
      vertex 53 23.2 16
    endloop
  endfacet
  facet normal 0 0 1
    outer loop
      vertex 53.88757810709635 21.25817494265809 16
      vertex 54.75996950669714 21.431704381234336 16
      vertex 53.62652572265625 23.24106466540571 16
    endloop
  endfacet
  facet normal 0 0 1
    outer loop
      vertex 53.88757810709635 21.25817494265809 16
      vertex 53.62652572265625 23.24106466540571 16
      vertex 53 23.2 16
    endloop
  endfacet
  facet normal 0 0 1
    outer loop
      vertex 54.75996950669714 21.431704381234336 16
      vertex 54.2423314164921 23.363556033812472 16
      vertex 53.62652572265625 23.24106466540571 16
    endloop
  endfacet
  facet normal 0 0 1
    outer loop
      vertex 49 31.265258267225143 16
      vertex 49 30.634850276946835 16
      vertex 49.19190396660207 30.92205485924186 16
    endloop
  endfacet
  facet normal 0 0 1
    outer loop
      vertex 49 31.265258267225143 16
      vertex 49.19190396660207 30.92205485924186 16
      vertex 49 33.488065562982605 16
    endloop
  endfacet
  facet normal 0 0 1
    outer loop
      vertex 49 33.488065562982605 16
      vertex 49.19190396660207 30.92205485924186 16
      vertex 49.60588745030457 31.39411254969543 16
    endloop
  endfacet
  facet normal 0 0 1
    outer loop
      vertex 49 31.265258267225143 16
      vertex 49 33.488065562982605 16
      vertex 48.88298465286227 33.05056746682584 16
    endloop
  endfacet
  facet normal 0 0 1
    outer loop
      vertex 49.6 33.88897274573418 16
      vertex 49.60588745030457 31.39411254969543 16
      vertex 50.07794514075814 31.80809603339793 16
    endloop
  endfacet
  facet normal 0 0 1
    outer loop
      vertex 49.6 33.88897274573418 16
      vertex 50.07794514075814 31.80809603339793 16
      vertex 50.6 32.156921938165304 16
    endloop
  endfacet
  facet normal 0 0 1
    outer loop
      vertex 49 33.488065562982605 16
      vertex 49.60588745030457 31.39411254969543 16
      vertex 49.6 33.88897274573418 16
    endloop
  endfacet
  facet normal 0 0 1
    outer loop
      vertex 50.39775265991739 34.28238082107675 16
      vertex 50.6 32.156921938165304 16
      vertex 51.16311952464757 32.43462175605418 16
    endloop
  endfacet
  facet normal 0 0 1
    outer loop
      vertex 50.39775265991739 34.28238082107675 16
      vertex 51.16311952464757 32.43462175605418 16
      vertex 51.7576685835079 32.63644396618753 16
    endloop
  endfacet
  facet normal 0 0 1
    outer loop
      vertex 49.6 33.88897274573418 16
      vertex 50.6 32.156921938165304 16
      vertex 50.39775265991739 34.28238082107675 16
    endloop
  endfacet
  facet normal 0 0 1
    outer loop
      vertex 50.39775265991739 34.28238082107675 16
      vertex 51.7576685835079 32.63644396618753 16
      vertex 51.24003049330286 34.56829561876567 16
    endloop
  endfacet
  facet normal 0 0 1
    outer loop
      vertex 54.75996950669714 34.56829561876567 16
      vertex 54.2423314164921 32.63644396618753 16
      vertex 54.83688047535243 32.43462175605418 16
    endloop
  endfacet
  facet normal 0 0 1
    outer loop
      vertex 51.24003049330286 34.56829561876567 16
      vertex 51.7576685835079 32.63644396618753 16
      vertex 52.37347427734375 32.75893533459429 16
    endloop
  endfacet
  facet normal 0 0 1
    outer loop
      vertex 51.24003049330286 34.56829561876567 16
      vertex 52.37347427734375 32.75893533459429 16
      vertex 52.11242189290365 34.74182505734191 16
    endloop
  endfacet
  facet normal 0 0 1
    outer loop
      vertex 52.11242189290365 34.74182505734191 16
      vertex 52.37347427734375 32.75893533459429 16
      vertex 53 32.8 16
    endloop
  endfacet
  facet normal 0 0 1
    outer loop
      vertex 52.11242189290365 34.74182505734191 16
      vertex 53 32.8 16
      vertex 53 34.8 16
    endloop
  endfacet
  facet normal 0 0 1
    outer loop
      vertex 53 34.8 16
      vertex 53 32.8 16
      vertex 53.62652572265625 32.75893533459429 16
    endloop
  endfacet
  facet normal 0 0 1
    outer loop
      vertex 53 34.8 16
      vertex 53.62652572265625 32.75893533459429 16
      vertex 53.88757810709635 34.74182505734191 16
    endloop
  endfacet
  facet normal 0 0 1
    outer loop
      vertex 53.88757810709635 34.74182505734191 16
      vertex 53.62652572265625 32.75893533459429 16
      vertex 54.2423314164921 32.63644396618753 16
    endloop
  endfacet
  facet normal 0 0 1
    outer loop
      vertex 53.88757810709635 34.74182505734191 16
      vertex 54.2423314164921 32.63644396618753 16
      vertex 54.75996950669714 34.56829561876567 16
    endloop
  endfacet
  facet normal 0 0 1
    outer loop
      vertex 54.75996950669714 21.431704381234336 16
      vertex 55.60224734008261 21.71761917892325 16
      vertex 54.2423314164921 23.363556033812472 16
    endloop
  endfacet
  facet normal 0 0 1
    outer loop
      vertex 55.60224734008261 21.71761917892325 16
      vertex 54.83688047535243 23.565378243945823 16
      vertex 54.2423314164921 23.363556033812472 16
    endloop
  endfacet
  facet normal 0 0 1
    outer loop
      vertex 55.60224734008261 21.71761917892325 16
      vertex 56.4 22.111027254265817 16
      vertex 55.4 23.843078061834696 16
    endloop
  endfacet
  facet normal 0 0 1
    outer loop
      vertex 55.60224734008261 21.71761917892325 16
      vertex 55.4 23.843078061834696 16
      vertex 54.83688047535243 23.565378243945823 16
    endloop
  endfacet
  facet normal 0 0 1
    outer loop
      vertex 56.4 22.111027254265817 16
      vertex 55.92205485924186 24.19190396660207 16
      vertex 55.4 23.843078061834696 16
    endloop
  endfacet
  facet normal 0 0 1
    outer loop
      vertex 56.4 22.111027254265817 16
      vertex 56.39411254969543 24.60588745030457 16
      vertex 55.92205485924186 24.19190396660207 16
    endloop
  endfacet
  facet normal 0 0 1
    outer loop
      vertex 56.4 22.111027254265817 16
      vertex 57.1395777172593 22.605197286019603 16
      vertex 56.39411254969543 24.60588745030457 16
    endloop
  endfacet
  facet normal 0 0 1
    outer loop
      vertex 57.1395777172593 22.605197286019603 16
      vertex 57.80832611206853 23.191673887931476 16
      vertex 56.80809603339793 25.07794514075814 16
    endloop
  endfacet
  facet normal 0 0 1
    outer loop
      vertex 57.1395777172593 22.605197286019603 16
      vertex 56.80809603339793 25.07794514075814 16
      vertex 56.39411254969543 24.60588745030457 16
    endloop
  endfacet
  facet normal 0 0 1
    outer loop
      vertex 58.3948027139804 23.8604222827407 16
      vertex 58.88897274573418 24.6 16
      vertex 57.80832611206853 23.191673887931476 16
    endloop
  endfacet
  facet normal 0 0 1
    outer loop
      vertex 57.80832611206853 23.191673887931476 16
      vertex 58.88897274586935 24.600000000274104 16
      vertex 56.80809603339793 25.07794514075814 16
    endloop
  endfacet
  facet normal 0 0 1
    outer loop
      vertex 57.80832611206853 23.191673887931476 16
      vertex 58.88897274573418 24.6 16
      vertex 58.88897274586935 24.600000000274104 16
    endloop
  endfacet
  facet normal 0 0 1
    outer loop
      vertex 58.88897274586935 24.600000000274104 16
      vertex 57.156921938165304 25.6 16
      vertex 56.80809603339793 25.07794514075814 16
    endloop
  endfacet
  facet normal 0 0 1
    outer loop
      vertex 58.88897274586935 24.600000000274104 16
      vertex 57.15692193826072 25.600000000193486 16
      vertex 57.156921938165304 25.6 16
    endloop
  endfacet
  facet normal 0 0 1
    outer loop
      vertex 57.156921938165304 30.4 16
      vertex 57.15692193826072 30.399999999806514 16
      vertex 58.88897274586935 31.399999999725896 16
    endloop
  endfacet
  facet normal 0 0 1
    outer loop
      vertex 56.4 33.88897274573418 16
      vertex 56.39411254969543 31.39411254969543 16
      vertex 56.80809603339793 30.92205485924186 16
    endloop
  endfacet
  facet normal 0 0 1
    outer loop
      vertex 56.4 33.88897274573418 16
      vertex 55.92205485924186 31.80809603339793 16
      vertex 56.39411254969543 31.39411254969543 16
    endloop
  endfacet
  facet normal 0 0 1
    outer loop
      vertex 55.60224734008261 34.28238082107675 16
      vertex 55.4 32.156921938165304 16
      vertex 55.92205485924186 31.80809603339793 16
    endloop
  endfacet
  facet normal 0 0 1
    outer loop
      vertex 54.75996950669714 34.56829561876567 16
      vertex 54.83688047535243 32.43462175605418 16
      vertex 55.4 32.156921938165304 16
    endloop
  endfacet
  facet normal 0 0 1
    outer loop
      vertex 57.1395777172593 33.3948027139804 16
      vertex 56.80809603339793 30.92205485924186 16
      vertex 57.156921938165304 30.4 16
    endloop
  endfacet
  facet normal 0 0 1
    outer loop
      vertex 57.1395777172593 33.3948027139804 16
      vertex 57.156921938165304 30.4 16
      vertex 58.88897274586935 31.399999999725896 16
    endloop
  endfacet
  facet normal 0 0 1
    outer loop
      vertex 57.80832611206853 32.80832611206852 16
      vertex 58.88897274573418 31.4 16
      vertex 58.3948027139804 32.1395777172593 16
    endloop
  endfacet
  facet normal 0 0 1
    outer loop
      vertex 56.4 33.88897274573418 16
      vertex 56.80809603339793 30.92205485924186 16
      vertex 57.1395777172593 33.3948027139804 16
    endloop
  endfacet
  facet normal 0 0 1
    outer loop
      vertex 57.80832611206853 32.80832611206852 16
      vertex 57.1395777172593 33.3948027139804 16
      vertex 58.88897274586935 31.399999999725896 16
    endloop
  endfacet
  facet normal 0 0 1
    outer loop
      vertex 54.75996950669714 34.56829561876567 16
      vertex 55.4 32.156921938165304 16
      vertex 55.60224734008261 34.28238082107675 16
    endloop
  endfacet
  facet normal 0 0 1
    outer loop
      vertex 55.60224734008261 34.28238082107675 16
      vertex 55.92205485924186 31.80809603339793 16
      vertex 56.4 33.88897274573418 16
    endloop
  endfacet
  facet normal 0 0 1
    outer loop
      vertex 57.80832611206853 32.80832611206852 16
      vertex 58.88897274586935 31.399999999725896 16
      vertex 58.88897274573418 31.4 16
    endloop
  endfacet
  facet normal 0 0 -1
    outer loop
      vertex 44 22 0
      vertex 46.01 22.00166969721516 0
      vertex 46.01 22 0
    endloop
  endfacet
  facet normal 0 0 -1
    outer loop
      vertex 44 22 0
      vertex 46.01 22.03833030278484 0
      vertex 46.01 22.00166969721516 0
    endloop
  endfacet
  facet normal 0 0 -1
    outer loop
      vertex 44 22 0
      vertex 46.01 33.99833030278484 0
      vertex 46.01 22.03833030278484 0
    endloop
  endfacet
  facet normal 0 -1 0
    outer loop
      vertex 44 22 0
      vertex 46.01 22 0
      vertex 46.01 22 16
    endloop
  endfacet
  facet normal 1 0 0
    outer loop
      vertex 46.01 22 0
      vertex 46.01 22.00166969721516 0
      vertex 46.01 22 16
    endloop
  endfacet
  facet normal 0 0 -1
    outer loop
      vertex 44 22 0
      vertex 44 34 0
      vertex 46.01 34 0
    endloop
  endfacet
  facet normal 0 0 -1
    outer loop
      vertex 44 22 0
      vertex 46.01 34 0
      vertex 46.01 33.99833030278484 0
    endloop
  endfacet
  facet normal -1 0 0
    outer loop
      vertex 44 22 0
      vertex 44 34 16
      vertex 44 34 0
    endloop
  endfacet
  facet normal 0 1 0
    outer loop
      vertex 44 34 0
      vertex 44 34 16
      vertex 46.01 34 0
    endloop
  endfacet
  facet normal 1 0 0
    outer loop
      vertex 46.01 34 0
      vertex 46.01 33.99833030278484 16
      vertex 46.01 33.99833030278484 0
    endloop
  endfacet
  facet normal 0 -1 0
    outer loop
      vertex 44 22 0
      vertex 46.01 22 16
      vertex 44 22 16
    endloop
  endfacet
  facet normal 1 0 0
    outer loop
      vertex 46.01 22.00166969721516 0
      vertex 46.01 22.00166969721516 16
      vertex 46.01 22 16
    endloop
  endfacet
  facet normal -1 0 0
    outer loop
      vertex 44 22 0
      vertex 44 22 16
      vertex 44 34 16
    endloop
  endfacet
  facet normal 0 1 0
    outer loop
      vertex 46.01 34 0
      vertex 44 34 16
      vertex 46.01 34 16
    endloop
  endfacet
  facet normal 1 0 0
    outer loop
      vertex 46.01 34 0
      vertex 46.01 34 16
      vertex 46.01 33.99833030278484 16
    endloop
  endfacet
  facet normal 0 0 1
    outer loop
      vertex 44 22 16
      vertex 46.01 22 16
      vertex 46.0097279346837 22.001624270545065 16
    endloop
  endfacet
  facet normal 0 0 1
    outer loop
      vertex 44 22 16
      vertex 46.0097279346837 22.001624270545065 16
      vertex 46.00609001317798 22.02334320490757 16
    endloop
  endfacet
  facet normal 0 0 1
    outer loop
      vertex 46.01 22 16
      vertex 46.01 22.00166969721516 16
      vertex 46.0097279346837 22.001624270545065 16
    endloop
  endfacet
  facet normal 0 0 1
    outer loop
      vertex 44 22 16
      vertex 46.00609001317798 22.02334320490757 16
      vertex 44 34 16
    endloop
  endfacet
  facet normal 0 0 1
    outer loop
      vertex 46.00609001317798 22.02334320490757 16
      vertex 46.01 33.99833030278484 16
      vertex 44 34 16
    endloop
  endfacet
  facet normal 0 0 1
    outer loop
      vertex 44 34 16
      vertex 46.01 33.99833030278484 16
      vertex 46.01 34 16
    endloop
  endfacet
  facet normal 0 0 -1
    outer loop
      vertex 46.01 22.00166969721516 0
      vertex 46.01 22.03833030278484 0
      vertex 49 22.50090916454792 0
    endloop
  endfacet
  facet normal 0 0 -1
    outer loop
      vertex 46.01 22.03833030278484 0
      vertex 48.24106466540571 27.373474277343753 0
      vertex 48.36355603381247 26.7576685835079 0
    endloop
  endfacet
  facet normal 0 0 -1
    outer loop
      vertex 46.01 22.03833030278484 0
      vertex 48.2 28 0
      vertex 48.24106466540571 27.373474277343753 0
    endloop
  endfacet
  facet normal 0 0 -1
    outer loop
      vertex 46.01 22.03833030278484 0
      vertex 48.24106466540571 28.626525722656247 0
      vertex 48.2 28 0
    endloop
  endfacet
  facet normal 0 0 -1
    outer loop
      vertex 46.01 22.03833030278484 0
      vertex 49 22.5119344370174 0
      vertex 49 22.50090916454792 0
    endloop
  endfacet
  facet normal 0 0 -1
    outer loop
      vertex 46.01 22.03833030278484 0
      vertex 49 24.734741732774857 0
      vertex 49 22.5119344370174 0
    endloop
  endfacet
  facet normal 0 0 -1
    outer loop
      vertex 46.01 22.03833030278484 0
      vertex 48.98902918154566 25.381568713173085 0
      vertex 49 24.734741732774857 0
    endloop
  endfacet
  facet normal 0 0 -1
    outer loop
      vertex 46.01 22.03833030278484 0
      vertex 48.843078061834696 25.6 0
      vertex 48.98902918154566 25.381568713173085 0
    endloop
  endfacet
  facet normal 0 0 -1
    outer loop
      vertex 46.01 22.03833030278484 0
      vertex 48.56537824394582 26.16311952464757 0
      vertex 48.843078061834696 25.6 0
    endloop
  endfacet
  facet normal 0 0 -1
    outer loop
      vertex 46.01 22.03833030278484 0
      vertex 48.36355603381247 26.7576685835079 0
      vertex 48.56537824394582 26.16311952464757 0
    endloop
  endfacet
  facet normal 0 0 -1
    outer loop
      vertex 46.01 22.03833030278484 0
      vertex 48.8604222827407 32.9640852189955 0
      vertex 48.24106466540571 28.626525722656247 0
    endloop
  endfacet
  facet normal 0.16468981808688687 -0.9863454079674665 0
    outer loop
      vertex 46.01 22.00166969721516 0
      vertex 49 22.50090916454792 0
      vertex 49 22.50090916454792 16
    endloop
  endfacet
  facet normal 1 0 0
    outer loop
      vertex 49 22.50090916454792 0
      vertex 49 22.5119344370174 0
      vertex 49 22.5119344370174 16
    endloop
  endfacet
  facet normal 0 0 -1
    outer loop
      vertex 46.01 22.03833030278484 0
      vertex 46.01 33.99833030278484 0
      vertex 48.8604222827407 32.9640852189955 0
    endloop
  endfacet
  facet normal 0 0 -1
    outer loop
      vertex 48.8604222827407 32.9640852189955 0
      vertex 48.36355603381247 29.2423314164921 0
      vertex 48.24106466540571 28.626525722656247 0
    endloop
  endfacet
  facet normal 0 0 -1
    outer loop
      vertex 48.8604222827407 32.9640852189955 0
      vertex 48.56537824394582 29.83688047535243 0
      vertex 48.36355603381247 29.2423314164921 0
    endloop
  endfacet
  facet normal 0 0 -1
    outer loop
      vertex 48.8604222827407 32.9640852189955 0
      vertex 48.843078061834696 30.4 0
      vertex 48.56537824394582 29.83688047535243 0
    endloop
  endfacet
  facet normal 0 0 -1
    outer loop
      vertex 48.8604222827407 32.9640852189955 0
      vertex 48.90240570983277 30.488790099879306 0
      vertex 48.843078061834696 30.4 0
    endloop
  endfacet
  facet normal 0 0 -1
    outer loop
      vertex 46.01 33.99833030278484 0
      vertex 48.996516338292714 33.48573785464806 0
      vertex 48.8604222827407 32.9640852189955 0
    endloop
  endfacet
  facet normal 0 0 -1
    outer loop
      vertex 46.01 33.99833030278484 0
      vertex 49 33.49909083545208 0
      vertex 48.996516338292714 33.48573785464806 0
    endloop
  endfacet
  facet normal 0 0 -1
    outer loop
      vertex 48.996516338292714 33.48573785464806 0
      vertex 49 33.49909083545208 0
      vertex 49 33.488065562982605 0
    endloop
  endfacet
  facet normal 0.16468981808688574 0.9863454079674667 0
    outer loop
      vertex 46.01 33.99833030278484 0
      vertex 46.01 33.99833030278484 16
      vertex 49 33.49909083545208 0
    endloop
  endfacet
  facet normal 1 0 0
    outer loop
      vertex 49 33.488065562982605 0
      vertex 49 33.49909083545208 0
      vertex 49 33.49909083545208 16
    endloop
  endfacet
  facet normal 0.16468981808688687 -0.9863454079674665 0
    outer loop
      vertex 46.01 22.00166969721516 0
      vertex 49 22.50090916454792 16
      vertex 46.01 22.00166969721516 16
    endloop
  endfacet
  facet normal 1 0 0
    outer loop
      vertex 49 22.50090916454792 0
      vertex 49 22.5119344370174 16
      vertex 49 22.50090916454792 16
    endloop
  endfacet
  facet normal 0.16468981808688574 0.9863454079674667 0
    outer loop
      vertex 49 33.49909083545208 0
      vertex 46.01 33.99833030278484 16
      vertex 49 33.49909083545208 16
    endloop
  endfacet
  facet normal 1 0 0
    outer loop
      vertex 49 33.488065562982605 0
      vertex 49 33.49909083545208 16
      vertex 49 33.488065562982605 16
    endloop
  endfacet
  facet normal 0 0 1
    outer loop
      vertex 46.0097279346837 22.001624270545065 16
      vertex 46.01 22.00166969721516 16
      vertex 46.00609001317798 22.02334320490757 16
    endloop
  endfacet
  facet normal 0 0 1
    outer loop
      vertex 46.01 22.00166969721516 16
      vertex 49 22.50090916454792 16
      vertex 46.00609001317798 22.02334320490757 16
    endloop
  endfacet
  facet normal 0 0 1
    outer loop
      vertex 46.00609001317798 22.02334320490757 16
      vertex 48.36355603381247 26.7576685835079 16
      vertex 48.24106466540571 27.373474277343753 16
    endloop
  endfacet
  facet normal 0 0 1
    outer loop
      vertex 46.00609001317798 22.02334320490757 16
      vertex 48.24106466540571 27.373474277343753 16
      vertex 48.2 28 16
    endloop
  endfacet
  facet normal 0 0 1
    outer loop
      vertex 46.00609001317798 22.02334320490757 16
      vertex 48.2 28 16
      vertex 48.24106466540571 28.626525722656247 16
    endloop
  endfacet
  facet normal 0 0 1
    outer loop
      vertex 46.00609001317798 22.02334320490757 16
      vertex 48.24106466540571 28.626525722656247 16
      vertex 48.36355603381247 29.2423314164921 16
    endloop
  endfacet
  facet normal 0 0 1
    outer loop
      vertex 46.00609001317798 22.02334320490757 16
      vertex 49 22.50090916454792 16
      vertex 49 22.5119344370174 16
    endloop
  endfacet
  facet normal 0 0 1
    outer loop
      vertex 46.00609001317798 22.02334320490757 16
      vertex 49 22.5119344370174 16
      vertex 49 25.365149723053165 16
    endloop
  endfacet
  facet normal 0 0 1
    outer loop
      vertex 46.00609001317798 22.02334320490757 16
      vertex 49 25.365149723053165 16
      vertex 48.843078061834696 25.6 16
    endloop
  endfacet
  facet normal 0 0 1
    outer loop
      vertex 46.00609001317798 22.02334320490757 16
      vertex 48.843078061834696 25.6 16
      vertex 48.56537824394582 26.16311952464757 16
    endloop
  endfacet
  facet normal 0 0 1
    outer loop
      vertex 46.00609001317798 22.02334320490757 16
      vertex 48.56537824394582 26.16311952464757 16
      vertex 48.36355603381247 26.7576685835079 16
    endloop
  endfacet
  facet normal 0 0 1
    outer loop
      vertex 46.00609001317798 22.02334320490757 16
      vertex 48.36355603381247 29.2423314164921 16
      vertex 49 31.265258267225143 16
    endloop
  endfacet
  facet normal 0 0 1
    outer loop
      vertex 46.00609001317798 22.02334320490757 16
      vertex 48.88298465286227 33.05056746682584 16
      vertex 46.01 33.99833030278484 16
    endloop
  endfacet
  facet normal 0 0 1
    outer loop
      vertex 46.00609001317798 22.02334320490757 16
      vertex 49 31.265258267225143 16
      vertex 48.88298465286227 33.05056746682584 16
    endloop
  endfacet
  facet normal 0 0 1
    outer loop
      vertex 49 31.265258267225143 16
      vertex 48.36355603381247 29.2423314164921 16
      vertex 48.56537824394582 29.83688047535243 16
    endloop
  endfacet
  facet normal 0 0 1
    outer loop
      vertex 49 31.265258267225143 16
      vertex 48.56537824394582 29.83688047535243 16
      vertex 48.843078061834696 30.4 16
    endloop
  endfacet
  facet normal 0 0 1
    outer loop
      vertex 49 31.265258267225143 16
      vertex 48.843078061834696 30.4 16
      vertex 49 30.634850276946835 16
    endloop
  endfacet
  facet normal 0 0 1
    outer loop
      vertex 46.01 33.99833030278484 16
      vertex 48.88298465286227 33.05056746682584 16
      vertex 49 33.49909083545208 16
    endloop
  endfacet
  facet normal 0 0 1
    outer loop
      vertex 48.88298465286227 33.05056746682584 16
      vertex 49 33.488065562982605 16
      vertex 49 33.49909083545208 16
    endloop
  endfacet
  facet normal 0.4422886902190047 0.8968727415326867 0
    outer loop
      vertex 50.6 23.843078061834696 0
      vertex 50.6 23.843078061834696 16
      vertex 51.16311952464757 23.565378243945823 0
    endloop
  endfacet
  facet normal 0.5555702330195964 0.8314696123025491 0
    outer loop
      vertex 50.07794514075814 24.19190396660207 0
      vertex 50.07794514075814 24.19190396660207 16
      vertex 50.6 23.843078061834696 0
    endloop
  endfacet
  facet normal 0.6593458151000713 0.7518398074789754 0
    outer loop
      vertex 49.60588745030457 24.60588745030457 16
      vertex 50.07794514075814 24.19190396660207 0
      vertex 49.60588745030457 24.60588745030457 0
    endloop
  endfacet
  facet normal 0.1950903220161293 0.9807852804032303 0
    outer loop
      vertex 51.7576685835079 23.363556033812472 0
      vertex 51.7576685835079 23.363556033812472 16
      vertex 52.37347427734375 23.24106466540571 0
    endloop
  endfacet
  facet normal 0.3214394653031609 0.9469301294951059 0
    outer loop
      vertex 51.16311952464757 23.565378243945823 0
      vertex 51.16311952464757 23.565378243945823 16
      vertex 51.7576685835079 23.363556033812472 0
    endloop
  endfacet
  facet normal 0.06540312923014252 0.9978589232386035 0
    outer loop
      vertex 52.37347427734375 23.24106466540571 0
      vertex 52.37347427734375 23.24106466540571 16
      vertex 53 23.2 0
    endloop
  endfacet
  facet normal -0.06540312923014252 0.9978589232386035 0
    outer loop
      vertex 53 23.2 16
      vertex 53.62652572265625 23.24106466540571 0
      vertex 53 23.2 0
    endloop
  endfacet
  facet normal -0.1950903220161293 0.9807852804032303 0
    outer loop
      vertex 53.62652572265625 23.24106466540571 0
      vertex 53.62652572265625 23.24106466540571 16
      vertex 54.2423314164921 23.363556033812472 0
    endloop
  endfacet
  facet normal -0.3214394653031609 0.9469301294951059 0
    outer loop
      vertex 54.2423314164921 23.363556033812472 0
      vertex 54.2423314164921 23.363556033812472 16
      vertex 54.83688047535243 23.565378243945823 0
    endloop
  endfacet
  facet normal 0.7518398074789754 0.6593458151000713 0
    outer loop
      vertex 49.60588745030457 24.60588745030457 0
      vertex 49.19190396660207 25.07794514075814 0
      vertex 49.19190396660207 25.07794514075814 16
    endloop
  endfacet
  facet normal 0.8314696123025468 0.5555702330195998 -1.6389294031746566e-16
    outer loop
      vertex 48.98902918154566 25.381568713173085 0
      vertex 48.843078061834696 25.6 16
      vertex 49.19190396660207 25.07794514075814 0
    endloop
  endfacet
  facet normal 0.8314696123025523 0.5555702330195915 0
    outer loop
      vertex 48.98902918154566 25.381568713173085 0
      vertex 48.843078061834696 25.6 0
      vertex 48.843078061834696 25.6 16
    endloop
  endfacet
  facet normal 0.8968727415326867 0.4422886902190047 0
    outer loop
      vertex 48.843078061834696 25.6 0
      vertex 48.56537824394582 26.16311952464757 0
      vertex 48.56537824394582 26.16311952464757 16
    endloop
  endfacet
  facet normal 0.9469301294951059 0.3214394653031609 0
    outer loop
      vertex 48.56537824394582 26.16311952464757 0
      vertex 48.36355603381247 26.7576685835079 0
      vertex 48.36355603381247 26.7576685835079 16
    endloop
  endfacet
  facet normal 0.9807852804032303 0.1950903220161293 0
    outer loop
      vertex 48.36355603381247 26.7576685835079 0
      vertex 48.24106466540571 27.373474277343753 0
      vertex 48.24106466540571 27.373474277343753 16
    endloop
  endfacet
  facet normal 0.9978589232386039 0.0654031292301369 0
    outer loop
      vertex 48.24106466540571 27.373474277343753 0
      vertex 48.2 28 0
      vertex 48.2 28 16
    endloop
  endfacet
  facet normal 0.9978589232386039 -0.0654031292301369 0
    outer loop
      vertex 48.2 28 0
      vertex 48.24106466540571 28.626525722656247 0
      vertex 48.24106466540571 28.626525722656247 16
    endloop
  endfacet
  facet normal 0.9807852804032303 -0.1950903220161293 0
    outer loop
      vertex 48.24106466540571 28.626525722656247 0
      vertex 48.36355603381247 29.2423314164921 0
      vertex 48.36355603381247 29.2423314164921 16
    endloop
  endfacet
  facet normal 0.9469301294951059 -0.3214394653031609 0
    outer loop
      vertex 48.36355603381247 29.2423314164921 0
      vertex 48.56537824394582 29.83688047535243 0
      vertex 48.56537824394582 29.83688047535243 16
    endloop
  endfacet
  facet normal 0.8968727415326867 -0.4422886902190047 0
    outer loop
      vertex 48.56537824394582 29.83688047535243 0
      vertex 48.843078061834696 30.4 0
      vertex 48.843078061834696 30.4 16
    endloop
  endfacet
  facet normal 0.8314696123025451 -0.5555702330196023 2.761601528291315e-16
    outer loop
      vertex 48.90240570983277 30.488790099879306 0
      vertex 49.19190396660207 30.92205485924186 16
      vertex 48.843078061834696 30.4 0
    endloop
  endfacet
  facet normal 0.8314696123025499 -0.5555702330195952 0
    outer loop
      vertex 48.90240570983277 30.488790099879306 0
      vertex 49.19190396660207 30.92205485924186 0
      vertex 49.19190396660207 30.92205485924186 16
    endloop
  endfacet
  facet normal 0.7518398074789754 -0.6593458151000713 0
    outer loop
      vertex 49.19190396660207 30.92205485924186 0
      vertex 49.60588745030457 31.39411254969543 0
      vertex 49.60588745030457 31.39411254969543 16
    endloop
  endfacet
  facet normal 0.6593458151000713 -0.7518398074789754 0
    outer loop
      vertex 50.07794514075814 31.80809603339793 0
      vertex 50.07794514075814 31.80809603339793 16
      vertex 49.60588745030457 31.39411254969543 0
    endloop
  endfacet
  facet normal 0.5555702330195964 -0.8314696123025491 0
    outer loop
      vertex 50.6 32.156921938165304 0
      vertex 50.6 32.156921938165304 16
      vertex 50.07794514075814 31.80809603339793 0
    endloop
  endfacet
  facet normal 0.4422886902190047 -0.8968727415326867 0
    outer loop
      vertex 51.16311952464757 32.43462175605418 0
      vertex 51.16311952464757 32.43462175605418 16
      vertex 50.6 32.156921938165304 0
    endloop
  endfacet
  facet normal 0.3214394653031609 -0.9469301294951059 0
    outer loop
      vertex 51.7576685835079 32.63644396618753 0
      vertex 51.7576685835079 32.63644396618753 16
      vertex 51.16311952464757 32.43462175605418 0
    endloop
  endfacet
  facet normal 0.1950903220161293 -0.9807852804032303 0
    outer loop
      vertex 52.37347427734375 32.75893533459429 0
      vertex 52.37347427734375 32.75893533459429 16
      vertex 51.7576685835079 32.63644396618753 0
    endloop
  endfacet
  facet normal 0.0654031292301369 -0.9978589232386039 0
    outer loop
      vertex 53 32.8 16
      vertex 52.37347427734375 32.75893533459429 0
      vertex 53 32.8 0
    endloop
  endfacet
  facet normal -0.0654031292301369 -0.9978589232386039 0
    outer loop
      vertex 53.62652572265625 32.75893533459429 0
      vertex 53.62652572265625 32.75893533459429 16
      vertex 53 32.8 0
    endloop
  endfacet
  facet normal -0.1950903220161293 -0.9807852804032303 0
    outer loop
      vertex 54.2423314164921 32.63644396618753 0
      vertex 54.2423314164921 32.63644396618753 16
      vertex 53.62652572265625 32.75893533459429 0
    endloop
  endfacet
  facet normal -0.3214394653031609 -0.9469301294951059 0
    outer loop
      vertex 54.83688047535243 32.43462175605418 16
      vertex 54.2423314164921 32.63644396618753 0
      vertex 54.83688047535243 32.43462175605418 0
    endloop
  endfacet
  facet normal 0.4422886902190047 0.8968727415326867 0
    outer loop
      vertex 51.16311952464757 23.565378243945823 0
      vertex 50.6 23.843078061834696 16
      vertex 51.16311952464757 23.565378243945823 16
    endloop
  endfacet
  facet normal 0.6593458151000713 0.7518398074789754 0
    outer loop
      vertex 50.07794514075814 24.19190396660207 0
      vertex 49.60588745030457 24.60588745030457 16
      vertex 50.07794514075814 24.19190396660207 16
    endloop
  endfacet
  facet normal 0.5555702330195964 0.8314696123025491 0
    outer loop
      vertex 50.6 23.843078061834696 0
      vertex 50.07794514075814 24.19190396660207 16
      vertex 50.6 23.843078061834696 16
    endloop
  endfacet
  facet normal 0.3214394653031609 0.9469301294951059 0
    outer loop
      vertex 51.7576685835079 23.363556033812472 0
      vertex 51.16311952464757 23.565378243945823 16
      vertex 51.7576685835079 23.363556033812472 16
    endloop
  endfacet
  facet normal 0.1950903220161293 0.9807852804032303 0
    outer loop
      vertex 52.37347427734375 23.24106466540571 0
      vertex 51.7576685835079 23.363556033812472 16
      vertex 52.37347427734375 23.24106466540571 16
    endloop
  endfacet
  facet normal 0.06540312923014252 0.9978589232386035 0
    outer loop
      vertex 53 23.2 0
      vertex 52.37347427734375 23.24106466540571 16
      vertex 53 23.2 16
    endloop
  endfacet
  facet normal -0.06540312923014252 0.9978589232386035 0
    outer loop
      vertex 53.62652572265625 23.24106466540571 0
      vertex 53 23.2 16
      vertex 53.62652572265625 23.24106466540571 16
    endloop
  endfacet
  facet normal -0.1950903220161293 0.9807852804032303 0
    outer loop
      vertex 54.2423314164921 23.363556033812472 0
      vertex 53.62652572265625 23.24106466540571 16
      vertex 54.2423314164921 23.363556033812472 16
    endloop
  endfacet
  facet normal -0.3214394653031609 0.9469301294951059 0
    outer loop
      vertex 54.83688047535243 23.565378243945823 16
      vertex 54.83688047535243 23.565378243945823 0
      vertex 54.2423314164921 23.363556033812472 16
    endloop
  endfacet
  facet normal 0.8314696123025478 0.5555702330195984 0
    outer loop
      vertex 49 25.365149723053165 16
      vertex 49.19190396660207 25.07794514075814 16
      vertex 49.19190396660207 25.07794514075814 0
    endloop
  endfacet
  facet normal 0.8314696123025507 0.5555702330195941 1.1208524092296766e-16
    outer loop
      vertex 49 25.365149723053165 16
      vertex 49.19190396660207 25.07794514075814 0
      vertex 48.843078061834696 25.6 16
    endloop
  endfacet
  facet normal 0.8968727415326867 0.4422886902190047 0
    outer loop
      vertex 48.843078061834696 25.6 0
      vertex 48.56537824394582 26.16311952464757 16
      vertex 48.843078061834696 25.6 16
    endloop
  endfacet
  facet normal 0.9469301294951059 0.3214394653031609 0
    outer loop
      vertex 48.56537824394582 26.16311952464757 0
      vertex 48.36355603381247 26.7576685835079 16
      vertex 48.56537824394582 26.16311952464757 16
    endloop
  endfacet
  facet normal 0.7518398074789754 0.6593458151000713 0
    outer loop
      vertex 49.19190396660207 25.07794514075814 16
      vertex 49.60588745030457 24.60588745030457 16
      vertex 49.60588745030457 24.60588745030457 0
    endloop
  endfacet
  facet normal 0.9807852804032303 0.1950903220161293 0
    outer loop
      vertex 48.36355603381247 26.7576685835079 0
      vertex 48.24106466540571 27.373474277343753 16
      vertex 48.36355603381247 26.7576685835079 16
    endloop
  endfacet
  facet normal 0.9978589232386039 0.0654031292301369 0
    outer loop
      vertex 48.24106466540571 27.373474277343753 0
      vertex 48.2 28 16
      vertex 48.24106466540571 27.373474277343753 16
    endloop
  endfacet
  facet normal 0.9978589232386039 -0.0654031292301369 0
    outer loop
      vertex 48.2 28 0
      vertex 48.24106466540571 28.626525722656247 16
      vertex 48.2 28 16
    endloop
  endfacet
  facet normal 0.9807852804032303 -0.1950903220161293 0
    outer loop
      vertex 48.24106466540571 28.626525722656247 0
      vertex 48.36355603381247 29.2423314164921 16
      vertex 48.24106466540571 28.626525722656247 16
    endloop
  endfacet
  facet normal 0.9469301294951059 -0.3214394653031609 0
    outer loop
      vertex 48.36355603381247 29.2423314164921 0
      vertex 48.56537824394582 29.83688047535243 16
      vertex 48.36355603381247 29.2423314164921 16
    endloop
  endfacet
  facet normal 0.8968727415326867 -0.4422886902190047 0
    outer loop
      vertex 48.56537824394582 29.83688047535243 0
      vertex 48.843078061834696 30.4 16
      vertex 48.56537824394582 29.83688047535243 16
    endloop
  endfacet
  facet normal 0.8314696123025507 -0.5555702330195941 0
    outer loop
      vertex 49 30.634850276946835 16
      vertex 48.843078061834696 30.4 16
      vertex 48.843078061834696 30.4 0
    endloop
  endfacet
  facet normal 0.8314696123025478 -0.5555702330195984 9.165330741614605e-17
    outer loop
      vertex 49 30.634850276946835 16
      vertex 48.843078061834696 30.4 0
      vertex 49.19190396660207 30.92205485924186 16
    endloop
  endfacet
  facet normal 0.7518398074789754 -0.6593458151000713 0
    outer loop
      vertex 49.60588745030457 31.39411254969543 16
      vertex 49.19190396660207 30.92205485924186 16
      vertex 49.19190396660207 30.92205485924186 0
    endloop
  endfacet
  facet normal 0.6593458151000713 -0.7518398074789754 0
    outer loop
      vertex 49.60588745030457 31.39411254969543 16
      vertex 49.60588745030457 31.39411254969543 0
      vertex 50.07794514075814 31.80809603339793 16
    endloop
  endfacet
  facet normal 0.5555702330195964 -0.8314696123025491 0
    outer loop
      vertex 50.07794514075814 31.80809603339793 0
      vertex 50.6 32.156921938165304 16
      vertex 50.07794514075814 31.80809603339793 16
    endloop
  endfacet
  facet normal 0.4422886902190047 -0.8968727415326867 0
    outer loop
      vertex 50.6 32.156921938165304 0
      vertex 51.16311952464757 32.43462175605418 16
      vertex 50.6 32.156921938165304 16
    endloop
  endfacet
  facet normal 0.3214394653031609 -0.9469301294951059 0
    outer loop
      vertex 51.16311952464757 32.43462175605418 0
      vertex 51.7576685835079 32.63644396618753 16
      vertex 51.16311952464757 32.43462175605418 16
    endloop
  endfacet
  facet normal 0.1950903220161293 -0.9807852804032303 0
    outer loop
      vertex 51.7576685835079 32.63644396618753 0
      vertex 52.37347427734375 32.75893533459429 16
      vertex 51.7576685835079 32.63644396618753 16
    endloop
  endfacet
  facet normal 0.0654031292301369 -0.9978589232386039 0
    outer loop
      vertex 52.37347427734375 32.75893533459429 0
      vertex 53 32.8 16
      vertex 52.37347427734375 32.75893533459429 16
    endloop
  endfacet
  facet normal -0.0654031292301369 -0.9978589232386039 0
    outer loop
      vertex 53 32.8 16
      vertex 53 32.8 0
      vertex 53.62652572265625 32.75893533459429 16
    endloop
  endfacet
  facet normal -0.1950903220161293 -0.9807852804032303 0
    outer loop
      vertex 53.62652572265625 32.75893533459429 0
      vertex 54.2423314164921 32.63644396618753 16
      vertex 53.62652572265625 32.75893533459429 16
    endloop
  endfacet
  facet normal -0.3214394653031609 -0.9469301294951059 0
    outer loop
      vertex 54.2423314164921 32.63644396618753 0
      vertex 54.83688047535243 32.43462175605418 16
      vertex 54.2423314164921 32.63644396618753 16
    endloop
  endfacet
  facet normal -0.4422886902190047 0.8968727415326867 0
    outer loop
      vertex 54.83688047535243 23.565378243945823 16
      vertex 55.4 23.843078061834696 0
      vertex 54.83688047535243 23.565378243945823 0
    endloop
  endfacet
  facet normal -0.5555702330195964 0.8314696123025491 0
    outer loop
      vertex 55.4 23.843078061834696 0
      vertex 55.4 23.843078061834696 16
      vertex 55.92205485924186 24.19190396660207 0
    endloop
  endfacet
  facet normal -0.6593458151000713 0.7518398074789754 0
    outer loop
      vertex 55.92205485924186 24.19190396660207 0
      vertex 55.92205485924186 24.19190396660207 16
      vertex 56.39411254969543 24.60588745030457 0
    endloop
  endfacet
  facet normal -0.7518398074789754 0.6593458151000713 0
    outer loop
      vertex 56.80809603339793 25.07794514075814 0
      vertex 56.39411254969543 24.60588745030457 0
      vertex 56.39411254969543 24.60588745030457 16
    endloop
  endfacet
  facet normal -0.8314696123025491 0.5555702330195964 0
    outer loop
      vertex 57.156921938165304 25.6 0
      vertex 56.80809603339793 25.07794514075814 0
      vertex 56.80809603339793 25.07794514075814 16
    endloop
  endfacet
  facet normal -0.8968674700503076 0.4422993795672346 0
    outer loop
      vertex 57.156921938165304 25.6 16
      vertex 57.15692193826072 25.600000000193486 0
      vertex 57.156921938165304 25.6 0
    endloop
  endfacet
  facet normal -0.6593458151000713 -0.7518398074789754 0
    outer loop
      vertex 55.92205485924186 31.80809603339793 0
      vertex 56.39411254969543 31.39411254969543 0
      vertex 56.39411254969543 31.39411254969543 16
    endloop
  endfacet
  facet normal -0.8314696123025491 -0.5555702330195964 0
    outer loop
      vertex 56.80809603339793 30.92205485924186 0
      vertex 57.156921938165304 30.4 0
      vertex 57.156921938165304 30.4 16
    endloop
  endfacet
  facet normal -0.8968674700503076 -0.4422993795672346 0
    outer loop
      vertex 57.15692193826072 30.399999999806514 16
      vertex 57.156921938165304 30.4 0
      vertex 57.15692193826072 30.399999999806514 0
    endloop
  endfacet
  facet normal -0.7518398074789754 -0.6593458151000713 0
    outer loop
      vertex 56.39411254969543 31.39411254969543 0
      vertex 56.80809603339793 30.92205485924186 0
      vertex 56.80809603339793 30.92205485924186 16
    endloop
  endfacet
  facet normal -0.4422886902190047 -0.8968727415326867 0
    outer loop
      vertex 55.4 32.156921938165304 0
      vertex 55.4 32.156921938165304 16
      vertex 54.83688047535243 32.43462175605418 0
    endloop
  endfacet
  facet normal -0.5555702330195964 -0.8314696123025491 0
    outer loop
      vertex 55.92205485924186 31.80809603339793 0
      vertex 55.92205485924186 31.80809603339793 16
      vertex 55.4 32.156921938165304 0
    endloop
  endfacet
  facet normal -0.4422886902190047 0.8968727415326867 0
    outer loop
      vertex 55.4 23.843078061834696 0
      vertex 54.83688047535243 23.565378243945823 16
      vertex 55.4 23.843078061834696 16
    endloop
  endfacet
  facet normal -0.5555702330195964 0.8314696123025491 0
    outer loop
      vertex 55.92205485924186 24.19190396660207 0
      vertex 55.4 23.843078061834696 16
      vertex 55.92205485924186 24.19190396660207 16
    endloop
  endfacet
  facet normal -0.6593458151000713 0.7518398074789754 0
    outer loop
      vertex 56.39411254969543 24.60588745030457 0
      vertex 55.92205485924186 24.19190396660207 16
      vertex 56.39411254969543 24.60588745030457 16
    endloop
  endfacet
  facet normal -0.7518398074789754 0.6593458151000713 0
    outer loop
      vertex 56.39411254969543 24.60588745030457 16
      vertex 56.80809603339793 25.07794514075814 16
      vertex 56.80809603339793 25.07794514075814 0
    endloop
  endfacet
  facet normal -0.8314696123025491 0.5555702330195964 0
    outer loop
      vertex 56.80809603339793 25.07794514075814 16
      vertex 57.156921938165304 25.6 16
      vertex 57.156921938165304 25.6 0
    endloop
  endfacet
  facet normal -0.8968674700503076 0.4422993795672346 0
    outer loop
      vertex 57.156921938165304 25.6 16
      vertex 57.15692193826072 25.600000000193486 16
      vertex 57.15692193826072 25.600000000193486 0
    endloop
  endfacet
  facet normal -0.7518398074789754 -0.6593458151000713 0
    outer loop
      vertex 56.80809603339793 30.92205485924186 16
      vertex 56.39411254969543 31.39411254969543 16
      vertex 56.39411254969543 31.39411254969543 0
    endloop
  endfacet
  facet normal -0.8968674700503076 -0.4422993795672346 0
    outer loop
      vertex 57.15692193826072 30.399999999806514 16
      vertex 57.156921938165304 30.4 16
      vertex 57.156921938165304 30.4 0
    endloop
  endfacet
  facet normal -0.8314696123025491 -0.5555702330195964 0
    outer loop
      vertex 57.156921938165304 30.4 16
      vertex 56.80809603339793 30.92205485924186 16
      vertex 56.80809603339793 30.92205485924186 0
    endloop
  endfacet
  facet normal -0.4422886902190047 -0.8968727415326867 0
    outer loop
      vertex 54.83688047535243 32.43462175605418 16
      vertex 54.83688047535243 32.43462175605418 0
      vertex 55.4 32.156921938165304 16
    endloop
  endfacet
  facet normal -0.5555702330195964 -0.8314696123025491 0
    outer loop
      vertex 55.4 32.156921938165304 0
      vertex 55.92205485924186 31.80809603339793 16
      vertex 55.4 32.156921938165304 16
    endloop
  endfacet
  facet normal -0.6593458151000713 -0.7518398074789754 0
    outer loop
      vertex 55.92205485924186 31.80809603339793 0
      vertex 56.39411254969543 31.39411254969543 16
      vertex 55.92205485924186 31.80809603339793 16
    endloop
  endfacet
  facet normal 0.4999999999611615 0.8660254038068621 0
    outer loop
      vertex 57.15692193826072 25.600000000193486 16
      vertex 58.88897274586935 24.600000000274104 0
      vertex 57.15692193826072 25.600000000193486 0
    endloop
  endfacet
  facet normal 0.4999999999611615 -0.8660254038068621 0
    outer loop
      vertex 57.15692193826072 30.399999999806514 0
      vertex 58.88897274586935 31.399999999725896 0
      vertex 58.88897274586935 31.399999999725896 16
    endloop
  endfacet
  facet normal 0.4999999999611615 0.8660254038068621 0
    outer loop
      vertex 57.15692193826072 25.600000000193486 16
      vertex 58.88897274586935 24.600000000274104 16
      vertex 58.88897274586935 24.600000000274104 0
    endloop
  endfacet
  facet normal 0.4999999999611615 -0.8660254038068621 0
    outer loop
      vertex 57.15692193826072 30.399999999806514 16
      vertex 57.15692193826072 30.399999999806514 0
      vertex 58.88897274586935 31.399999999725896 16
    endloop
  endfacet
  facet normal 0 0 -1
    outer loop
      vertex 58.02939190526116 -17.998331788605032 0
      vertex 59.1 -14.029611541307904 0
      vertex 58.98391980986884 -18.453618244380536 0
    endloop
  endfacet
  facet normal 0 0 -1
    outer loop
      vertex 58.98391980986884 -18.453618244380536 0
      vertex 60.610866382172034 -14.799436413810133 0
      vertex 59.96096741918493 -18.858324615243475 0
    endloop
  endfacet
  facet normal 0 0 -1
    outer loop
      vertex 59.96096741918493 -18.858324615243475 0
      vertex 61.394439217366134 -15.124002909254667 0
      vertex 60.95785671362606 -19.2113416291621 0
    endloop
  endfacet
  facet normal 0 0 -1
    outer loop
      vertex 60.95785671362606 -19.2113416291621 0
      vertex 62.19392469112585 -15.407115563981487 0
      vertex 61.97185528892908 -19.51170169103918 0
    endloop
  endfacet
  facet normal 0 0 -1
    outer loop
      vertex 57 -17.432433077631664 0
      vertex 57.677878912861935 -13.106075308874148 0
      vertex 57.1 -17.493713156445658 0
    endloop
  endfacet
  facet normal 0 0 -1
    outer loop
      vertex 58.02939190526116 -17.998331788605032 0
      vertex 57.1 -17.493713156445658 0
      vertex 58.376847632756565 -13.586463200715869 0
    endloop
  endfacet
  facet normal 0 0 -1
    outer loop
      vertex 57 -17.432433077631664 0
      vertex 57 -12.585485917492075 0
      vertex 57.005009664992635 -12.589764575602928 0
    endloop
  endfacet
  facet normal 0 0 -1
    outer loop
      vertex 57 -17.432433077631664 0
      vertex 57.005009664992635 -12.589764575602928 0
      vertex 57.677878912861935 -13.106075308874148 0
    endloop
  endfacet
  facet normal 0 0 -1
    outer loop
      vertex 57.1 -17.493713156445658 0
      vertex 57.677878912861935 -13.106075308874148 0
      vertex 58.376847632756565 -13.586463200715869 0
    endloop
  endfacet
  facet normal 0 0 -1
    outer loop
      vertex 58.98391980986884 -18.453618244380536 0
      vertex 59.845353904219344 -14.43430569185156 0
      vertex 60.610866382172034 -14.799436413810133 0
    endloop
  endfacet
  facet normal 0 0 -1
    outer loop
      vertex 58.98391980986884 -18.453618244380536 0
      vertex 59.1 -14.029611541307904 0
      vertex 59.845353904219344 -14.43430569185156 0
    endloop
  endfacet
  facet normal 0 0 -1
    outer loop
      vertex 58.02939190526116 -17.998331788605032 0
      vertex 58.376847632756565 -13.586463200715869 0
      vertex 59.1 -14.029611541307904 0
    endloop
  endfacet
  facet normal 0 0 -1
    outer loop
      vertex 59.96096741918493 -18.858324615243475 0
      vertex 60.610866382172034 -14.799436413810133 0
      vertex 61.394439217366134 -15.124002909254667 0
    endloop
  endfacet
  facet normal 0 0 -1
    outer loop
      vertex 60.95785671362606 -19.2113416291621 0
      vertex 61.394439217366134 -15.124002909254667 0
      vertex 62.19392469112585 -15.407115563981487 0
    endloop
  endfacet
  facet normal 0 0 -1
    outer loop
      vertex 63.00018384548126 -19.758581534822873 0
      vertex 64.66576166634826 -16.00055111764123 0
      vertex 64.04002380618734 -19.951304480021783 0
    endloop
  endfacet
  facet normal 0 0 -1
    outer loop
      vertex 64.04002380618734 -19.951304480021783 0
      vertex 65.50663889506401 -16.111254704966026 0
      vertex 65.08852504199339 -20.08934228643912 0
    endloop
  endfacet
  facet normal 0 0 -1
    outer loop
      vertex 61.97185528892908 -19.51170169103918 0
      vertex 63.007131469339164 -15.647998385882905 0
      vertex 63.00018384548126 -19.758581534822873 0
    endloop
  endfacet
  facet normal 0 0 -1
    outer loop
      vertex 61.97185528892908 -19.51170169103918 0
      vertex 62.19392469112585 -15.407115563981487 0
      vertex 63.007131469339164 -15.647998385882905 0
    endloop
  endfacet
  facet normal 0 0 -1
    outer loop
      vertex 63.00018384548126 -19.758581534822873 0
      vertex 63.8318306087523 -15.84599113188765 0
      vertex 64.66576166634826 -16.00055111764123 0
    endloop
  endfacet
  facet normal 0 0 -1
    outer loop
      vertex 63.00018384548126 -19.758581534822873 0
      vertex 63.007131469339164 -15.647998385882905 0
      vertex 63.8318306087523 -15.84599113188765 0
    endloop
  endfacet
  facet normal 0 0 -1
    outer loop
      vertex 64.04002380618734 -19.951304480021783 0
      vertex 64.66576166634826 -16.00055111764123 0
      vertex 65.50663889506401 -16.111254704966026 0
    endloop
  endfacet
  facet normal 0 0 -1
    outer loop
      vertex 65.08852504199339 -20.08934228643912 0
      vertex 65.50663889506401 -16.111254704966026 0
      vertex 66.35215750886431 -16.177798463024097 0
    endloop
  endfacet
  facet normal 0 0 -1
    outer loop
      vertex 65.08852504199339 -20.08934228643912 0
      vertex 66.35215750886431 -16.177798463024097 0
      vertex 66.14281368389254 -20.17231660204239 0
    endloop
  endfacet
  facet normal 0 0 -1
    outer loop
      vertex 66.14281368389254 -20.17231660204239 0
      vertex 66.35215750886431 -16.177798463024097 0
      vertex 67.2 -20.2 0
    endloop
  endfacet
  facet normal 0 0 -1
    outer loop
      vertex 67.2 -20.2 0
      vertex 68.0478424911357 -16.177798463024097 0
      vertex 68.25718631610746 -20.17231660204239 0
    endloop
  endfacet
  facet normal 0 0 -1
    outer loop
      vertex 68.25718631610746 -20.17231660204239 0
      vertex 68.89336110493599 -16.111254704966026 0
      vertex 69.3114749580066 -20.08934228643912 0
    endloop
  endfacet
  facet normal 0 0 -1
    outer loop
      vertex 67.2 -20.2 0
      vertex 66.35215750886431 -16.177798463024097 0
      vertex 67.2 -16.2 0
    endloop
  endfacet
  facet normal 0 0 -1
    outer loop
      vertex 67.2 -20.2 0
      vertex 67.2 -16.2 0
      vertex 68.0478424911357 -16.177798463024097 0
    endloop
  endfacet
  facet normal 0 0 -1
    outer loop
      vertex 68.25718631610746 -20.17231660204239 0
      vertex 68.0478424911357 -16.177798463024097 0
      vertex 68.89336110493599 -16.111254704966026 0
    endloop
  endfacet
  facet normal 0 0 -1
    outer loop
      vertex 69.3114749580066 -20.08934228643912 0
      vertex 69.73423833365175 -16.00055111764123 0
      vertex 70.35997619381266 -19.951304480021783 0
    endloop
  endfacet
  facet normal 0 0 -1
    outer loop
      vertex 70.35997619381266 -19.951304480021783 0
      vertex 70.5681693912477 -15.84599113188765 0
      vertex 71.39981615451873 -19.758581534822873 0
    endloop
  endfacet
  facet normal 0 0 -1
    outer loop
      vertex 69.3114749580066 -20.08934228643912 0
      vertex 68.89336110493599 -16.111254704966026 0
      vertex 69.73423833365175 -16.00055111764123 0
    endloop
  endfacet
  facet normal 0 0 -1
    outer loop
      vertex 70.35997619381266 -19.951304480021783 0
      vertex 69.73423833365175 -16.00055111764123 0
      vertex 70.5681693912477 -15.84599113188765 0
    endloop
  endfacet
  facet normal 0 0 -1
    outer loop
      vertex 71.39981615451873 -19.758581534822873 0
      vertex 72.20607530887415 -15.407115563981487 0
      vertex 72.42814471107091 -19.51170169103918 0
    endloop
  endfacet
  facet normal 0 0 -1
    outer loop
      vertex 71.39981615451873 -19.758581534822873 0
      vertex 70.5681693912477 -15.84599113188765 0
      vertex 71.39286853066083 -15.647998385882905 0
    endloop
  endfacet
  facet normal 0 0 -1
    outer loop
      vertex 71.39981615451873 -19.758581534822873 0
      vertex 71.39286853066083 -15.647998385882905 0
      vertex 72.20607530887415 -15.407115563981487 0
    endloop
  endfacet
  facet normal 0 0 -1
    outer loop
      vertex 72.42814471107091 -19.51170169103918 0
      vertex 73.00556078263386 -15.124002909254667 0
      vertex 73.44214328637393 -19.2113416291621 0
    endloop
  endfacet
  facet normal 0 0 -1
    outer loop
      vertex 73.44214328637393 -19.2113416291621 0
      vertex 73.78913361782796 -14.799436413810133 0
      vertex 74.43903258081507 -18.858324615243475 0
    endloop
  endfacet
  facet normal 0 0 -1
    outer loop
      vertex 74.43903258081507 -18.858324615243475 0
      vertex 75.3 -14.029611541307904 0
      vertex 75.41608019013117 -18.453618244380536 0
    endloop
  endfacet
  facet normal 0 0 -1
    outer loop
      vertex 72.42814471107091 -19.51170169103918 0
      vertex 72.20607530887415 -15.407115563981487 0
      vertex 73.00556078263386 -15.124002909254667 0
    endloop
  endfacet
  facet normal 0 0 -1
    outer loop
      vertex 73.44214328637393 -19.2113416291621 0
      vertex 73.00556078263386 -15.124002909254667 0
      vertex 73.78913361782796 -14.799436413810133 0
    endloop
  endfacet
  facet normal 0 0 -1
    outer loop
      vertex 74.43903258081507 -18.858324615243475 0
      vertex 73.78913361782796 -14.799436413810133 0
      vertex 74.55464609578065 -14.43430569185156 0
    endloop
  endfacet
  facet normal 0 0 -1
    outer loop
      vertex 75.41608019013117 -18.453618244380536 0
      vertex 76.02315236724344 -13.586463200715869 0
      vertex 76.37060809473884 -17.998331788605032 0
    endloop
  endfacet
  facet normal 0 0 -1
    outer loop
      vertex 74.43903258081507 -18.858324615243475 0
      vertex 74.55464609578065 -14.43430569185156 0
      vertex 75.3 -14.029611541307904 0
    endloop
  endfacet
  facet normal 0 0 -1
    outer loop
      vertex 75.41608019013117 -18.453618244380536 0
      vertex 75.3 -14.029611541307904 0
      vertex 76.02315236724344 -13.586463200715869 0
    endloop
  endfacet
  facet normal 0 0 -1
    outer loop
      vertex 76.37060809473884 -17.998331788605032 0
      vertex 76.02315236724344 -13.586463200715869 0
      vertex 76.72212108713806 -13.106075308874148 0
    endloop
  endfacet
  facet normal 0 0 -1
    outer loop
      vertex 76.37060809473884 -17.998331788605032 0
      vertex 76.72212108713806 -13.106075308874148 0
      vertex 77.3 -17.493713156445658 0
    endloop
  endfacet
  facet normal 0 0 -1
    outer loop
      vertex 77.3 -17.493713156445658 0
      vertex 78.0399158230135 -12.038946172733786 0
      vertex 78.20170850730355 -16.941145472497567 0
    endloop
  endfacet
  facet normal 0 0 -1
    outer loop
      vertex 77.3 -17.493713156445658 0
      vertex 76.72212108713806 -13.106075308874148 0
      vertex 77.39499033500736 -12.589764575602928 0
    endloop
  endfacet
  facet normal 0 0 -1
    outer loop
      vertex 77.3 -17.493713156445658 0
      vertex 77.39499033500736 -12.589764575602928 0
      vertex 78.0399158230135 -12.038946172733786 0
    endloop
  endfacet
  facet normal 0 0 -1
    outer loop
      vertex 78.20170850730355 -16.941145472497567 0
      vertex 78.0399158230135 -12.038946172733786 0
      vertex 78.65512985522207 -11.45512985522207 0
    endloop
  endfacet
  facet normal 0 0 -1
    outer loop
      vertex 78.20170850730355 -16.941145472497567 0
      vertex 78.65512985522207 -11.45512985522207 0
      vertex 79.07326209630796 -16.342143286373936 0
    endloop
  endfacet
  facet normal 0 0 -1
    outer loop
      vertex 79.07326209630796 -16.342143286373936 0
      vertex 79.23894617273379 -10.839915823013502 0
      vertex 79.91227189920671 -15.698348421430811 0
    endloop
  endfacet
  facet normal 0 0 -1
    outer loop
      vertex 79.91227189920671 -15.698348421430811 0
      vertex 80.30607530887414 -9.522121087138064 0
      vertex 80.71643824844894 -15.011525474643364 0
    endloop
  endfacet
  facet normal 0 0 -1
    outer loop
      vertex 80.71643824844894 -15.011525474643364 0
      vertex 83.7418309582398 -11.582714730828545 0
      vertex 81.48355697996826 -14.28355697996826 0
    endloop
  endfacet
  facet normal 0 0 -1
    outer loop
      vertex 79.07326209630796 -16.342143286373936 0
      vertex 78.65512985522207 -11.45512985522207 0
      vertex 79.23894617273379 -10.839915823013502 0
    endloop
  endfacet
  facet normal 0 0 -1
    outer loop
      vertex 79.91227189920671 -15.698348421430811 0
      vertex 79.23894617273379 -10.839915823013502 0
      vertex 79.78976457560293 -10.194990335007365 0
    endloop
  endfacet
  facet normal 0 0 -1
    outer loop
      vertex 79.91227189920671 -15.698348421430811 0
      vertex 79.78976457560293 -10.194990335007365 0
      vertex 80.30607530887414 -9.522121087138064 0
    endloop
  endfacet
  facet normal 0 0 -1
    outer loop
      vertex 80.71643824844894 -15.011525474643364 0
      vertex 80.30607530887414 -9.522121087138064 0
      vertex 83.7418309582398 -11.582714730828545 0
    endloop
  endfacet
  facet normal 0 0 -1
    outer loop
      vertex 81.48355697996826 -14.28355697996826 0
      vertex 83.7418309582398 -11.582714730828545 0
      vertex 82.21152547464337 -13.516438248448935 0
    endloop
  endfacet
  facet normal 0 0 -1
    outer loop
      vertex 82.21152547464337 -13.516438248448935 0
      vertex 83.7418309582398 -11.582714730828545 0
      vertex 82.89834842143081 -12.712271899206716 0
    endloop
  endfacet
  facet normal 0 0 -1
    outer loop
      vertex 82.89834842143081 -12.712271899206716 0
      vertex 83.7418309582398 -11.582714730828545 0
      vertex 83.54214328637394 -11.873262096307958 0
    endloop
  endfacet
  facet normal 0 0 -1
    outer loop
      vertex 80.46622086749925 -9.289107853436754 0
      vertex 83.7418309582398 -11.582714730828545 0
      vertex 80.30607530887414 -9.522121087138064 0
    endloop
  endfacet
  facet normal -0.47715876025961124 -0.8788171126619639 0
    outer loop
      vertex 58.02939190526116 -17.998331788605032 0
      vertex 58.02939190526116 -17.998331788605032 22
      vertex 57.1 -17.493713156445658 0
    endloop
  endfacet
  facet normal -0.5224985647159457 -0.8526401643540942 0
    outer loop
      vertex 57 -17.432433077631664 0
      vertex 57.1 -17.493713156445658 0
      vertex 57.1 -17.493713156445658 22
    endloop
  endfacet
  facet normal -0.3826834323650927 -0.9238795325112854 0
    outer loop
      vertex 58.98391980986884 -18.453618244380536 0
      vertex 59.96096741918493 -18.858324615243475 0
      vertex 59.96096741918493 -18.858324615243475 22
    endloop
  endfacet
  facet normal -0.2840153447039237 -0.9588197348681927 0
    outer loop
      vertex 60.95785671362606 -19.2113416291621 0
      vertex 61.97185528892908 -19.51170169103918 0
      vertex 61.97185528892908 -19.51170169103918 22
    endloop
  endfacet
  facet normal -0.3338068592337692 -0.942641491092179 0
    outer loop
      vertex 59.96096741918493 -18.858324615243475 0
      vertex 60.95785671362606 -19.2113416291621 0
      vertex 60.95785671362606 -19.2113416291621 22
    endloop
  endfacet
  facet normal -0.43051109680829264 -0.9025852843498616 0
    outer loop
      vertex 58.02939190526116 -17.998331788605032 0
      vertex 58.98391980986884 -18.453618244380536 0
      vertex 58.98391980986884 -18.453618244380536 22
    endloop
  endfacet
  facet normal -0.23344536385590575 -0.9723699203976766 0
    outer loop
      vertex 61.97185528892908 -19.51170169103918 0
      vertex 63.00018384548126 -19.758581534822873 0
      vertex 63.00018384548126 -19.758581534822873 22
    endloop
  endfacet
  facet normal -0.18223552549214836 -0.9832549075639545 0
    outer loop
      vertex 63.00018384548126 -19.758581534822873 0
      vertex 64.04002380618734 -19.951304480021783 0
      vertex 64.04002380618734 -19.951304480021783 22
    endloop
  endfacet
  facet normal -0.13052619222005027 -0.9914448613738107 0
    outer loop
      vertex 64.04002380618734 -19.951304480021783 0
      vertex 65.08852504199339 -20.08934228643912 0
      vertex 65.08852504199339 -20.08934228643912 22
    endloop
  endfacet
  facet normal -0.07845909572784297 -0.9969173337331281 0
    outer loop
      vertex 65.08852504199339 -20.08934228643912 0
      vertex 66.14281368389254 -20.17231660204239 0
      vertex 66.14281368389254 -20.17231660204239 22
    endloop
  endfacet
  facet normal -0.026176948307875047 -0.9996573249755573 0
    outer loop
      vertex 66.14281368389254 -20.17231660204239 0
      vertex 67.2 -20.2 0
      vertex 67.2 -20.2 22
    endloop
  endfacet
  facet normal 0.026176948307875047 -0.9996573249755573 0
    outer loop
      vertex 67.2 -20.2 0
      vertex 68.25718631610746 -20.17231660204239 0
      vertex 68.25718631610746 -20.17231660204239 22
    endloop
  endfacet
  facet normal 0.07845909572784403 -0.9969173337331281 0
    outer loop
      vertex 68.25718631610746 -20.17231660204239 0
      vertex 69.3114749580066 -20.08934228643912 0
      vertex 69.3114749580066 -20.08934228643912 22
    endloop
  endfacet
  facet normal 0.13052619222005027 -0.9914448613738107 0
    outer loop
      vertex 69.3114749580066 -20.08934228643912 0
      vertex 70.35997619381266 -19.951304480021783 0
      vertex 70.35997619381266 -19.951304480021783 22
    endloop
  endfacet
  facet normal 0.18223552549214836 -0.9832549075639545 0
    outer loop
      vertex 70.35997619381266 -19.951304480021783 0
      vertex 71.39981615451873 -19.758581534822873 0
      vertex 71.39981615451873 -19.758581534822873 22
    endloop
  endfacet
  facet normal 0.23344536385590575 -0.9723699203976766 0
    outer loop
      vertex 71.39981615451873 -19.758581534822873 0
      vertex 72.42814471107091 -19.51170169103918 0
      vertex 72.42814471107091 -19.51170169103918 22
    endloop
  endfacet
  facet normal 0.2840153447039237 -0.9588197348681927 0
    outer loop
      vertex 72.42814471107091 -19.51170169103918 0
      vertex 73.44214328637393 -19.2113416291621 0
      vertex 73.44214328637393 -19.2113416291621 22
    endloop
  endfacet
  facet normal 0.33380685923376713 -0.9426414910921798 0
    outer loop
      vertex 73.44214328637393 -19.2113416291621 0
      vertex 74.43903258081507 -18.858324615243475 0
      vertex 74.43903258081507 -18.858324615243475 22
    endloop
  endfacet
  facet normal 0.3826834323650904 -0.9238795325112865 0
    outer loop
      vertex 74.43903258081507 -18.858324615243475 0
      vertex 75.41608019013117 -18.453618244380536 0
      vertex 75.41608019013117 -18.453618244380536 22
    endloop
  endfacet
  facet normal 0.4305110968082953 -0.9025852843498604 0
    outer loop
      vertex 75.41608019013117 -18.453618244380536 0
      vertex 76.37060809473884 -17.998331788605032 0
      vertex 76.37060809473884 -17.998331788605032 22
    endloop
  endfacet
  facet normal 0.47715876025961124 -0.8788171126619639 0
    outer loop
      vertex 76.37060809473884 -17.998331788605032 0
      vertex 77.3 -17.493713156445658 0
      vertex 77.3 -17.493713156445658 22
    endloop
  endfacet
  facet normal 0.5224985647159432 -0.8526401643540956 0
    outer loop
      vertex 77.3 -17.493713156445658 0
      vertex 78.20170850730355 -16.941145472497567 0
      vertex 78.20170850730355 -16.941145472497567 22
    endloop
  endfacet
  facet normal 0.5664062369248365 -0.8241261886220131 0
    outer loop
      vertex 78.20170850730355 -16.941145472497567 0
      vertex 79.07326209630796 -16.342143286373936 0
      vertex 79.07326209630796 -16.342143286373936 22
    endloop
  endfacet
  facet normal 0.6087614290087204 -0.7933533402912353 0
    outer loop
      vertex 79.07326209630796 -16.342143286373936 0
      vertex 79.91227189920671 -15.698348421430811 0
      vertex 79.91227189920671 -15.698348421430811 22
    endloop
  endfacet
  facet normal 0.6494480483301818 -0.7604059656000326 0
    outer loop
      vertex 79.91227189920671 -15.698348421430811 0
      vertex 80.71643824844894 -15.011525474643364 0
      vertex 80.71643824844894 -15.011525474643364 22
    endloop
  endfacet
  facet normal 0.6883545756937567 -0.7253743710122851 0
    outer loop
      vertex 80.71643824844894 -15.011525474643364 0
      vertex 81.48355697996826 -14.28355697996826 0
      vertex 81.48355697996826 -14.28355697996826 22
    endloop
  endfacet
  facet normal 0.7253743710122849 -0.6883545756937569 0
    outer loop
      vertex 81.48355697996826 -14.28355697996826 0
      vertex 82.21152547464337 -13.516438248448935 0
      vertex 81.48355697996826 -14.28355697996826 22
    endloop
  endfacet
  facet normal 0.7604059656000327 -0.6494480483301813 0
    outer loop
      vertex 82.21152547464337 -13.516438248448935 0
      vertex 82.89834842143081 -12.712271899206716 0
      vertex 82.21152547464337 -13.516438248448935 22
    endloop
  endfacet
  facet normal 0.7933533402912321 -0.6087614290087247 0
    outer loop
      vertex 82.89834842143081 -12.712271899206716 0
      vertex 83.54214328637394 -11.873262096307958 0
      vertex 82.89834842143081 -12.712271899206716 22
    endloop
  endfacet
  facet normal 0.8241261886220208 -0.5664062369248254 0
    outer loop
      vertex 83.54214328637394 -11.873262096307958 0
      vertex 83.7418309582398 -11.582714730828545 0
      vertex 83.7418309582398 -11.582714730828545 22
    endloop
  endfacet
  facet normal -0.47715876025961124 -0.8788171126619639 0
    outer loop
      vertex 57.1 -17.493713156445658 0
      vertex 58.02939190526116 -17.998331788605032 22
      vertex 57.1 -17.493713156445658 22
    endloop
  endfacet
  facet normal -0.43051109680829264 -0.9025852843498616 0
    outer loop
      vertex 58.02939190526116 -17.998331788605032 0
      vertex 58.98391980986884 -18.453618244380536 22
      vertex 58.02939190526116 -17.998331788605032 22
    endloop
  endfacet
  facet normal -0.5224985647159457 -0.8526401643540942 0
    outer loop
      vertex 57 -17.432433077631664 0
      vertex 57.1 -17.493713156445658 22
      vertex 57 -17.432433077631664 22
    endloop
  endfacet
  facet normal -0.3826834323650927 -0.9238795325112854 0
    outer loop
      vertex 58.98391980986884 -18.453618244380536 0
      vertex 59.96096741918493 -18.858324615243475 22
      vertex 58.98391980986884 -18.453618244380536 22
    endloop
  endfacet
  facet normal -0.3338068592337692 -0.942641491092179 0
    outer loop
      vertex 59.96096741918493 -18.858324615243475 0
      vertex 60.95785671362606 -19.2113416291621 22
      vertex 59.96096741918493 -18.858324615243475 22
    endloop
  endfacet
  facet normal -0.2840153447039237 -0.9588197348681927 0
    outer loop
      vertex 60.95785671362606 -19.2113416291621 0
      vertex 61.97185528892908 -19.51170169103918 22
      vertex 60.95785671362606 -19.2113416291621 22
    endloop
  endfacet
  facet normal -0.23344536385590575 -0.9723699203976766 0
    outer loop
      vertex 61.97185528892908 -19.51170169103918 0
      vertex 63.00018384548126 -19.758581534822873 22
      vertex 61.97185528892908 -19.51170169103918 22
    endloop
  endfacet
  facet normal -0.18223552549214836 -0.9832549075639545 0
    outer loop
      vertex 63.00018384548126 -19.758581534822873 0
      vertex 64.04002380618734 -19.951304480021783 22
      vertex 63.00018384548126 -19.758581534822873 22
    endloop
  endfacet
  facet normal -0.13052619222005027 -0.9914448613738107 0
    outer loop
      vertex 64.04002380618734 -19.951304480021783 0
      vertex 65.08852504199339 -20.08934228643912 22
      vertex 64.04002380618734 -19.951304480021783 22
    endloop
  endfacet
  facet normal -0.07845909572784297 -0.9969173337331281 0
    outer loop
      vertex 65.08852504199339 -20.08934228643912 0
      vertex 66.14281368389254 -20.17231660204239 22
      vertex 65.08852504199339 -20.08934228643912 22
    endloop
  endfacet
  facet normal -0.026176948307875047 -0.9996573249755573 0
    outer loop
      vertex 66.14281368389254 -20.17231660204239 0
      vertex 67.2 -20.2 22
      vertex 66.14281368389254 -20.17231660204239 22
    endloop
  endfacet
  facet normal 0.026176948307875047 -0.9996573249755573 0
    outer loop
      vertex 67.2 -20.2 0
      vertex 68.25718631610746 -20.17231660204239 22
      vertex 67.2 -20.2 22
    endloop
  endfacet
  facet normal 0.07845909572784403 -0.9969173337331281 0
    outer loop
      vertex 68.25718631610746 -20.17231660204239 0
      vertex 69.3114749580066 -20.08934228643912 22
      vertex 68.25718631610746 -20.17231660204239 22
    endloop
  endfacet
  facet normal 0.13052619222005027 -0.9914448613738107 0
    outer loop
      vertex 69.3114749580066 -20.08934228643912 0
      vertex 70.35997619381266 -19.951304480021783 22
      vertex 69.3114749580066 -20.08934228643912 22
    endloop
  endfacet
  facet normal 0.18223552549214836 -0.9832549075639545 0
    outer loop
      vertex 70.35997619381266 -19.951304480021783 0
      vertex 71.39981615451873 -19.758581534822873 22
      vertex 70.35997619381266 -19.951304480021783 22
    endloop
  endfacet
  facet normal 0.23344536385590575 -0.9723699203976766 0
    outer loop
      vertex 71.39981615451873 -19.758581534822873 0
      vertex 72.42814471107091 -19.51170169103918 22
      vertex 71.39981615451873 -19.758581534822873 22
    endloop
  endfacet
  facet normal 0.2840153447039237 -0.9588197348681927 0
    outer loop
      vertex 72.42814471107091 -19.51170169103918 0
      vertex 73.44214328637393 -19.2113416291621 22
      vertex 72.42814471107091 -19.51170169103918 22
    endloop
  endfacet
  facet normal 0.33380685923376713 -0.9426414910921798 0
    outer loop
      vertex 73.44214328637393 -19.2113416291621 0
      vertex 74.43903258081507 -18.858324615243475 22
      vertex 73.44214328637393 -19.2113416291621 22
    endloop
  endfacet
  facet normal 0.3826834323650904 -0.9238795325112865 0
    outer loop
      vertex 74.43903258081507 -18.858324615243475 0
      vertex 75.41608019013117 -18.453618244380536 22
      vertex 74.43903258081507 -18.858324615243475 22
    endloop
  endfacet
  facet normal 0.4305110968082953 -0.9025852843498604 0
    outer loop
      vertex 75.41608019013117 -18.453618244380536 0
      vertex 76.37060809473884 -17.998331788605032 22
      vertex 75.41608019013117 -18.453618244380536 22
    endloop
  endfacet
  facet normal 0.47715876025961124 -0.8788171126619639 0
    outer loop
      vertex 76.37060809473884 -17.998331788605032 0
      vertex 77.3 -17.493713156445658 22
      vertex 76.37060809473884 -17.998331788605032 22
    endloop
  endfacet
  facet normal 0.5224985647159432 -0.8526401643540956 0
    outer loop
      vertex 77.3 -17.493713156445658 0
      vertex 78.20170850730355 -16.941145472497567 22
      vertex 77.3 -17.493713156445658 22
    endloop
  endfacet
  facet normal 0.5664062369248365 -0.8241261886220131 0
    outer loop
      vertex 78.20170850730355 -16.941145472497567 0
      vertex 79.07326209630796 -16.342143286373936 22
      vertex 78.20170850730355 -16.941145472497567 22
    endloop
  endfacet
  facet normal 0.6087614290087204 -0.7933533402912353 0
    outer loop
      vertex 79.07326209630796 -16.342143286373936 0
      vertex 79.91227189920671 -15.698348421430811 22
      vertex 79.07326209630796 -16.342143286373936 22
    endloop
  endfacet
  facet normal 0.6494480483301818 -0.7604059656000326 0
    outer loop
      vertex 79.91227189920671 -15.698348421430811 0
      vertex 80.71643824844894 -15.011525474643364 22
      vertex 79.91227189920671 -15.698348421430811 22
    endloop
  endfacet
  facet normal 0.6883545756937567 -0.7253743710122851 0
    outer loop
      vertex 80.71643824844894 -15.011525474643364 0
      vertex 81.48355697996826 -14.28355697996826 22
      vertex 80.71643824844894 -15.011525474643364 22
    endloop
  endfacet
  facet normal 0.7253743710122849 -0.6883545756937569 0
    outer loop
      vertex 82.21152547464337 -13.516438248448935 0
      vertex 82.21152547464337 -13.516438248448935 22
      vertex 81.48355697996826 -14.28355697996826 22
    endloop
  endfacet
  facet normal 0.7604059656000327 -0.6494480483301813 0
    outer loop
      vertex 82.89834842143081 -12.712271899206716 0
      vertex 82.89834842143081 -12.712271899206716 22
      vertex 82.21152547464337 -13.516438248448935 22
    endloop
  endfacet
  facet normal 0.7933533402912321 -0.6087614290087247 0
    outer loop
      vertex 83.54214328637394 -11.873262096307958 0
      vertex 83.54214328637394 -11.873262096307958 22
      vertex 82.89834842143081 -12.712271899206716 22
    endloop
  endfacet
  facet normal 0.8241261886220208 -0.5664062369248254 0
    outer loop
      vertex 83.54214328637394 -11.873262096307958 0
      vertex 83.7418309582398 -11.582714730828545 22
      vertex 83.54214328637394 -11.873262096307958 22
    endloop
  endfacet
  facet normal 0 0 1
    outer loop
      vertex 58.98391980986884 -18.453618244380536 22
      vertex 59.96096741918493 -18.858324615243475 22
      vertex 59.1 -14.029611541307904 22
    endloop
  endfacet
  facet normal 0 0 1
    outer loop
      vertex 59.96096741918493 -18.858324615243475 22
      vertex 60.95785671362606 -19.2113416291621 22
      vertex 60.610866382172034 -14.799436413810133 22
    endloop
  endfacet
  facet normal 0 0 1
    outer loop
      vertex 60.95785671362606 -19.2113416291621 22
      vertex 61.97185528892908 -19.51170169103918 22
      vertex 61.394439217366134 -15.124002909254667 22
    endloop
  endfacet
  facet normal 0 0 1
    outer loop
      vertex 58.02939190526116 -17.998331788605032 22
      vertex 57.677878912861935 -13.106075308874148 22
      vertex 57.1 -17.493713156445658 22
    endloop
  endfacet
  facet normal 0 0 1
    outer loop
      vertex 57 -17.432433077631664 22
      vertex 57.1 -17.493713156445658 22
      vertex 56.875382236420634 -12.479052292553282 22
    endloop
  endfacet
  facet normal 0 0 1
    outer loop
      vertex 57.1 -17.493713156445658 22
      vertex 57.005009664992635 -12.589764575602928 22
      vertex 56.875382236420634 -12.479052292553282 22
    endloop
  endfacet
  facet normal 0 0 1
    outer loop
      vertex 57.1 -17.493713156445658 22
      vertex 57.677878912861935 -13.106075308874148 22
      vertex 57.005009664992635 -12.589764575602928 22
    endloop
  endfacet
  facet normal 0 0 1
    outer loop
      vertex 58.02939190526116 -17.998331788605032 22
      vertex 58.376847632756565 -13.586463200715869 22
      vertex 57.677878912861935 -13.106075308874148 22
    endloop
  endfacet
  facet normal 0 0 1
    outer loop
      vertex 58.02939190526116 -17.998331788605032 22
      vertex 58.98391980986884 -18.453618244380536 22
      vertex 58.376847632756565 -13.586463200715869 22
    endloop
  endfacet
  facet normal 0 0 1
    outer loop
      vertex 59.96096741918493 -18.858324615243475 22
      vertex 60.610866382172034 -14.799436413810133 22
      vertex 59.845353904219344 -14.43430569185156 22
    endloop
  endfacet
  facet normal 0 0 1
    outer loop
      vertex 58.98391980986884 -18.453618244380536 22
      vertex 59.1 -14.029611541307904 22
      vertex 58.376847632756565 -13.586463200715869 22
    endloop
  endfacet
  facet normal 0 0 1
    outer loop
      vertex 59.96096741918493 -18.858324615243475 22
      vertex 59.845353904219344 -14.43430569185156 22
      vertex 59.1 -14.029611541307904 22
    endloop
  endfacet
  facet normal 0 0 1
    outer loop
      vertex 60.95785671362606 -19.2113416291621 22
      vertex 61.394439217366134 -15.124002909254667 22
      vertex 60.610866382172034 -14.799436413810133 22
    endloop
  endfacet
  facet normal 0 0 1
    outer loop
      vertex 61.97185528892908 -19.51170169103918 22
      vertex 62.19392469112585 -15.407115563981487 22
      vertex 61.394439217366134 -15.124002909254667 22
    endloop
  endfacet
  facet normal 0 0 1
    outer loop
      vertex 63.00018384548126 -19.758581534822873 22
      vertex 64.04002380618734 -19.951304480021783 22
      vertex 63.8318306087523 -15.84599113188765 22
    endloop
  endfacet
  facet normal 0 0 1
    outer loop
      vertex 64.04002380618734 -19.951304480021783 22
      vertex 65.08852504199339 -20.08934228643912 22
      vertex 64.66576166634826 -16.00055111764123 22
    endloop
  endfacet
  facet normal 0 0 1
    outer loop
      vertex 65.08852504199339 -20.08934228643912 22
      vertex 66.14281368389254 -20.17231660204239 22
      vertex 65.50663889506401 -16.111254704966026 22
    endloop
  endfacet
  facet normal 0 0 1
    outer loop
      vertex 61.97185528892908 -19.51170169103918 22
      vertex 63.00018384548126 -19.758581534822873 22
      vertex 62.19392469112585 -15.407115563981487 22
    endloop
  endfacet
  facet normal 0 0 1
    outer loop
      vertex 63.00018384548126 -19.758581534822873 22
      vertex 63.007131469339164 -15.647998385882905 22
      vertex 62.19392469112585 -15.407115563981487 22
    endloop
  endfacet
  facet normal 0 0 1
    outer loop
      vertex 63.00018384548126 -19.758581534822873 22
      vertex 63.8318306087523 -15.84599113188765 22
      vertex 63.007131469339164 -15.647998385882905 22
    endloop
  endfacet
  facet normal 0 0 1
    outer loop
      vertex 64.04002380618734 -19.951304480021783 22
      vertex 64.66576166634826 -16.00055111764123 22
      vertex 63.8318306087523 -15.84599113188765 22
    endloop
  endfacet
  facet normal 0 0 1
    outer loop
      vertex 65.08852504199339 -20.08934228643912 22
      vertex 65.50663889506401 -16.111254704966026 22
      vertex 64.66576166634826 -16.00055111764123 22
    endloop
  endfacet
  facet normal 0 0 1
    outer loop
      vertex 66.14281368389254 -20.17231660204239 22
      vertex 67.2 -20.2 22
      vertex 66.35215750886431 -16.177798463024097 22
    endloop
  endfacet
  facet normal 0 0 1
    outer loop
      vertex 67.2 -20.2 22
      vertex 68.25718631610746 -20.17231660204239 22
      vertex 68.0478424911357 -16.177798463024097 22
    endloop
  endfacet
  facet normal 0 0 1
    outer loop
      vertex 68.25718631610746 -20.17231660204239 22
      vertex 69.3114749580066 -20.08934228643912 22
      vertex 68.0478424911357 -16.177798463024097 22
    endloop
  endfacet
  facet normal 0 0 1
    outer loop
      vertex 66.14281368389254 -20.17231660204239 22
      vertex 66.35215750886431 -16.177798463024097 22
      vertex 65.50663889506401 -16.111254704966026 22
    endloop
  endfacet
  facet normal 0 0 1
    outer loop
      vertex 67.2 -20.2 22
      vertex 67.2 -16.2 22
      vertex 66.35215750886431 -16.177798463024097 22
    endloop
  endfacet
  facet normal 0 0 1
    outer loop
      vertex 67.2 -20.2 22
      vertex 68.0478424911357 -16.177798463024097 22
      vertex 67.2 -16.2 22
    endloop
  endfacet
  facet normal 0 0 1
    outer loop
      vertex 69.3114749580066 -20.08934228643912 22
      vertex 68.89336110493599 -16.111254704966026 22
      vertex 68.0478424911357 -16.177798463024097 22
    endloop
  endfacet
  facet normal 0 0 1
    outer loop
      vertex 69.3114749580066 -20.08934228643912 22
      vertex 70.35997619381266 -19.951304480021783 22
      vertex 68.89336110493599 -16.111254704966026 22
    endloop
  endfacet
  facet normal 0 0 1
    outer loop
      vertex 70.35997619381266 -19.951304480021783 22
      vertex 71.39981615451873 -19.758581534822873 22
      vertex 69.73423833365175 -16.00055111764123 22
    endloop
  endfacet
  facet normal 0 0 1
    outer loop
      vertex 70.35997619381266 -19.951304480021783 22
      vertex 69.73423833365175 -16.00055111764123 22
      vertex 68.89336110493599 -16.111254704966026 22
    endloop
  endfacet
  facet normal 0 0 1
    outer loop
      vertex 71.39981615451873 -19.758581534822873 22
      vertex 70.5681693912477 -15.84599113188765 22
      vertex 69.73423833365175 -16.00055111764123 22
    endloop
  endfacet
  facet normal 0 0 1
    outer loop
      vertex 71.39981615451873 -19.758581534822873 22
      vertex 72.42814471107091 -19.51170169103918 22
      vertex 71.39286853066083 -15.647998385882905 22
    endloop
  endfacet
  facet normal 0 0 1
    outer loop
      vertex 72.42814471107091 -19.51170169103918 22
      vertex 73.44214328637393 -19.2113416291621 22
      vertex 72.20607530887415 -15.407115563981487 22
    endloop
  endfacet
  facet normal 0 0 1
    outer loop
      vertex 71.39981615451873 -19.758581534822873 22
      vertex 71.39286853066083 -15.647998385882905 22
      vertex 70.5681693912477 -15.84599113188765 22
    endloop
  endfacet
  facet normal 0 0 1
    outer loop
      vertex 72.42814471107091 -19.51170169103918 22
      vertex 72.20607530887415 -15.407115563981487 22
      vertex 71.39286853066083 -15.647998385882905 22
    endloop
  endfacet
  facet normal 0 0 1
    outer loop
      vertex 73.44214328637393 -19.2113416291621 22
      vertex 74.43903258081507 -18.858324615243475 22
      vertex 73.00556078263386 -15.124002909254667 22
    endloop
  endfacet
  facet normal 0 0 1
    outer loop
      vertex 74.43903258081507 -18.858324615243475 22
      vertex 75.41608019013117 -18.453618244380536 22
      vertex 73.78913361782796 -14.799436413810133 22
    endloop
  endfacet
  facet normal 0 0 1
    outer loop
      vertex 75.41608019013117 -18.453618244380536 22
      vertex 76.37060809473884 -17.998331788605032 22
      vertex 75.3 -14.029611541307904 22
    endloop
  endfacet
  facet normal 0 0 1
    outer loop
      vertex 73.44214328637393 -19.2113416291621 22
      vertex 73.00556078263386 -15.124002909254667 22
      vertex 72.20607530887415 -15.407115563981487 22
    endloop
  endfacet
  facet normal 0 0 1
    outer loop
      vertex 74.43903258081507 -18.858324615243475 22
      vertex 73.78913361782796 -14.799436413810133 22
      vertex 73.00556078263386 -15.124002909254667 22
    endloop
  endfacet
  facet normal 0 0 1
    outer loop
      vertex 75.41608019013117 -18.453618244380536 22
      vertex 74.55464609578065 -14.43430569185156 22
      vertex 73.78913361782796 -14.799436413810133 22
    endloop
  endfacet
  facet normal 0 0 1
    outer loop
      vertex 75.41608019013117 -18.453618244380536 22
      vertex 75.3 -14.029611541307904 22
      vertex 74.55464609578065 -14.43430569185156 22
    endloop
  endfacet
  facet normal 0 0 1
    outer loop
      vertex 76.37060809473884 -17.998331788605032 22
      vertex 76.02315236724344 -13.586463200715869 22
      vertex 75.3 -14.029611541307904 22
    endloop
  endfacet
  facet normal 0 0 1
    outer loop
      vertex 76.37060809473884 -17.998331788605032 22
      vertex 77.3 -17.493713156445658 22
      vertex 76.02315236724344 -13.586463200715869 22
    endloop
  endfacet
  facet normal 0 0 1
    outer loop
      vertex 77.3 -17.493713156445658 22
      vertex 78.20170850730355 -16.941145472497567 22
      vertex 76.72212108713806 -13.106075308874148 22
    endloop
  endfacet
  facet normal 0 0 1
    outer loop
      vertex 78.20170850730355 -16.941145472497567 22
      vertex 79.07326209630796 -16.342143286373936 22
      vertex 78.0399158230135 -12.038946172733786 22
    endloop
  endfacet
  facet normal 0 0 1
    outer loop
      vertex 77.3 -17.493713156445658 22
      vertex 76.72212108713806 -13.106075308874148 22
      vertex 76.02315236724344 -13.586463200715869 22
    endloop
  endfacet
  facet normal 0 0 1
    outer loop
      vertex 78.20170850730355 -16.941145472497567 22
      vertex 77.39499033500736 -12.589764575602928 22
      vertex 76.72212108713806 -13.106075308874148 22
    endloop
  endfacet
  facet normal 0 0 1
    outer loop
      vertex 78.20170850730355 -16.941145472497567 22
      vertex 78.0399158230135 -12.038946172733786 22
      vertex 77.39499033500736 -12.589764575602928 22
    endloop
  endfacet
  facet normal 0 0 1
    outer loop
      vertex 79.07326209630796 -16.342143286373936 22
      vertex 79.91227189920671 -15.698348421430811 22
      vertex 78.65512985522207 -11.45512985522207 22
    endloop
  endfacet
  facet normal 0 0 1
    outer loop
      vertex 79.91227189920671 -15.698348421430811 22
      vertex 80.71643824844894 -15.011525474643364 22
      vertex 79.78976457560293 -10.194990335007365 22
    endloop
  endfacet
  facet normal 0 0 1
    outer loop
      vertex 79.07326209630796 -16.342143286373936 22
      vertex 78.65512985522207 -11.45512985522207 22
      vertex 78.0399158230135 -12.038946172733786 22
    endloop
  endfacet
  facet normal 0 0 1
    outer loop
      vertex 79.91227189920671 -15.698348421430811 22
      vertex 79.23894617273379 -10.839915823013502 22
      vertex 78.65512985522207 -11.45512985522207 22
    endloop
  endfacet
  facet normal 0 0 1
    outer loop
      vertex 79.91227189920671 -15.698348421430811 22
      vertex 79.78976457560293 -10.194990335007365 22
      vertex 79.23894617273379 -10.839915823013502 22
    endloop
  endfacet
  facet normal 0 0 1
    outer loop
      vertex 80.71643824844894 -15.011525474643364 22
      vertex 81.48355697996826 -14.28355697996826 22
      vertex 80.46622086749925 -9.289107853436754 22
    endloop
  endfacet
  facet normal 0 0 1
    outer loop
      vertex 80.71643824844894 -15.011525474643364 22
      vertex 80.30607530887414 -9.522121087138064 22
      vertex 79.78976457560293 -10.194990335007365 22
    endloop
  endfacet
  facet normal 0 0 1
    outer loop
      vertex 81.48355697996826 -14.28355697996826 22
      vertex 82.21152547464337 -13.516438248448935 22
      vertex 80.46622086749925 -9.289107853436754 22
    endloop
  endfacet
  facet normal 0 0 1
    outer loop
      vertex 82.21152547464337 -13.516438248448935 22
      vertex 82.89834842143081 -12.712271899206716 22
      vertex 80.46622086749925 -9.289107853436754 22
    endloop
  endfacet
  facet normal 0 0 1
    outer loop
      vertex 80.71643824844894 -15.011525474643364 22
      vertex 80.46622086749925 -9.289107853436754 22
      vertex 80.30607530887414 -9.522121087138064 22
    endloop
  endfacet
  facet normal 0 0 1
    outer loop
      vertex 82.89834842143081 -12.712271899206716 22
      vertex 83.54214328637394 -11.873262096307958 22
      vertex 80.46622086749925 -9.289107853436754 22
    endloop
  endfacet
  facet normal 0 0 1
    outer loop
      vertex 83.54214328637394 -11.873262096307958 22
      vertex 83.7418309582398 -11.582714730828545 22
      vertex 80.46622086749925 -9.289107853436754 22
    endloop
  endfacet
  facet normal 0 0 -1
    outer loop
      vertex 57 13.674867226743114 0
      vertex 57.005009664992635 12.589764575602928 0
      vertex 57 12.585485917492075 0
    endloop
  endfacet
  facet normal 0 0 -1
    outer loop
      vertex 57 13.674867226743114 0
      vertex 57.1 17.493713156445658 0
      vertex 57.005009664992635 12.589764575602928 0
    endloop
  endfacet
  facet normal 0 0 -1
    outer loop
      vertex 57.1 17.493713156445658 0
      vertex 57.677878912861935 13.106075308874148 0
      vertex 57.005009664992635 12.589764575602928 0
    endloop
  endfacet
  facet normal 0 0 -1
    outer loop
      vertex 58.02939190526116 17.998331788605032 0
      vertex 58.376847632756565 13.586463200715869 0
      vertex 57.677878912861935 13.106075308874148 0
    endloop
  endfacet
  facet normal 0 0 -1
    outer loop
      vertex 57 13.674867226743114 0
      vertex 57 17.432433077631664 0
      vertex 57.1 17.493713156445658 0
    endloop
  endfacet
  facet normal 0 0 -1
    outer loop
      vertex 57.1 17.493713156445658 0
      vertex 58.02939190526116 17.998331788605032 0
      vertex 57.677878912861935 13.106075308874148 0
    endloop
  endfacet
  facet normal 0 0 -1
    outer loop
      vertex 58.98391980986884 18.453618244380536 0
      vertex 59.1 14.029611541307904 0
      vertex 58.376847632756565 13.586463200715869 0
    endloop
  endfacet
  facet normal 0 0 -1
    outer loop
      vertex 59.96096741918493 18.858324615243475 0
      vertex 59.845353904219344 14.43430569185156 0
      vertex 59.1 14.029611541307904 0
    endloop
  endfacet
  facet normal 0 0 -1
    outer loop
      vertex 58.02939190526116 17.998331788605032 0
      vertex 58.98391980986884 18.453618244380536 0
      vertex 58.376847632756565 13.586463200715869 0
    endloop
  endfacet
  facet normal 0 0 -1
    outer loop
      vertex 59.96096741918493 18.858324615243475 0
      vertex 60.610866382172034 14.799436413810133 0
      vertex 59.845353904219344 14.43430569185156 0
    endloop
  endfacet
  facet normal 0 0 -1
    outer loop
      vertex 58.98391980986884 18.453618244380536 0
      vertex 59.96096741918493 18.858324615243475 0
      vertex 59.1 14.029611541307904 0
    endloop
  endfacet
  facet normal 0 0 -1
    outer loop
      vertex 60.95785671362606 19.2113416291621 0
      vertex 61.394439217366134 15.124002909254667 0
      vertex 60.610866382172034 14.799436413810133 0
    endloop
  endfacet
  facet normal 0 0 -1
    outer loop
      vertex 61.97185528892908 19.51170169103918 0
      vertex 62.19392469112585 15.407115563981487 0
      vertex 61.394439217366134 15.124002909254667 0
    endloop
  endfacet
  facet normal 0 0 -1
    outer loop
      vertex 59.96096741918493 18.858324615243475 0
      vertex 60.95785671362606 19.2113416291621 0
      vertex 60.610866382172034 14.799436413810133 0
    endloop
  endfacet
  facet normal 0 0 -1
    outer loop
      vertex 60.95785671362606 19.2113416291621 0
      vertex 61.97185528892908 19.51170169103918 0
      vertex 61.394439217366134 15.124002909254667 0
    endloop
  endfacet
  facet normal 0 0 -1
    outer loop
      vertex 63.00018384548126 19.758581534822873 0
      vertex 63.007131469339164 15.647998385882905 0
      vertex 62.19392469112585 15.407115563981487 0
    endloop
  endfacet
  facet normal 0 0 -1
    outer loop
      vertex 63.00018384548126 19.758581534822873 0
      vertex 63.8318306087523 15.84599113188765 0
      vertex 63.007131469339164 15.647998385882905 0
    endloop
  endfacet
  facet normal 0 0 -1
    outer loop
      vertex 64.04002380618734 19.951304480021783 0
      vertex 64.66576166634826 16.00055111764123 0
      vertex 63.8318306087523 15.84599113188765 0
    endloop
  endfacet
  facet normal 0 0 -1
    outer loop
      vertex 65.08852504199339 20.08934228643912 0
      vertex 65.50663889506401 16.111254704966026 0
      vertex 64.66576166634826 16.00055111764123 0
    endloop
  endfacet
  facet normal 0 0 -1
    outer loop
      vertex 66.14281368389254 20.17231660204239 0
      vertex 66.35215750886431 16.177798463024097 0
      vertex 65.50663889506401 16.111254704966026 0
    endloop
  endfacet
  facet normal 0 0 -1
    outer loop
      vertex 67.2 20.2 0
      vertex 67.2 16.2 0
      vertex 66.35215750886431 16.177798463024097 0
    endloop
  endfacet
  facet normal 0 0 -1
    outer loop
      vertex 67.2 20.2 0
      vertex 68.0478424911357 16.177798463024097 0
      vertex 67.2 16.2 0
    endloop
  endfacet
  facet normal 0 0 -1
    outer loop
      vertex 69.3114749580066 20.08934228643912 0
      vertex 68.89336110493599 16.111254704966026 0
      vertex 68.0478424911357 16.177798463024097 0
    endloop
  endfacet
  facet normal 0 0 -1
    outer loop
      vertex 61.97185528892908 19.51170169103918 0
      vertex 63.00018384548126 19.758581534822873 0
      vertex 62.19392469112585 15.407115563981487 0
    endloop
  endfacet
  facet normal 0 0 -1
    outer loop
      vertex 63.00018384548126 19.758581534822873 0
      vertex 64.04002380618734 19.951304480021783 0
      vertex 63.8318306087523 15.84599113188765 0
    endloop
  endfacet
  facet normal 0 0 -1
    outer loop
      vertex 64.04002380618734 19.951304480021783 0
      vertex 65.08852504199339 20.08934228643912 0
      vertex 64.66576166634826 16.00055111764123 0
    endloop
  endfacet
  facet normal 0 0 -1
    outer loop
      vertex 65.08852504199339 20.08934228643912 0
      vertex 66.14281368389254 20.17231660204239 0
      vertex 65.50663889506401 16.111254704966026 0
    endloop
  endfacet
  facet normal 0 0 -1
    outer loop
      vertex 66.14281368389254 20.17231660204239 0
      vertex 67.2 20.2 0
      vertex 66.35215750886431 16.177798463024097 0
    endloop
  endfacet
  facet normal 0 0 -1
    outer loop
      vertex 67.2 20.2 0
      vertex 68.25718631610746 20.17231660204239 0
      vertex 68.0478424911357 16.177798463024097 0
    endloop
  endfacet
  facet normal 0 0 -1
    outer loop
      vertex 68.25718631610746 20.17231660204239 0
      vertex 69.3114749580066 20.08934228643912 0
      vertex 68.0478424911357 16.177798463024097 0
    endloop
  endfacet
  facet normal 0 0 -1
    outer loop
      vertex 79.91227189920671 15.698348421430811 0
      vertex 79.78976457560293 10.194990335007365 0
      vertex 79.23894617273379 10.839915823013502 0
    endloop
  endfacet
  facet normal 0 0 -1
    outer loop
      vertex 78.20170850730355 16.941145472497567 0
      vertex 78.0399158230135 12.038946172733786 0
      vertex 77.39499033500736 12.589764575602928 0
    endloop
  endfacet
  facet normal 0 0 -1
    outer loop
      vertex 78.20170850730355 16.941145472497567 0
      vertex 77.39499033500736 12.589764575602928 0
      vertex 76.72212108713806 13.106075308874148 0
    endloop
  endfacet
  facet normal 0 0 -1
    outer loop
      vertex 79.07326209630796 16.342143286373936 0
      vertex 78.65512985522207 11.45512985522207 0
      vertex 78.0399158230135 12.038946172733786 0
    endloop
  endfacet
  facet normal 0 0 -1
    outer loop
      vertex 79.91227189920671 15.698348421430811 0
      vertex 79.23894617273379 10.839915823013502 0
      vertex 78.65512985522207 11.45512985522207 0
    endloop
  endfacet
  facet normal 0 0 -1
    outer loop
      vertex 80.71643824844894 15.011525474643364 0
      vertex 80.46622086749925 9.289107853436754 0
      vertex 80.30607530887414 9.522121087138064 0
    endloop
  endfacet
  facet normal 0 0 -1
    outer loop
      vertex 80.71643824844894 15.011525474643364 0
      vertex 80.30607530887414 9.522121087138064 0
      vertex 79.78976457560293 10.194990335007365 0
    endloop
  endfacet
  facet normal 0 0 -1
    outer loop
      vertex 82.21152547464337 13.516438248448935 0
      vertex 82.89834842143081 12.712271899206716 0
      vertex 80.46622086749925 9.289107853436754 0
    endloop
  endfacet
  facet normal 0 0 -1
    outer loop
      vertex 81.48355697996826 14.28355697996826 0
      vertex 82.21152547464337 13.516438248448935 0
      vertex 80.46622086749925 9.289107853436754 0
    endloop
  endfacet
  facet normal 0 0 -1
    outer loop
      vertex 83.54214328637394 11.873262096307958 0
      vertex 83.7418309582398 11.582714730828545 0
      vertex 80.46622086749925 9.289107853436754 0
    endloop
  endfacet
  facet normal 0 0 -1
    outer loop
      vertex 83.54214328637394 11.873262096307958 0
      vertex 80.46622086749925 9.289107853436754 0
      vertex 82.89834842143081 12.712271899206716 0
    endloop
  endfacet
  facet normal 0 0 -1
    outer loop
      vertex 80.71643824844894 15.011525474643364 0
      vertex 81.48355697996826 14.28355697996826 0
      vertex 80.46622086749925 9.289107853436754 0
    endloop
  endfacet
  facet normal 0 0 -1
    outer loop
      vertex 80.71643824844894 15.011525474643364 0
      vertex 79.78976457560293 10.194990335007365 0
      vertex 79.91227189920671 15.698348421430811 0
    endloop
  endfacet
  facet normal 0 0 -1
    outer loop
      vertex 70.35997619381266 19.951304480021783 0
      vertex 69.73423833365175 16.00055111764123 0
      vertex 68.89336110493599 16.111254704966026 0
    endloop
  endfacet
  facet normal 0 0 -1
    outer loop
      vertex 71.39981615451873 19.758581534822873 0
      vertex 70.5681693912477 15.84599113188765 0
      vertex 69.73423833365175 16.00055111764123 0
    endloop
  endfacet
  facet normal 0 0 -1
    outer loop
      vertex 72.42814471107091 19.51170169103918 0
      vertex 72.20607530887415 15.407115563981487 0
      vertex 71.39286853066083 15.647998385882905 0
    endloop
  endfacet
  facet normal 0 0 -1
    outer loop
      vertex 73.44214328637393 19.2113416291621 0
      vertex 73.00556078263386 15.124002909254667 0
      vertex 72.20607530887415 15.407115563981487 0
    endloop
  endfacet
  facet normal 0 0 -1
    outer loop
      vertex 71.39981615451873 19.758581534822873 0
      vertex 71.39286853066083 15.647998385882905 0
      vertex 70.5681693912477 15.84599113188765 0
    endloop
  endfacet
  facet normal 0 0 -1
    outer loop
      vertex 75.41608019013117 18.453618244380536 0
      vertex 74.55464609578065 14.43430569185156 0
      vertex 73.78913361782796 14.799436413810133 0
    endloop
  endfacet
  facet normal 0 0 -1
    outer loop
      vertex 75.41608019013117 18.453618244380536 0
      vertex 75.3 14.029611541307904 0
      vertex 74.55464609578065 14.43430569185156 0
    endloop
  endfacet
  facet normal 0 0 -1
    outer loop
      vertex 76.37060809473884 17.998331788605032 0
      vertex 76.02315236724344 13.586463200715869 0
      vertex 75.3 14.029611541307904 0
    endloop
  endfacet
  facet normal 0 0 -1
    outer loop
      vertex 74.43903258081507 18.858324615243475 0
      vertex 73.78913361782796 14.799436413810133 0
      vertex 73.00556078263386 15.124002909254667 0
    endloop
  endfacet
  facet normal 0 0 -1
    outer loop
      vertex 74.43903258081507 18.858324615243475 0
      vertex 73.00556078263386 15.124002909254667 0
      vertex 73.44214328637393 19.2113416291621 0
    endloop
  endfacet
  facet normal 0 0 -1
    outer loop
      vertex 74.43903258081507 18.858324615243475 0
      vertex 75.41608019013117 18.453618244380536 0
      vertex 73.78913361782796 14.799436413810133 0
    endloop
  endfacet
  facet normal 0 0 -1
    outer loop
      vertex 75.41608019013117 18.453618244380536 0
      vertex 76.37060809473884 17.998331788605032 0
      vertex 75.3 14.029611541307904 0
    endloop
  endfacet
  facet normal 0 0 -1
    outer loop
      vertex 70.35997619381266 19.951304480021783 0
      vertex 71.39981615451873 19.758581534822873 0
      vertex 69.73423833365175 16.00055111764123 0
    endloop
  endfacet
  facet normal 0 0 -1
    outer loop
      vertex 69.3114749580066 20.08934228643912 0
      vertex 70.35997619381266 19.951304480021783 0
      vertex 68.89336110493599 16.111254704966026 0
    endloop
  endfacet
  facet normal 0 0 -1
    outer loop
      vertex 71.39981615451873 19.758581534822873 0
      vertex 72.42814471107091 19.51170169103918 0
      vertex 71.39286853066083 15.647998385882905 0
    endloop
  endfacet
  facet normal 0 0 -1
    outer loop
      vertex 72.42814471107091 19.51170169103918 0
      vertex 73.44214328637393 19.2113416291621 0
      vertex 72.20607530887415 15.407115563981487 0
    endloop
  endfacet
  facet normal 0 0 -1
    outer loop
      vertex 77.3 17.493713156445658 0
      vertex 76.72212108713806 13.106075308874148 0
      vertex 76.02315236724344 13.586463200715869 0
    endloop
  endfacet
  facet normal 0 0 -1
    outer loop
      vertex 77.3 17.493713156445658 0
      vertex 78.20170850730355 16.941145472497567 0
      vertex 76.72212108713806 13.106075308874148 0
    endloop
  endfacet
  facet normal 0 0 -1
    outer loop
      vertex 79.07326209630796 16.342143286373936 0
      vertex 79.91227189920671 15.698348421430811 0
      vertex 78.65512985522207 11.45512985522207 0
    endloop
  endfacet
  facet normal 0 0 -1
    outer loop
      vertex 78.20170850730355 16.941145472497567 0
      vertex 79.07326209630796 16.342143286373936 0
      vertex 78.0399158230135 12.038946172733786 0
    endloop
  endfacet
  facet normal 0 0 -1
    outer loop
      vertex 77.3 17.493713156445658 0
      vertex 76.02315236724344 13.586463200715869 0
      vertex 76.37060809473884 17.998331788605032 0
    endloop
  endfacet
  facet normal -0.5224985647159457 0.8526401643540942 0
    outer loop
      vertex 57 17.432433077631664 0
      vertex 57 17.432433077631664 22
      vertex 57.1 17.493713156445658 0
    endloop
  endfacet
  facet normal -0.47715876025961124 0.8788171126619639 0
    outer loop
      vertex 57.1 17.493713156445658 0
      vertex 57.1 17.493713156445658 22
      vertex 58.02939190526116 17.998331788605032 0
    endloop
  endfacet
  facet normal -0.43051109680829264 0.9025852843498616 0
    outer loop
      vertex 58.02939190526116 17.998331788605032 0
      vertex 58.02939190526116 17.998331788605032 22
      vertex 58.98391980986884 18.453618244380536 0
    endloop
  endfacet
  facet normal -0.3826834323650927 0.9238795325112854 0
    outer loop
      vertex 58.98391980986884 18.453618244380536 0
      vertex 58.98391980986884 18.453618244380536 22
      vertex 59.96096741918493 18.858324615243475 0
    endloop
  endfacet
  facet normal -0.3338068592337692 0.942641491092179 0
    outer loop
      vertex 59.96096741918493 18.858324615243475 0
      vertex 59.96096741918493 18.858324615243475 22
      vertex 60.95785671362606 19.2113416291621 0
    endloop
  endfacet
  facet normal -0.2840153447039237 0.9588197348681927 0
    outer loop
      vertex 60.95785671362606 19.2113416291621 0
      vertex 60.95785671362606 19.2113416291621 22
      vertex 61.97185528892908 19.51170169103918 0
    endloop
  endfacet
  facet normal -0.23344536385590575 0.9723699203976766 0
    outer loop
      vertex 61.97185528892908 19.51170169103918 0
      vertex 61.97185528892908 19.51170169103918 22
      vertex 63.00018384548126 19.758581534822873 0
    endloop
  endfacet
  facet normal -0.18223552549214836 0.9832549075639545 0
    outer loop
      vertex 63.00018384548126 19.758581534822873 0
      vertex 63.00018384548126 19.758581534822873 22
      vertex 64.04002380618734 19.951304480021783 0
    endloop
  endfacet
  facet normal -0.13052619222005027 0.9914448613738107 0
    outer loop
      vertex 64.04002380618734 19.951304480021783 0
      vertex 64.04002380618734 19.951304480021783 22
      vertex 65.08852504199339 20.08934228643912 0
    endloop
  endfacet
  facet normal -0.07845909572784297 0.9969173337331281 0
    outer loop
      vertex 65.08852504199339 20.08934228643912 0
      vertex 65.08852504199339 20.08934228643912 22
      vertex 66.14281368389254 20.17231660204239 0
    endloop
  endfacet
  facet normal -0.026176948307875047 0.9996573249755573 0
    outer loop
      vertex 66.14281368389254 20.17231660204239 0
      vertex 66.14281368389254 20.17231660204239 22
      vertex 67.2 20.2 0
    endloop
  endfacet
  facet normal 0.026176948307875047 0.9996573249755573 0
    outer loop
      vertex 67.2 20.2 0
      vertex 67.2 20.2 22
      vertex 68.25718631610746 20.17231660204239 0
    endloop
  endfacet
  facet normal 0.07845909572784403 0.9969173337331281 0
    outer loop
      vertex 68.25718631610746 20.17231660204239 0
      vertex 68.25718631610746 20.17231660204239 22
      vertex 69.3114749580066 20.08934228643912 0
    endloop
  endfacet
  facet normal 0.8241261886220208 0.5664062369248254 0
    outer loop
      vertex 83.54214328637394 11.873262096307958 0
      vertex 83.54214328637394 11.873262096307958 22
      vertex 83.7418309582398 11.582714730828545 0
    endloop
  endfacet
  facet normal 0.7933533402912321 0.6087614290087247 0
    outer loop
      vertex 83.54214328637394 11.873262096307958 0
      vertex 82.89834842143081 12.712271899206716 0
      vertex 83.54214328637394 11.873262096307958 22
    endloop
  endfacet
  facet normal 0.7604059656000327 0.6494480483301813 0
    outer loop
      vertex 82.21152547464337 13.516438248448935 0
      vertex 82.89834842143081 12.712271899206716 22
      vertex 82.89834842143081 12.712271899206716 0
    endloop
  endfacet
  facet normal 0.7253743710122849 0.6883545756937569 0
    outer loop
      vertex 81.48355697996826 14.28355697996826 0
      vertex 82.21152547464337 13.516438248448935 22
      vertex 82.21152547464337 13.516438248448935 0
    endloop
  endfacet
  facet normal 0.2840153447039237 0.9588197348681927 0
    outer loop
      vertex 72.42814471107091 19.51170169103918 0
      vertex 72.42814471107091 19.51170169103918 22
      vertex 73.44214328637393 19.2113416291621 0
    endloop
  endfacet
  facet normal 0.13052619222005027 0.9914448613738107 0
    outer loop
      vertex 69.3114749580066 20.08934228643912 0
      vertex 69.3114749580066 20.08934228643912 22
      vertex 70.35997619381266 19.951304480021783 0
    endloop
  endfacet
  facet normal 0.18223552549214836 0.9832549075639545 0
    outer loop
      vertex 70.35997619381266 19.951304480021783 0
      vertex 70.35997619381266 19.951304480021783 22
      vertex 71.39981615451873 19.758581534822873 0
    endloop
  endfacet
  facet normal 0.23344536385590575 0.9723699203976766 0
    outer loop
      vertex 71.39981615451873 19.758581534822873 0
      vertex 71.39981615451873 19.758581534822873 22
      vertex 72.42814471107091 19.51170169103918 0
    endloop
  endfacet
  facet normal 0.33380685923376713 0.9426414910921798 0
    outer loop
      vertex 74.43903258081507 18.858324615243475 0
      vertex 73.44214328637393 19.2113416291621 0
      vertex 73.44214328637393 19.2113416291621 22
    endloop
  endfacet
  facet normal 0.4305110968082953 0.9025852843498604 0
    outer loop
      vertex 75.41608019013117 18.453618244380536 0
      vertex 75.41608019013117 18.453618244380536 22
      vertex 76.37060809473884 17.998331788605032 0
    endloop
  endfacet
  facet normal 0.3826834323650904 0.9238795325112865 0
    outer loop
      vertex 74.43903258081507 18.858324615243475 0
      vertex 74.43903258081507 18.858324615243475 22
      vertex 75.41608019013117 18.453618244380536 0
    endloop
  endfacet
  facet normal 0.5224985647159432 0.8526401643540956 0
    outer loop
      vertex 77.3 17.493713156445658 0
      vertex 77.3 17.493713156445658 22
      vertex 78.20170850730355 16.941145472497567 0
    endloop
  endfacet
  facet normal 0.5664062369248365 0.8241261886220131 0
    outer loop
      vertex 78.20170850730355 16.941145472497567 0
      vertex 78.20170850730355 16.941145472497567 22
      vertex 79.07326209630796 16.342143286373936 0
    endloop
  endfacet
  facet normal 0.6087614290087204 0.7933533402912353 0
    outer loop
      vertex 79.07326209630796 16.342143286373936 0
      vertex 79.07326209630796 16.342143286373936 22
      vertex 79.91227189920671 15.698348421430811 0
    endloop
  endfacet
  facet normal 0.6883545756937567 0.7253743710122851 0
    outer loop
      vertex 80.71643824844894 15.011525474643364 0
      vertex 80.71643824844894 15.011525474643364 22
      vertex 81.48355697996826 14.28355697996826 0
    endloop
  endfacet
  facet normal 0.6494480483301818 0.7604059656000326 0
    outer loop
      vertex 80.71643824844894 15.011525474643364 0
      vertex 79.91227189920671 15.698348421430811 0
      vertex 79.91227189920671 15.698348421430811 22
    endloop
  endfacet
  facet normal 0.47715876025961124 0.8788171126619639 0
    outer loop
      vertex 77.3 17.493713156445658 0
      vertex 76.37060809473884 17.998331788605032 0
      vertex 76.37060809473884 17.998331788605032 22
    endloop
  endfacet
  facet normal -0.5224985647159457 0.8526401643540942 0
    outer loop
      vertex 57.1 17.493713156445658 0
      vertex 57 17.432433077631664 22
      vertex 57.1 17.493713156445658 22
    endloop
  endfacet
  facet normal -0.47715876025961124 0.8788171126619639 0
    outer loop
      vertex 58.02939190526116 17.998331788605032 0
      vertex 57.1 17.493713156445658 22
      vertex 58.02939190526116 17.998331788605032 22
    endloop
  endfacet
  facet normal -0.43051109680829264 0.9025852843498616 0
    outer loop
      vertex 58.98391980986884 18.453618244380536 0
      vertex 58.02939190526116 17.998331788605032 22
      vertex 58.98391980986884 18.453618244380536 22
    endloop
  endfacet
  facet normal -0.3826834323650927 0.9238795325112854 0
    outer loop
      vertex 59.96096741918493 18.858324615243475 0
      vertex 58.98391980986884 18.453618244380536 22
      vertex 59.96096741918493 18.858324615243475 22
    endloop
  endfacet
  facet normal -0.3338068592337692 0.942641491092179 0
    outer loop
      vertex 60.95785671362606 19.2113416291621 0
      vertex 59.96096741918493 18.858324615243475 22
      vertex 60.95785671362606 19.2113416291621 22
    endloop
  endfacet
  facet normal -0.2840153447039237 0.9588197348681927 0
    outer loop
      vertex 61.97185528892908 19.51170169103918 0
      vertex 60.95785671362606 19.2113416291621 22
      vertex 61.97185528892908 19.51170169103918 22
    endloop
  endfacet
  facet normal -0.23344536385590575 0.9723699203976766 0
    outer loop
      vertex 63.00018384548126 19.758581534822873 0
      vertex 61.97185528892908 19.51170169103918 22
      vertex 63.00018384548126 19.758581534822873 22
    endloop
  endfacet
  facet normal -0.18223552549214836 0.9832549075639545 0
    outer loop
      vertex 64.04002380618734 19.951304480021783 0
      vertex 63.00018384548126 19.758581534822873 22
      vertex 64.04002380618734 19.951304480021783 22
    endloop
  endfacet
  facet normal -0.13052619222005027 0.9914448613738107 0
    outer loop
      vertex 64.04002380618734 19.951304480021783 22
      vertex 65.08852504199339 20.08934228643912 22
      vertex 65.08852504199339 20.08934228643912 0
    endloop
  endfacet
  facet normal -0.07845909572784297 0.9969173337331281 0
    outer loop
      vertex 66.14281368389254 20.17231660204239 0
      vertex 65.08852504199339 20.08934228643912 22
      vertex 66.14281368389254 20.17231660204239 22
    endloop
  endfacet
  facet normal -0.026176948307875047 0.9996573249755573 0
    outer loop
      vertex 67.2 20.2 0
      vertex 66.14281368389254 20.17231660204239 22
      vertex 67.2 20.2 22
    endloop
  endfacet
  facet normal 0.026176948307875047 0.9996573249755573 0
    outer loop
      vertex 68.25718631610746 20.17231660204239 0
      vertex 67.2 20.2 22
      vertex 68.25718631610746 20.17231660204239 22
    endloop
  endfacet
  facet normal 0.07845909572784403 0.9969173337331281 0
    outer loop
      vertex 69.3114749580066 20.08934228643912 0
      vertex 68.25718631610746 20.17231660204239 22
      vertex 69.3114749580066 20.08934228643912 22
    endloop
  endfacet
  facet normal 0.8241261886220208 0.5664062369248254 0
    outer loop
      vertex 83.54214328637394 11.873262096307958 22
      vertex 83.7418309582398 11.582714730828545 22
      vertex 83.7418309582398 11.582714730828545 0
    endloop
  endfacet
  facet normal 0.7933533402912321 0.6087614290087247 0
    outer loop
      vertex 82.89834842143081 12.712271899206716 0
      vertex 82.89834842143081 12.712271899206716 22
      vertex 83.54214328637394 11.873262096307958 22
    endloop
  endfacet
  facet normal 0.7253743710122849 0.6883545756937569 0
    outer loop
      vertex 81.48355697996826 14.28355697996826 0
      vertex 81.48355697996826 14.28355697996826 22
      vertex 82.21152547464337 13.516438248448935 22
    endloop
  endfacet
  facet normal 0.7604059656000327 0.6494480483301813 0
    outer loop
      vertex 82.21152547464337 13.516438248448935 0
      vertex 82.21152547464337 13.516438248448935 22
      vertex 82.89834842143081 12.712271899206716 22
    endloop
  endfacet
  facet normal 0.13052619222005027 0.9914448613738107 0
    outer loop
      vertex 70.35997619381266 19.951304480021783 0
      vertex 69.3114749580066 20.08934228643912 22
      vertex 70.35997619381266 19.951304480021783 22
    endloop
  endfacet
  facet normal 0.18223552549214836 0.9832549075639545 0
    outer loop
      vertex 71.39981615451873 19.758581534822873 0
      vertex 70.35997619381266 19.951304480021783 22
      vertex 71.39981615451873 19.758581534822873 22
    endloop
  endfacet
  facet normal 0.23344536385590575 0.9723699203976766 0
    outer loop
      vertex 72.42814471107091 19.51170169103918 0
      vertex 71.39981615451873 19.758581534822873 22
      vertex 72.42814471107091 19.51170169103918 22
    endloop
  endfacet
  facet normal 0.2840153447039237 0.9588197348681927 0
    outer loop
      vertex 73.44214328637393 19.2113416291621 0
      vertex 72.42814471107091 19.51170169103918 22
      vertex 73.44214328637393 19.2113416291621 22
    endloop
  endfacet
  facet normal 0.33380685923376713 0.9426414910921798 0
    outer loop
      vertex 74.43903258081507 18.858324615243475 0
      vertex 73.44214328637393 19.2113416291621 22
      vertex 74.43903258081507 18.858324615243475 22
    endloop
  endfacet
  facet normal 0.3826834323650904 0.9238795325112865 0
    outer loop
      vertex 75.41608019013117 18.453618244380536 0
      vertex 74.43903258081507 18.858324615243475 22
      vertex 75.41608019013117 18.453618244380536 22
    endloop
  endfacet
  facet normal 0.4305110968082953 0.9025852843498604 0
    outer loop
      vertex 76.37060809473884 17.998331788605032 0
      vertex 75.41608019013117 18.453618244380536 22
      vertex 76.37060809473884 17.998331788605032 22
    endloop
  endfacet
  facet normal 0.6087614290087204 0.7933533402912353 0
    outer loop
      vertex 79.91227189920671 15.698348421430811 0
      vertex 79.07326209630796 16.342143286373936 22
      vertex 79.91227189920671 15.698348421430811 22
    endloop
  endfacet
  facet normal 0.47715876025961124 0.8788171126619639 0
    outer loop
      vertex 77.3 17.493713156445658 0
      vertex 76.37060809473884 17.998331788605032 22
      vertex 77.3 17.493713156445658 22
    endloop
  endfacet
  facet normal 0.5224985647159432 0.8526401643540956 0
    outer loop
      vertex 78.20170850730355 16.941145472497567 0
      vertex 77.3 17.493713156445658 22
      vertex 78.20170850730355 16.941145472497567 22
    endloop
  endfacet
  facet normal 0.5664062369248365 0.8241261886220131 0
    outer loop
      vertex 79.07326209630796 16.342143286373936 0
      vertex 78.20170850730355 16.941145472497567 22
      vertex 79.07326209630796 16.342143286373936 22
    endloop
  endfacet
  facet normal 0.6883545756937567 0.7253743710122851 0
    outer loop
      vertex 81.48355697996826 14.28355697996826 0
      vertex 80.71643824844894 15.011525474643364 22
      vertex 81.48355697996826 14.28355697996826 22
    endloop
  endfacet
  facet normal 0.6494480483301818 0.7604059656000326 0
    outer loop
      vertex 80.71643824844894 15.011525474643364 0
      vertex 79.91227189920671 15.698348421430811 22
      vertex 80.71643824844894 15.011525474643364 22
    endloop
  endfacet
  facet normal 0 0 1
    outer loop
      vertex 56.198291492696455 14.434352212428509 22
      vertex 56.260922807856176 11.94484554704218 22
      vertex 56.3600841769865 12.038946172733786 22
    endloop
  endfacet
  facet normal 0 0 1
    outer loop
      vertex 56.198291492696455 14.434352212428509 22
      vertex 56.3600841769865 12.038946172733786 22
      vertex 57.005009664992635 12.589764575602928 22
    endloop
  endfacet
  facet normal 0 0 1
    outer loop
      vertex 56.198291492696455 14.434352212428509 22
      vertex 57.005009664992635 12.589764575602928 22
      vertex 57.677878912861935 13.106075308874148 22
    endloop
  endfacet
  facet normal 0 0 1
    outer loop
      vertex 56.198291492696455 14.434352212428509 22
      vertex 57.677878912861935 13.106075308874148 22
      vertex 57.1 17.493713156445658 22
    endloop
  endfacet
  facet normal 0 0 1
    outer loop
      vertex 57.1 17.493713156445658 22
      vertex 57.677878912861935 13.106075308874148 22
      vertex 58.376847632756565 13.586463200715869 22
    endloop
  endfacet
  facet normal 0 0 1
    outer loop
      vertex 56.198291492696455 14.434352212428509 22
      vertex 57 17.432433077631664 22
      vertex 56.99898979904178 17.431814025688286 22
    endloop
  endfacet
  facet normal 0 0 1
    outer loop
      vertex 56.198291492696455 14.434352212428509 22
      vertex 57.1 17.493713156445658 22
      vertex 57 17.432433077631664 22
    endloop
  endfacet
  facet normal 0 0 1
    outer loop
      vertex 57.1 17.493713156445658 22
      vertex 58.376847632756565 13.586463200715869 22
      vertex 58.02939190526116 17.998331788605032 22
    endloop
  endfacet
  facet normal 0 0 1
    outer loop
      vertex 58.02939190526116 17.998331788605032 22
      vertex 58.376847632756565 13.586463200715869 22
      vertex 59.1 14.029611541307904 22
    endloop
  endfacet
  facet normal 0 0 1
    outer loop
      vertex 58.98391980986884 18.453618244380536 22
      vertex 59.1 14.029611541307904 22
      vertex 59.845353904219344 14.43430569185156 22
    endloop
  endfacet
  facet normal 0 0 1
    outer loop
      vertex 58.98391980986884 18.453618244380536 22
      vertex 59.845353904219344 14.43430569185156 22
      vertex 60.610866382172034 14.799436413810133 22
    endloop
  endfacet
  facet normal 0 0 1
    outer loop
      vertex 58.02939190526116 17.998331788605032 22
      vertex 59.1 14.029611541307904 22
      vertex 58.98391980986884 18.453618244380536 22
    endloop
  endfacet
  facet normal 0 0 1
    outer loop
      vertex 58.98391980986884 18.453618244380536 22
      vertex 60.610866382172034 14.799436413810133 22
      vertex 59.96096741918493 18.858324615243475 22
    endloop
  endfacet
  facet normal 0 0 1
    outer loop
      vertex 59.96096741918493 18.858324615243475 22
      vertex 60.610866382172034 14.799436413810133 22
      vertex 61.394439217366134 15.124002909254667 22
    endloop
  endfacet
  facet normal 0 0 1
    outer loop
      vertex 60.95785671362606 19.2113416291621 22
      vertex 61.394439217366134 15.124002909254667 22
      vertex 62.19392469112585 15.407115563981487 22
    endloop
  endfacet
  facet normal 0 0 1
    outer loop
      vertex 59.96096741918493 18.858324615243475 22
      vertex 61.394439217366134 15.124002909254667 22
      vertex 60.95785671362606 19.2113416291621 22
    endloop
  endfacet
  facet normal 0 0 1
    outer loop
      vertex 60.95785671362606 19.2113416291621 22
      vertex 62.19392469112585 15.407115563981487 22
      vertex 61.97185528892908 19.51170169103918 22
    endloop
  endfacet
  facet normal 0 0 1
    outer loop
      vertex 61.97185528892908 19.51170169103918 22
      vertex 62.19392469112585 15.407115563981487 22
      vertex 63.007131469339164 15.647998385882905 22
    endloop
  endfacet
  facet normal 0 0 1
    outer loop
      vertex 63.00018384548126 19.758581534822873 22
      vertex 63.007131469339164 15.647998385882905 22
      vertex 63.8318306087523 15.84599113188765 22
    endloop
  endfacet
  facet normal 0 0 1
    outer loop
      vertex 63.00018384548126 19.758581534822873 22
      vertex 63.8318306087523 15.84599113188765 22
      vertex 64.66576166634826 16.00055111764123 22
    endloop
  endfacet
  facet normal 0 0 1
    outer loop
      vertex 64.04002380618734 19.951304480021783 22
      vertex 64.66576166634826 16.00055111764123 22
      vertex 65.50663889506401 16.111254704966026 22
    endloop
  endfacet
  facet normal 0 0 1
    outer loop
      vertex 65.08852504199339 20.08934228643912 22
      vertex 65.50663889506401 16.111254704966026 22
      vertex 66.35215750886431 16.177798463024097 22
    endloop
  endfacet
  facet normal 0 0 1
    outer loop
      vertex 67.2 20.2 22
      vertex 66.35215750886431 16.177798463024097 22
      vertex 67.2 16.2 22
    endloop
  endfacet
  facet normal 0 0 1
    outer loop
      vertex 67.2 20.2 22
      vertex 67.2 16.2 22
      vertex 68.0478424911357 16.177798463024097 22
    endloop
  endfacet
  facet normal 0 0 1
    outer loop
      vertex 68.25718631610746 20.17231660204239 22
      vertex 68.0478424911357 16.177798463024097 22
      vertex 68.89336110493599 16.111254704966026 22
    endloop
  endfacet
  facet normal 0 0 1
    outer loop
      vertex 61.97185528892908 19.51170169103918 22
      vertex 63.007131469339164 15.647998385882905 22
      vertex 63.00018384548126 19.758581534822873 22
    endloop
  endfacet
  facet normal 0 0 1
    outer loop
      vertex 63.00018384548126 19.758581534822873 22
      vertex 64.66576166634826 16.00055111764123 22
      vertex 64.04002380618734 19.951304480021783 22
    endloop
  endfacet
  facet normal 0 0 1
    outer loop
      vertex 64.04002380618734 19.951304480021783 22
      vertex 65.50663889506401 16.111254704966026 22
      vertex 65.08852504199339 20.08934228643912 22
    endloop
  endfacet
  facet normal 0 0 1
    outer loop
      vertex 65.08852504199339 20.08934228643912 22
      vertex 66.35215750886431 16.177798463024097 22
      vertex 66.14281368389254 20.17231660204239 22
    endloop
  endfacet
  facet normal 0 0 1
    outer loop
      vertex 66.14281368389254 20.17231660204239 22
      vertex 66.35215750886431 16.177798463024097 22
      vertex 67.2 20.2 22
    endloop
  endfacet
  facet normal 0 0 1
    outer loop
      vertex 67.2 20.2 22
      vertex 68.0478424911357 16.177798463024097 22
      vertex 68.25718631610746 20.17231660204239 22
    endloop
  endfacet
  facet normal 0 0 1
    outer loop
      vertex 68.25718631610746 20.17231660204239 22
      vertex 68.89336110493599 16.111254704966026 22
      vertex 69.3114749580066 20.08934228643912 22
    endloop
  endfacet
  facet normal 0 0 1
    outer loop
      vertex 80.46622086749925 9.289107853436754 22
      vertex 83.7418309582398 11.582714730828545 22
      vertex 80.30607530887414 9.522121087138064 22
    endloop
  endfacet
  facet normal 0 0 1
    outer loop
      vertex 79.91227189920671 15.698348421430811 22
      vertex 79.78976457560293 10.194990335007365 22
      vertex 80.30607530887414 9.522121087138064 22
    endloop
  endfacet
  facet normal 0 0 1
    outer loop
      vertex 79.91227189920671 15.698348421430811 22
      vertex 79.23894617273379 10.839915823013502 22
      vertex 79.78976457560293 10.194990335007365 22
    endloop
  endfacet
  facet normal 0 0 1
    outer loop
      vertex 78.20170850730355 16.941145472497567 22
      vertex 78.0399158230135 12.038946172733786 22
      vertex 78.65512985522207 11.45512985522207 22
    endloop
  endfacet
  facet normal 0 0 1
    outer loop
      vertex 77.3 17.493713156445658 22
      vertex 77.39499033500736 12.589764575602928 22
      vertex 78.0399158230135 12.038946172733786 22
    endloop
  endfacet
  facet normal 0 0 1
    outer loop
      vertex 79.07326209630796 16.342143286373936 22
      vertex 78.65512985522207 11.45512985522207 22
      vertex 79.23894617273379 10.839915823013502 22
    endloop
  endfacet
  facet normal 0 0 1
    outer loop
      vertex 79.07326209630796 16.342143286373936 22
      vertex 79.23894617273379 10.839915823013502 22
      vertex 79.91227189920671 15.698348421430811 22
    endloop
  endfacet
  facet normal 0 0 1
    outer loop
      vertex 80.71643824844894 15.011525474643364 22
      vertex 80.30607530887414 9.522121087138064 22
      vertex 83.7418309582398 11.582714730828545 22
    endloop
  endfacet
  facet normal 0 0 1
    outer loop
      vertex 83.54214328637394 11.873262096307958 22
      vertex 82.89834842143081 12.712271899206716 22
      vertex 83.7418309582398 11.582714730828545 22
    endloop
  endfacet
  facet normal 0 0 1
    outer loop
      vertex 80.71643824844894 15.011525474643364 22
      vertex 79.91227189920671 15.698348421430811 22
      vertex 80.30607530887414 9.522121087138064 22
    endloop
  endfacet
  facet normal 0 0 1
    outer loop
      vertex 81.48355697996826 14.28355697996826 22
      vertex 83.7418309582398 11.582714730828545 22
      vertex 82.21152547464337 13.516438248448935 22
    endloop
  endfacet
  facet normal 0 0 1
    outer loop
      vertex 82.21152547464337 13.516438248448935 22
      vertex 83.7418309582398 11.582714730828545 22
      vertex 82.89834842143081 12.712271899206716 22
    endloop
  endfacet
  facet normal 0 0 1
    outer loop
      vertex 80.71643824844894 15.011525474643364 22
      vertex 83.7418309582398 11.582714730828545 22
      vertex 81.48355697996826 14.28355697996826 22
    endloop
  endfacet
  facet normal 0 0 1
    outer loop
      vertex 69.3114749580066 20.08934228643912 22
      vertex 68.89336110493599 16.111254704966026 22
      vertex 69.73423833365175 16.00055111764123 22
    endloop
  endfacet
  facet normal 0 0 1
    outer loop
      vertex 70.35997619381266 19.951304480021783 22
      vertex 69.73423833365175 16.00055111764123 22
      vertex 70.5681693912477 15.84599113188765 22
    endloop
  endfacet
  facet normal 0 0 1
    outer loop
      vertex 72.42814471107091 19.51170169103918 22
      vertex 72.20607530887415 15.407115563981487 22
      vertex 73.00556078263386 15.124002909254667 22
    endloop
  endfacet
  facet normal 0 0 1
    outer loop
      vertex 71.39981615451873 19.758581534822873 22
      vertex 70.5681693912477 15.84599113188765 22
      vertex 71.39286853066083 15.647998385882905 22
    endloop
  endfacet
  facet normal 0 0 1
    outer loop
      vertex 71.39981615451873 19.758581534822873 22
      vertex 71.39286853066083 15.647998385882905 22
      vertex 72.20607530887415 15.407115563981487 22
    endloop
  endfacet
  facet normal 0 0 1
    outer loop
      vertex 76.37060809473884 17.998331788605032 22
      vertex 76.02315236724344 13.586463200715869 22
      vertex 76.72212108713806 13.106075308874148 22
    endloop
  endfacet
  facet normal 0 0 1
    outer loop
      vertex 75.41608019013117 18.453618244380536 22
      vertex 75.3 14.029611541307904 22
      vertex 76.02315236724344 13.586463200715869 22
    endloop
  endfacet
  facet normal 0 0 1
    outer loop
      vertex 74.43903258081507 18.858324615243475 22
      vertex 74.55464609578065 14.43430569185156 22
      vertex 75.3 14.029611541307904 22
    endloop
  endfacet
  facet normal 0 0 1
    outer loop
      vertex 73.44214328637393 19.2113416291621 22
      vertex 73.00556078263386 15.124002909254667 22
      vertex 73.78913361782796 14.799436413810133 22
    endloop
  endfacet
  facet normal 0 0 1
    outer loop
      vertex 74.43903258081507 18.858324615243475 22
      vertex 73.78913361782796 14.799436413810133 22
      vertex 74.55464609578065 14.43430569185156 22
    endloop
  endfacet
  facet normal 0 0 1
    outer loop
      vertex 74.43903258081507 18.858324615243475 22
      vertex 73.44214328637393 19.2113416291621 22
      vertex 73.78913361782796 14.799436413810133 22
    endloop
  endfacet
  facet normal 0 0 1
    outer loop
      vertex 75.41608019013117 18.453618244380536 22
      vertex 76.02315236724344 13.586463200715869 22
      vertex 76.37060809473884 17.998331788605032 22
    endloop
  endfacet
  facet normal 0 0 1
    outer loop
      vertex 74.43903258081507 18.858324615243475 22
      vertex 75.3 14.029611541307904 22
      vertex 75.41608019013117 18.453618244380536 22
    endloop
  endfacet
  facet normal 0 0 1
    outer loop
      vertex 70.35997619381266 19.951304480021783 22
      vertex 70.5681693912477 15.84599113188765 22
      vertex 71.39981615451873 19.758581534822873 22
    endloop
  endfacet
  facet normal 0 0 1
    outer loop
      vertex 69.3114749580066 20.08934228643912 22
      vertex 69.73423833365175 16.00055111764123 22
      vertex 70.35997619381266 19.951304480021783 22
    endloop
  endfacet
  facet normal 0 0 1
    outer loop
      vertex 71.39981615451873 19.758581534822873 22
      vertex 72.20607530887415 15.407115563981487 22
      vertex 72.42814471107091 19.51170169103918 22
    endloop
  endfacet
  facet normal 0 0 1
    outer loop
      vertex 72.42814471107091 19.51170169103918 22
      vertex 73.00556078263386 15.124002909254667 22
      vertex 73.44214328637393 19.2113416291621 22
    endloop
  endfacet
  facet normal 0 0 1
    outer loop
      vertex 77.3 17.493713156445658 22
      vertex 76.72212108713806 13.106075308874148 22
      vertex 77.39499033500736 12.589764575602928 22
    endloop
  endfacet
  facet normal 0 0 1
    outer loop
      vertex 77.3 17.493713156445658 22
      vertex 78.0399158230135 12.038946172733786 22
      vertex 78.20170850730355 16.941145472497567 22
    endloop
  endfacet
  facet normal 0 0 1
    outer loop
      vertex 78.20170850730355 16.941145472497567 22
      vertex 78.65512985522207 11.45512985522207 22
      vertex 79.07326209630796 16.342143286373936 22
    endloop
  endfacet
  facet normal 0 0 1
    outer loop
      vertex 77.3 17.493713156445658 22
      vertex 76.37060809473884 17.998331788605032 22
      vertex 76.72212108713806 13.106075308874148 22
    endloop
  endfacet
  facet normal 0 0 -1
    outer loop
      vertex 42 -20 0
      vertex 47.01 -19.99743559577316 0
      vertex 47.01 -20 0
    endloop
  endfacet
  facet normal 0 0 -1
    outer loop
      vertex 42 -20 0
      vertex 47.01 -19.96256440422684 0
      vertex 47.01 -19.99743559577316 0
    endloop
  endfacet
  facet normal 0 0 -1
    outer loop
      vertex 42 -20 0
      vertex 47 -0.4210425079543122 0
      vertex 47.01 -19.96256440422684 0
    endloop
  endfacet
  facet normal 0 0 -1
    outer loop
      vertex 42 -20 0
      vertex 47 0.34120218859303647 0
      vertex 47 -0.4210425079543122 0
    endloop
  endfacet
  facet normal 0 -1 0
    outer loop
      vertex 42 -20 0
      vertex 47.01 -20 0
      vertex 47.01 -20 22
    endloop
  endfacet
  facet normal 1 0 0
    outer loop
      vertex 47.01 -20 0
      vertex 47.01 -19.99743559577316 0
      vertex 47.01 -19.99743559577316 22
    endloop
  endfacet
  facet normal 0 0 -1
    outer loop
      vertex 42 -20 0
      vertex 47.01 20 0
      vertex 47 0.34120218859303647 0
    endloop
  endfacet
  facet normal 0 0 -1
    outer loop
      vertex 42 -20 0
      vertex 42 20 0
      vertex 47.01 20 0
    endloop
  endfacet
  facet normal -1 0 0
    outer loop
      vertex 42 -20 0
      vertex 42 20 22
      vertex 42 20 0
    endloop
  endfacet
  facet normal 0 -1 0
    outer loop
      vertex 42 -20 0
      vertex 47.01 -20 22
      vertex 42 -20 22
    endloop
  endfacet
  facet normal 1 0 0
    outer loop
      vertex 47.01 -20 0
      vertex 47.01 -19.99743559577316 22
      vertex 47.01 -20 22
    endloop
  endfacet
  facet normal -1 0 0
    outer loop
      vertex 42 -20 0
      vertex 42 -20 22
      vertex 42 20 22
    endloop
  endfacet
  facet normal 0 0 1
    outer loop
      vertex 47.01 -20 22
      vertex 47.01 -19.99743559577316 22
      vertex 47 -0.34120218859303647 22
    endloop
  endfacet
  facet normal 0 0 1
    outer loop
      vertex 47.01 -19.99743559577316 22
      vertex 47.01 -19.96256440422684 22
      vertex 47 -0.34120218859303647 22
    endloop
  endfacet
  facet normal 0 0 1
    outer loop
      vertex 42 -20 22
      vertex 47.01 -20 22
      vertex 42 20 22
    endloop
  endfacet
  facet normal 0 0 1
    outer loop
      vertex 47.01 -20 22
      vertex 47 -0.34120218859303647 22
      vertex 42 20 22
    endloop
  endfacet
  facet normal 0 0 1
    outer loop
      vertex 47 -0.34120218859303647 22
      vertex 47 0.4210425079543122 22
      vertex 42 20 22
    endloop
  endfacet
  facet normal 0 0 -1
    outer loop
      vertex 47 0.34120218859303647 0
      vertex 47.01 20 0
      vertex 47.01 19.99743559577316 0
    endloop
  endfacet
  facet normal 0 1 0
    outer loop
      vertex 42 20 0
      vertex 42 20 22
      vertex 47.01 20 0
    endloop
  endfacet
  facet normal 1 0 0
    outer loop
      vertex 47.01 20 0
      vertex 47.01 20 22
      vertex 47.01 19.99743559577316 0
    endloop
  endfacet
  facet normal 0 1 0
    outer loop
      vertex 47.01 20 0
      vertex 42 20 22
      vertex 47.01 20 22
    endloop
  endfacet
  facet normal 1 0 0
    outer loop
      vertex 47.01 19.99743559577316 0
      vertex 47.01 20 22
      vertex 47.01 19.99743559577316 22
    endloop
  endfacet
  facet normal 0 0 1
    outer loop
      vertex 47 0.4210425079543122 22
      vertex 47.01 19.99743559577316 22
      vertex 42 20 22
    endloop
  endfacet
  facet normal 0 0 1
    outer loop
      vertex 42 20 22
      vertex 47.01 19.99743559577316 22
      vertex 47.01 20 22
    endloop
  endfacet
  facet normal 0 0 -1
    outer loop
      vertex 47.01 -19.99743559577316 0
      vertex 47.01 -19.96256440422684 0
      vertex 57 -17.435595773160458 0
    endloop
  endfacet
  facet normal 0 0 -1
    outer loop
      vertex 47.01 -19.96256440422684 0
      vertex 57 -17.432433077631664 0
      vertex 57 -17.435595773160458 0
    endloop
  endfacet
  facet normal 0 0 -1
    outer loop
      vertex 47.01 -19.96256440422684 0
      vertex 57 -12.585485917492075 0
      vertex 57 -17.432433077631664 0
    endloop
  endfacet
  facet normal 0 0 -1
    outer loop
      vertex 47.01 -19.96256440422684 0
      vertex 55.161053827266215 -10.839915823013502 0
      vertex 55.74487014477793 -11.45512985522207 0
    endloop
  endfacet
  facet normal 0 0 -1
    outer loop
      vertex 47.01 -19.96256440422684 0
      vertex 54.610235424397075 -10.194990335007365 0
      vertex 55.161053827266215 -10.839915823013502 0
    endloop
  endfacet
  facet normal 0 0 -1
    outer loop
      vertex 47.01 -19.96256440422684 0
      vertex 56.3600841769865 -12.038946172733786 0
      vertex 57 -12.585485917492075 0
    endloop
  endfacet
  facet normal 0 0 -1
    outer loop
      vertex 47.01 -19.96256440422684 0
      vertex 55.74487014477793 -11.45512985522207 0
      vertex 56.3600841769865 -12.038946172733786 0
    endloop
  endfacet
  facet normal 0 0 -1
    outer loop
      vertex 47.01 -19.96256440422684 0
      vertex 52.76569430814844 -7.354646095780657 0
      vertex 53.170388458692095 -8.1 0
    endloop
  endfacet
  facet normal 0 0 -1
    outer loop
      vertex 47.01 -19.96256440422684 0
      vertex 52.40056358618987 -6.589133617827963 0
      vertex 52.76569430814844 -7.354646095780657 0
    endloop
  endfacet
  facet normal 0 0 -1
    outer loop
      vertex 47.01 -19.96256440422684 0
      vertex 52.07599709074533 -5.805560782633864 0
      vertex 52.40056358618987 -6.589133617827963 0
    endloop
  endfacet
  facet normal 0 0 -1
    outer loop
      vertex 47.01 -19.96256440422684 0
      vertex 51.79288443601851 -5.006075308874148 0
      vertex 52.07599709074533 -5.805560782633864 0
    endloop
  endfacet
  facet normal 0 0 -1
    outer loop
      vertex 47.01 -19.96256440422684 0
      vertex 54.09392469112585 -9.522121087138064 0
      vertex 54.610235424397075 -10.194990335007365 0
    endloop
  endfacet
  facet normal 0 0 -1
    outer loop
      vertex 47.01 -19.96256440422684 0
      vertex 53.613536799284134 -8.823152367243438 0
      vertex 54.09392469112585 -9.522121087138064 0
    endloop
  endfacet
  facet normal 0 0 -1
    outer loop
      vertex 47.01 -19.96256440422684 0
      vertex 53.170388458692095 -8.1 0
      vertex 53.613536799284134 -8.823152367243438 0
    endloop
  endfacet
  facet normal 0 0 -1
    outer loop
      vertex 47.01 -19.96256440422684 0
      vertex 47 -0.4210425079543122 0
      vertex 51.552001614117096 -4.192868530660836 0
    endloop
  endfacet
  facet normal 0 0 -1
    outer loop
      vertex 47.01 -19.96256440422684 0
      vertex 51.552001614117096 -4.192868530660836 0
      vertex 51.79288443601851 -5.006075308874148 0
    endloop
  endfacet
  facet normal 0.24840276829709937 -0.9686568353665489 0
    outer loop
      vertex 47.01 -19.99743559577316 0
      vertex 57 -17.435595773160458 0
      vertex 47.01 -19.99743559577316 22
    endloop
  endfacet
  facet normal 0 0 -1
    outer loop
      vertex 47 -0.4210425079543122 0
      vertex 51.354008868112345 -3.3681693912477013 0
      vertex 51.552001614117096 -4.192868530660836 0
    endloop
  endfacet
  facet normal 0 0 -1
    outer loop
      vertex 47 -0.4210425079543122 0
      vertex 51.199448882358766 -2.53423833365174 0
      vertex 51.354008868112345 -3.3681693912477013 0
    endloop
  endfacet
  facet normal 0 0 -1
    outer loop
      vertex 47 -0.4210425079543122 0
      vertex 51.08874529503397 -1.6933611049359862 0
      vertex 51.199448882358766 -2.53423833365174 0
    endloop
  endfacet
  facet normal 0 0 -1
    outer loop
      vertex 47 -0.4210425079543122 0
      vertex 51.0222015369759 -0.8478424911356901 0
      vertex 51.08874529503397 -1.6933611049359862 0
    endloop
  endfacet
  facet normal 0 0 -1
    outer loop
      vertex 47 -0.4210425079543122 0
      vertex 51 0 0
      vertex 51.0222015369759 -0.8478424911356901 0
    endloop
  endfacet
  facet normal 0 0 -1
    outer loop
      vertex 47 -0.4210425079543122 0
      vertex 51.0222015369759 0.8478424911356901 0
      vertex 51 0 0
    endloop
  endfacet
  facet normal 0 0 -1
    outer loop
      vertex 47 -0.4210425079543122 0
      vertex 51.08874529503397 1.6933611049359862 0
      vertex 51.0222015369759 0.8478424911356901 0
    endloop
  endfacet
  facet normal 0 0 -1
    outer loop
      vertex 47 -0.4210425079543122 0
      vertex 51.199448882358766 2.53423833365174 0
      vertex 51.08874529503397 1.6933611049359862 0
    endloop
  endfacet
  facet normal 0 0 -1
    outer loop
      vertex 47 -0.4210425079543122 0
      vertex 51.354008868112345 3.3681693912477013 0
      vertex 51.199448882358766 2.53423833365174 0
    endloop
  endfacet
  facet normal 0 0 -1
    outer loop
      vertex 47 -0.4210425079543122 0
      vertex 51.552001614117096 4.192868530660836 0
      vertex 51.354008868112345 3.3681693912477013 0
    endloop
  endfacet
  facet normal 0 0 -1
    outer loop
      vertex 47 -0.4210425079543122 0
      vertex 51.79288443601851 5.006075308874148 0
      vertex 51.552001614117096 4.192868530660836 0
    endloop
  endfacet
  facet normal 0 0 -1
    outer loop
      vertex 47 -0.4210425079543122 0
      vertex 52.07599709074533 5.805560782633864 0
      vertex 51.79288443601851 5.006075308874148 0
    endloop
  endfacet
  facet normal 0 0 -1
    outer loop
      vertex 47 -0.4210425079543122 0
      vertex 52.40056358618987 6.589133617827963 0
      vertex 52.07599709074533 5.805560782633864 0
    endloop
  endfacet
  facet normal 0 0 -1
    outer loop
      vertex 47 -0.4210425079543122 0
      vertex 52.76569430814844 7.354646095780657 0
      vertex 52.40056358618987 6.589133617827963 0
    endloop
  endfacet
  facet normal 0 0 -1
    outer loop
      vertex 47 -0.4210425079543122 0
      vertex 53.170388458692095 8.1 0
      vertex 52.76569430814844 7.354646095780657 0
    endloop
  endfacet
  facet normal 0 0 -1
    outer loop
      vertex 47 -0.4210425079543122 0
      vertex 47 0.34120218859303647 0
      vertex 57 17.435595773160458 0
    endloop
  endfacet
  facet normal 0 0 -1
    outer loop
      vertex 47 -0.4210425079543122 0
      vertex 53.613536799284134 8.823152367243438 0
      vertex 53.170388458692095 8.1 0
    endloop
  endfacet
  facet normal 0 0 -1
    outer loop
      vertex 47 -0.4210425079543122 0
      vertex 54.09392469112585 9.522121087138064 0
      vertex 53.613536799284134 8.823152367243438 0
    endloop
  endfacet
  facet normal 1 0 0
    outer loop
      vertex 57 -17.435595773160458 0
      vertex 57 -17.432433077631664 0
      vertex 57 -17.435595773160458 22
    endloop
  endfacet
  facet normal 0.24840276829709937 -0.9686568353665489 0
    outer loop
      vertex 57 -17.435595773160458 0
      vertex 57 -17.435595773160458 22
      vertex 47.01 -19.99743559577316 22
    endloop
  endfacet
  facet normal 0 0 1
    outer loop
      vertex 47.01 -19.99743559577316 22
      vertex 57 -17.435595773160458 22
      vertex 47.01 -19.96256440422684 22
    endloop
  endfacet
  facet normal 0 0 1
    outer loop
      vertex 47.01 -19.96256440422684 22
      vertex 57 -17.435595773160458 22
      vertex 56.3600841769865 -12.038946172733786 22
    endloop
  endfacet
  facet normal 0 0 1
    outer loop
      vertex 47.01 -19.96256440422684 22
      vertex 55.74487014477793 -11.45512985522207 22
      vertex 55.161053827266215 -10.839915823013502 22
    endloop
  endfacet
  facet normal 0 0 1
    outer loop
      vertex 47.01 -19.96256440422684 22
      vertex 55.161053827266215 -10.839915823013502 22
      vertex 54.610235424397075 -10.194990335007365 22
    endloop
  endfacet
  facet normal 0 0 1
    outer loop
      vertex 47.01 -19.96256440422684 22
      vertex 56.3600841769865 -12.038946172733786 22
      vertex 55.74487014477793 -11.45512985522207 22
    endloop
  endfacet
  facet normal 0 0 1
    outer loop
      vertex 47.01 -19.96256440422684 22
      vertex 53.170388458692095 -8.1 22
      vertex 52.76569430814844 -7.354646095780657 22
    endloop
  endfacet
  facet normal 0 0 1
    outer loop
      vertex 47.01 -19.96256440422684 22
      vertex 52.76569430814844 -7.354646095780657 22
      vertex 52.40056358618987 -6.589133617827963 22
    endloop
  endfacet
  facet normal 0 0 1
    outer loop
      vertex 47.01 -19.96256440422684 22
      vertex 52.40056358618987 -6.589133617827963 22
      vertex 52.07599709074533 -5.805560782633864 22
    endloop
  endfacet
  facet normal 0 0 1
    outer loop
      vertex 47.01 -19.96256440422684 22
      vertex 52.07599709074533 -5.805560782633864 22
      vertex 51.79288443601851 -5.006075308874148 22
    endloop
  endfacet
  facet normal 0 0 1
    outer loop
      vertex 47.01 -19.96256440422684 22
      vertex 54.610235424397075 -10.194990335007365 22
      vertex 54.09392469112585 -9.522121087138064 22
    endloop
  endfacet
  facet normal 0 0 1
    outer loop
      vertex 47.01 -19.96256440422684 22
      vertex 54.09392469112585 -9.522121087138064 22
      vertex 53.613536799284134 -8.823152367243438 22
    endloop
  endfacet
  facet normal 0 0 1
    outer loop
      vertex 47.01 -19.96256440422684 22
      vertex 53.613536799284134 -8.823152367243438 22
      vertex 53.170388458692095 -8.1 22
    endloop
  endfacet
  facet normal 0 0 1
    outer loop
      vertex 47.01 -19.96256440422684 22
      vertex 51.79288443601851 -5.006075308874148 22
      vertex 51.552001614117096 -4.192868530660836 22
    endloop
  endfacet
  facet normal 0 0 1
    outer loop
      vertex 47.01 -19.96256440422684 22
      vertex 51.552001614117096 -4.192868530660836 22
      vertex 51.354008868112345 -3.3681693912477013 22
    endloop
  endfacet
  facet normal 0 0 1
    outer loop
      vertex 47.01 -19.96256440422684 22
      vertex 51.354008868112345 -3.3681693912477013 22
      vertex 47 -0.34120218859303647 22
    endloop
  endfacet
  facet normal 0 0 1
    outer loop
      vertex 47 -0.34120218859303647 22
      vertex 51.354008868112345 -3.3681693912477013 22
      vertex 51.199448882358766 -2.53423833365174 22
    endloop
  endfacet
  facet normal 0 0 1
    outer loop
      vertex 47 -0.34120218859303647 22
      vertex 51.199448882358766 -2.53423833365174 22
      vertex 51.08874529503397 -1.6933611049359862 22
    endloop
  endfacet
  facet normal 0 0 1
    outer loop
      vertex 47 -0.34120218859303647 22
      vertex 51.08874529503397 -1.6933611049359862 22
      vertex 51.0222015369759 -0.8478424911356901 22
    endloop
  endfacet
  facet normal 0 0 1
    outer loop
      vertex 47 -0.34120218859303647 22
      vertex 51.0222015369759 -0.8478424911356901 22
      vertex 51 0 22
    endloop
  endfacet
  facet normal 0 0 1
    outer loop
      vertex 47 -0.34120218859303647 22
      vertex 51 0 22
      vertex 51.0222015369759 0.8478424911356901 22
    endloop
  endfacet
  facet normal 0 0 1
    outer loop
      vertex 47 -0.34120218859303647 22
      vertex 51.0222015369759 0.8478424911356901 22
      vertex 51.08874529503397 1.6933611049359862 22
    endloop
  endfacet
  facet normal 0 0 1
    outer loop
      vertex 47 -0.34120218859303647 22
      vertex 51.08874529503397 1.6933611049359862 22
      vertex 51.199448882358766 2.53423833365174 22
    endloop
  endfacet
  facet normal 0 0 1
    outer loop
      vertex 47 -0.34120218859303647 22
      vertex 51.199448882358766 2.53423833365174 22
      vertex 51.354008868112345 3.3681693912477013 22
    endloop
  endfacet
  facet normal 0 0 1
    outer loop
      vertex 47 -0.34120218859303647 22
      vertex 51.354008868112345 3.3681693912477013 22
      vertex 51.552001614117096 4.192868530660836 22
    endloop
  endfacet
  facet normal 0 0 1
    outer loop
      vertex 47 -0.34120218859303647 22
      vertex 51.552001614117096 4.192868530660836 22
      vertex 51.79288443601851 5.006075308874148 22
    endloop
  endfacet
  facet normal 0 0 1
    outer loop
      vertex 47 -0.34120218859303647 22
      vertex 51.79288443601851 5.006075308874148 22
      vertex 52.07599709074533 5.805560782633864 22
    endloop
  endfacet
  facet normal 0 0 1
    outer loop
      vertex 47 -0.34120218859303647 22
      vertex 52.07599709074533 5.805560782633864 22
      vertex 52.40056358618987 6.589133617827963 22
    endloop
  endfacet
  facet normal 0 0 1
    outer loop
      vertex 47 -0.34120218859303647 22
      vertex 52.40056358618987 6.589133617827963 22
      vertex 52.76569430814844 7.354646095780657 22
    endloop
  endfacet
  facet normal 0 0 1
    outer loop
      vertex 47 -0.34120218859303647 22
      vertex 56.198291492696455 14.434352212428509 22
      vertex 47 0.4210425079543122 22
    endloop
  endfacet
  facet normal 0 0 1
    outer loop
      vertex 47 -0.34120218859303647 22
      vertex 52.76569430814844 7.354646095780657 22
      vertex 53.170388458692095 8.1 22
    endloop
  endfacet
  facet normal 0 0 1
    outer loop
      vertex 47 -0.34120218859303647 22
      vertex 53.170388458692095 8.1 22
      vertex 53.613536799284134 8.823152367243438 22
    endloop
  endfacet
  facet normal 0 0 1
    outer loop
      vertex 47 -0.34120218859303647 22
      vertex 53.613536799284134 8.823152367243438 22
      vertex 54.09392469112585 9.522121087138064 22
    endloop
  endfacet
  facet normal 1 0 0
    outer loop
      vertex 57 -17.432433077631664 0
      vertex 57 -17.432433077631664 22
      vertex 57 -17.435595773160458 22
    endloop
  endfacet
  facet normal 0 0 1
    outer loop
      vertex 57 -17.435595773160458 22
      vertex 57 -17.432433077631664 22
      vertex 56.3600841769865 -12.038946172733786 22
    endloop
  endfacet
  facet normal 0 0 1
    outer loop
      vertex 57 -17.432433077631664 22
      vertex 56.875382236420634 -12.479052292553282 22
      vertex 56.3600841769865 -12.038946172733786 22
    endloop
  endfacet
  facet normal 0 0 -1
    outer loop
      vertex 47 -0.4210425079543122 0
      vertex 57 17.435595773160458 0
      vertex 54.09392469112585 9.522121087138064 0
    endloop
  endfacet
  facet normal 0 0 -1
    outer loop
      vertex 47 0.34120218859303647 0
      vertex 47.01 19.99743559577316 0
      vertex 57 17.435595773160458 0
    endloop
  endfacet
  facet normal 0.24840276829709937 0.9686568353665489 0
    outer loop
      vertex 47.01 19.99743559577316 0
      vertex 57 17.435595773160458 22
      vertex 57 17.435595773160458 0
    endloop
  endfacet
  facet normal 0 0 -1
    outer loop
      vertex 57 17.435595773160458 0
      vertex 54.610235424397075 10.194990335007365 0
      vertex 54.09392469112585 9.522121087138064 0
    endloop
  endfacet
  facet normal 0 0 -1
    outer loop
      vertex 57 13.674867226743114 0
      vertex 56.3600841769865 12.038946172733786 0
      vertex 55.74487014477793 11.45512985522207 0
    endloop
  endfacet
  facet normal 0 0 -1
    outer loop
      vertex 57 17.435595773160458 0
      vertex 55.161053827266215 10.839915823013502 0
      vertex 54.610235424397075 10.194990335007365 0
    endloop
  endfacet
  facet normal 0 0 -1
    outer loop
      vertex 57 17.432433077631664 0
      vertex 55.74487014477793 11.45512985522207 0
      vertex 55.161053827266215 10.839915823013502 0
    endloop
  endfacet
  facet normal 0 0 -1
    outer loop
      vertex 57 13.674867226743114 0
      vertex 55.74487014477793 11.45512985522207 0
      vertex 57 17.432433077631664 0
    endloop
  endfacet
  facet normal 0 0 -1
    outer loop
      vertex 57 13.674867226743114 0
      vertex 57 12.585485917492075 0
      vertex 56.3600841769865 12.038946172733786 0
    endloop
  endfacet
  facet normal 0 0 -1
    outer loop
      vertex 57 17.435595773160458 0
      vertex 57 17.432433077631664 0
      vertex 55.161053827266215 10.839915823013502 0
    endloop
  endfacet
  facet normal 1 0 0
    outer loop
      vertex 57 17.435595773160458 0
      vertex 57 17.432433077631664 22
      vertex 57 17.432433077631664 0
    endloop
  endfacet
  facet normal 0.24840276829709937 0.9686568353665489 0
    outer loop
      vertex 47.01 19.99743559577316 0
      vertex 47.01 19.99743559577316 22
      vertex 57 17.435595773160458 22
    endloop
  endfacet
  facet normal 0 0 1
    outer loop
      vertex 47 -0.34120218859303647 22
      vertex 54.09392469112585 9.522121087138064 22
      vertex 56.198291492696455 14.434352212428509 22
    endloop
  endfacet
  facet normal 0 0 1
    outer loop
      vertex 47 0.4210425079543122 22
      vertex 56.198291492696455 14.434352212428509 22
      vertex 47.01 19.99743559577316 22
    endloop
  endfacet
  facet normal 0 0 1
    outer loop
      vertex 47.01 19.99743559577316 22
      vertex 56.198291492696455 14.434352212428509 22
      vertex 56.99898979904178 17.431814025688286 22
    endloop
  endfacet
  facet normal 0 0 1
    outer loop
      vertex 47.01 19.99743559577316 22
      vertex 56.99898979904178 17.431814025688286 22
      vertex 57 17.435595773160458 22
    endloop
  endfacet
  facet normal 1 0 0
    outer loop
      vertex 57 17.435595773160458 0
      vertex 57 17.435595773160458 22
      vertex 57 17.432433077631664 22
    endloop
  endfacet
  facet normal 0 0 1
    outer loop
      vertex 56.198291492696455 14.434352212428509 22
      vertex 54.09392469112585 9.522121087138064 22
      vertex 54.610235424397075 10.194990335007365 22
    endloop
  endfacet
  facet normal 0 0 1
    outer loop
      vertex 56.198291492696455 14.434352212428509 22
      vertex 54.610235424397075 10.194990335007365 22
      vertex 55.161053827266215 10.839915823013502 22
    endloop
  endfacet
  facet normal 0 0 1
    outer loop
      vertex 56.198291492696455 14.434352212428509 22
      vertex 55.161053827266215 10.839915823013502 22
      vertex 55.74487014477793 11.45512985522207 22
    endloop
  endfacet
  facet normal 0 0 1
    outer loop
      vertex 56.198291492696455 14.434352212428509 22
      vertex 55.74487014477793 11.45512985522207 22
      vertex 56.260922807856176 11.94484554704218 22
    endloop
  endfacet
  facet normal 0 0 1
    outer loop
      vertex 57 17.435595773160458 22
      vertex 56.99898979904178 17.431814025688286 22
      vertex 57 17.432433077631664 22
    endloop
  endfacet
  facet normal 0.7604059656000324 0.6494480483301821 0
    outer loop
      vertex 55.161053827266215 -10.839915823013502 0
      vertex 54.610235424397075 -10.194990335007365 0
      vertex 54.610235424397075 -10.194990335007365 22
    endloop
  endfacet
  facet normal 0.8241261886220189 0.5664062369248282 0
    outer loop
      vertex 54.09392469112585 -9.522121087138064 0
      vertex 53.613536799284134 -8.823152367243438 0
      vertex 53.613536799284134 -8.823152367243438 22
    endloop
  endfacet
  facet normal 0.7933533402912313 0.6087614290087258 0
    outer loop
      vertex 54.610235424397075 -10.194990335007365 0
      vertex 54.09392469112585 -9.522121087138064 0
      vertex 54.09392469112585 -9.522121087138064 22
    endloop
  endfacet
  facet normal 0.852640164354091 0.522498564715951 0
    outer loop
      vertex 53.613536799284134 -8.823152367243438 0
      vertex 53.170388458692095 -8.1 0
      vertex 53.170388458692095 -8.1 22
    endloop
  endfacet
  facet normal 0.8788171126619648 0.4771587602596096 0
    outer loop
      vertex 53.170388458692095 -8.1 0
      vertex 52.76569430814844 -7.354646095780657 0
      vertex 52.76569430814844 -7.354646095780657 22
    endloop
  endfacet
  facet normal 0.9025852843498618 0.43051109680829236 0
    outer loop
      vertex 52.76569430814844 -7.354646095780657 0
      vertex 52.40056358618987 -6.589133617827963 0
      vertex 52.40056358618987 -6.589133617827963 22
    endloop
  endfacet
  facet normal 0.923879532511286 0.3826834323650919 0
    outer loop
      vertex 52.40056358618987 -6.589133617827963 0
      vertex 52.07599709074533 -5.805560782633864 0
      vertex 52.07599709074533 -5.805560782633864 22
    endloop
  endfacet
  facet normal 0.9426414910921779 0.33380685923377257 0
    outer loop
      vertex 52.07599709074533 -5.805560782633864 0
      vertex 51.79288443601851 -5.006075308874148 0
      vertex 51.79288443601851 -5.006075308874148 22
    endloop
  endfacet
  facet normal 0.9588197348681939 0.2840153447039195 0
    outer loop
      vertex 51.79288443601851 -5.006075308874148 0
      vertex 51.552001614117096 -4.192868530660836 0
      vertex 51.552001614117096 -4.192868530660836 22
    endloop
  endfacet
  facet normal 0.9723699203976751 0.23344536385591166 0
    outer loop
      vertex 51.552001614117096 -4.192868530660836 0
      vertex 51.354008868112345 -3.3681693912477013 0
      vertex 51.354008868112345 -3.3681693912477013 22
    endloop
  endfacet
  facet normal 0.991444861373811 0.13052619222004638 0
    outer loop
      vertex 51.199448882358766 -2.53423833365174 0
      vertex 51.08874529503397 -1.6933611049359862 0
      vertex 51.08874529503397 -1.6933611049359862 22
    endloop
  endfacet
  facet normal 0.9969173337331275 0.07845909572785155 0
    outer loop
      vertex 51.08874529503397 -1.6933611049359862 0
      vertex 51.0222015369759 -0.8478424911356901 0
      vertex 51.0222015369759 -0.8478424911356901 22
    endloop
  endfacet
  facet normal 0.9996573249755575 0.026176948307868406 0
    outer loop
      vertex 51.0222015369759 -0.8478424911356901 0
      vertex 51 0 0
      vertex 51 0 22
    endloop
  endfacet
  facet normal 0.9832549075639547 0.18223552549214656 0
    outer loop
      vertex 51.354008868112345 -3.3681693912477013 0
      vertex 51.199448882358766 -2.53423833365174 0
      vertex 51.199448882358766 -2.53423833365174 22
    endloop
  endfacet
  facet normal 0.9996573249755575 -0.026176948307868406 0
    outer loop
      vertex 51 0 0
      vertex 51.0222015369759 0.8478424911356901 0
      vertex 51.0222015369759 0.8478424911356901 22
    endloop
  endfacet
  facet normal 0.9969173337331275 -0.07845909572785155 0
    outer loop
      vertex 51.0222015369759 0.8478424911356901 0
      vertex 51.08874529503397 1.6933611049359862 0
      vertex 51.08874529503397 1.6933611049359862 22
    endloop
  endfacet
  facet normal 0.991444861373811 -0.13052619222004638 0
    outer loop
      vertex 51.08874529503397 1.6933611049359862 0
      vertex 51.199448882358766 2.53423833365174 0
      vertex 51.199448882358766 2.53423833365174 22
    endloop
  endfacet
  facet normal 0.9832549075639547 -0.18223552549214656 0
    outer loop
      vertex 51.199448882358766 2.53423833365174 0
      vertex 51.354008868112345 3.3681693912477013 0
      vertex 51.354008868112345 3.3681693912477013 22
    endloop
  endfacet
  facet normal 0.9723699203976751 -0.23344536385591166 0
    outer loop
      vertex 51.354008868112345 3.3681693912477013 0
      vertex 51.552001614117096 4.192868530660836 0
      vertex 51.552001614117096 4.192868530660836 22
    endloop
  endfacet
  facet normal 0.9588197348681939 -0.2840153447039195 0
    outer loop
      vertex 51.552001614117096 4.192868530660836 0
      vertex 51.79288443601851 5.006075308874148 0
      vertex 51.79288443601851 5.006075308874148 22
    endloop
  endfacet
  facet normal 0.9426414910921779 -0.33380685923377257 0
    outer loop
      vertex 51.79288443601851 5.006075308874148 0
      vertex 52.07599709074533 5.805560782633864 0
      vertex 52.07599709074533 5.805560782633864 22
    endloop
  endfacet
  facet normal 0.923879532511286 -0.3826834323650919 0
    outer loop
      vertex 52.07599709074533 5.805560782633864 0
      vertex 52.40056358618987 6.589133617827963 0
      vertex 52.40056358618987 6.589133617827963 22
    endloop
  endfacet
  facet normal 0.9025852843498618 -0.43051109680829236 0
    outer loop
      vertex 52.40056358618987 6.589133617827963 0
      vertex 52.76569430814844 7.354646095780657 0
      vertex 52.76569430814844 7.354646095780657 22
    endloop
  endfacet
  facet normal 0.3338068592337707 0.9426414910921784 0
    outer loop
      vertex 61.394439217366134 -15.124002909254667 0
      vertex 61.394439217366134 -15.124002909254667 22
      vertex 62.19392469112585 -15.407115563981487 0
    endloop
  endfacet
  facet normal 0.4771587602596096 0.8788171126619648 0
    outer loop
      vertex 59.1 -14.029611541307904 0
      vertex 59.1 -14.029611541307904 22
      vertex 59.845353904219344 -14.43430569185156 0
    endloop
  endfacet
  facet normal 0.43051109680829575 0.9025852843498604 0
    outer loop
      vertex 59.845353904219344 -14.43430569185156 0
      vertex 59.845353904219344 -14.43430569185156 22
      vertex 60.610866382172034 -14.799436413810133 0
    endloop
  endfacet
  facet normal 0.5224985647159489 0.8526401643540923 0
    outer loop
      vertex 58.376847632756565 -13.586463200715869 0
      vertex 58.376847632756565 -13.586463200715869 22
      vertex 59.1 -14.029611541307904 0
    endloop
  endfacet
  facet normal 0.38268343236508967 0.9238795325112867 0
    outer loop
      vertex 60.610866382172034 -14.799436413810133 0
      vertex 60.610866382172034 -14.799436413810133 22
      vertex 61.394439217366134 -15.124002909254667 0
    endloop
  endfacet
  facet normal 0.28401534470392276 0.9588197348681929 0
    outer loop
      vertex 62.19392469112585 -15.407115563981487 0
      vertex 62.19392469112585 -15.407115563981487 22
      vertex 63.007131469339164 -15.647998385882905 0
    endloop
  endfacet
  facet normal 0.2334453638559058 0.9723699203976764 0
    outer loop
      vertex 63.007131469339164 -15.647998385882905 22
      vertex 63.8318306087523 -15.84599113188765 0
      vertex 63.007131469339164 -15.647998385882905 0
    endloop
  endfacet
  facet normal 0.18223552549214656 0.9832549075639547 0
    outer loop
      vertex 63.8318306087523 -15.84599113188765 0
      vertex 63.8318306087523 -15.84599113188765 22
      vertex 64.66576166634826 -16.00055111764123 0
    endloop
  endfacet
  facet normal 0.13052619222005032 0.9914448613738105 0
    outer loop
      vertex 64.66576166634826 -16.00055111764123 22
      vertex 65.50663889506401 -16.111254704966026 0
      vertex 64.66576166634826 -16.00055111764123 0
    endloop
  endfacet
  facet normal 0.07845909572784754 0.9969173337331276 0
    outer loop
      vertex 65.50663889506401 -16.111254704966026 0
      vertex 65.50663889506401 -16.111254704966026 22
      vertex 66.35215750886431 -16.177798463024097 0
    endloop
  endfacet
  facet normal 0.026176948307872476 0.9996573249755573 0
    outer loop
      vertex 66.35215750886431 -16.177798463024097 0
      vertex 66.35215750886431 -16.177798463024097 22
      vertex 67.2 -16.2 0
    endloop
  endfacet
  facet normal -0.026176948307872476 0.9996573249755573 0
    outer loop
      vertex 67.2 -16.2 22
      vertex 68.0478424911357 -16.177798463024097 0
      vertex 67.2 -16.2 0
    endloop
  endfacet
  facet normal -0.07845909572784754 0.9969173337331276 0
    outer loop
      vertex 68.0478424911357 -16.177798463024097 0
      vertex 68.0478424911357 -16.177798463024097 22
      vertex 68.89336110493599 -16.111254704966026 0
    endloop
  endfacet
  facet normal -0.13052619222005032 0.9914448613738105 0
    outer loop
      vertex 68.89336110493599 -16.111254704966026 0
      vertex 68.89336110493599 -16.111254704966026 22
      vertex 69.73423833365175 -16.00055111764123 0
    endloop
  endfacet
  facet normal 0.6494480483301829 0.7604059656000316 0
    outer loop
      vertex 56.3600841769865 -12.038946172733786 0
      vertex 56.3600841769865 -12.038946172733786 22
      vertex 57 -12.585485917492075 0
    endloop
  endfacet
  facet normal 0.6883545756937512 0.7253743710122903 0
    outer loop
      vertex 55.74487014477793 -11.45512985522207 0
      vertex 55.74487014477793 -11.45512985522207 22
      vertex 56.3600841769865 -12.038946172733786 0
    endloop
  endfacet
  facet normal 0.6494480483302372 0.7604059655999853 3.7626377480198165e-16
    outer loop
      vertex 57 -12.585485917492075 0
      vertex 56.875382236420634 -12.479052292553282 22
      vertex 57.005009664992635 -12.589764575602928 0
    endloop
  endfacet
  facet normal 0.6087614290087218 0.7933533402912343 0
    outer loop
      vertex 57.005009664992635 -12.589764575602928 0
      vertex 57.005009664992635 -12.589764575602928 22
      vertex 57.677878912861935 -13.106075308874148 0
    endloop
  endfacet
  facet normal 0.5664062369248305 0.8241261886220173 0
    outer loop
      vertex 57.677878912861935 -13.106075308874148 0
      vertex 57.677878912861935 -13.106075308874148 22
      vertex 58.376847632756565 -13.586463200715869 0
    endloop
  endfacet
  facet normal 0.7253743710122914 0.6883545756937501 0
    outer loop
      vertex 55.74487014477793 -11.45512985522207 0
      vertex 55.161053827266215 -10.839915823013502 0
      vertex 55.161053827266215 -10.839915823013502 22
    endloop
  endfacet
  facet normal -0.18223552549214955 0.9832549075639543 0
    outer loop
      vertex 69.73423833365175 -16.00055111764123 0
      vertex 69.73423833365175 -16.00055111764123 22
      vertex 70.5681693912477 -15.84599113188765 0
    endloop
  endfacet
  facet normal -0.23344536385590395 0.972369920397677 0
    outer loop
      vertex 70.5681693912477 -15.84599113188765 0
      vertex 70.5681693912477 -15.84599113188765 22
      vertex 71.39286853066083 -15.647998385882905 0
    endloop
  endfacet
  facet normal -0.28401534470392276 0.9588197348681929 0
    outer loop
      vertex 71.39286853066083 -15.647998385882905 0
      vertex 71.39286853066083 -15.647998385882905 22
      vertex 72.20607530887415 -15.407115563981487 0
    endloop
  endfacet
  facet normal -0.3338068592337707 0.9426414910921784 0
    outer loop
      vertex 72.20607530887415 -15.407115563981487 0
      vertex 72.20607530887415 -15.407115563981487 22
      vertex 73.00556078263386 -15.124002909254667 0
    endloop
  endfacet
  facet normal -0.38268343236509267 0.9238795325112856 0
    outer loop
      vertex 73.00556078263386 -15.124002909254667 0
      vertex 73.00556078263386 -15.124002909254667 22
      vertex 73.78913361782796 -14.799436413810133 0
    endloop
  endfacet
  facet normal -0.4305110968082924 0.9025852843498617 0
    outer loop
      vertex 73.78913361782796 -14.799436413810133 0
      vertex 73.78913361782796 -14.799436413810133 22
      vertex 74.55464609578065 -14.43430569185156 0
    endloop
  endfacet
  facet normal -0.4771587602596096 0.8788171126619648 0
    outer loop
      vertex 75.3 -14.029611541307904 0
      vertex 74.55464609578065 -14.43430569185156 0
      vertex 74.55464609578065 -14.43430569185156 22
    endloop
  endfacet
  facet normal -0.5224985647159452 0.8526401643540946 0
    outer loop
      vertex 75.3 -14.029611541307904 22
      vertex 76.02315236724344 -13.586463200715869 0
      vertex 75.3 -14.029611541307904 0
    endloop
  endfacet
  facet normal -0.5664062369248344 0.8241261886220146 0
    outer loop
      vertex 76.02315236724344 -13.586463200715869 0
      vertex 76.02315236724344 -13.586463200715869 22
      vertex 76.72212108713806 -13.106075308874148 0
    endloop
  endfacet
  facet normal -0.6087614290087218 0.7933533402912343 0
    outer loop
      vertex 76.72212108713806 -13.106075308874148 0
      vertex 76.72212108713806 -13.106075308874148 22
      vertex 77.39499033500736 -12.589764575602928 0
    endloop
  endfacet
  facet normal -0.6494480483301832 0.7604059656000312 0
    outer loop
      vertex 77.39499033500736 -12.589764575602928 22
      vertex 78.0399158230135 -12.038946172733786 0
      vertex 77.39499033500736 -12.589764575602928 0
    endloop
  endfacet
  facet normal -0.6883545756937512 0.7253743710122903 0
    outer loop
      vertex 78.0399158230135 -12.038946172733786 0
      vertex 78.0399158230135 -12.038946172733786 22
      vertex 78.65512985522207 -11.45512985522207 0
    endloop
  endfacet
  facet normal -0.7253743710122871 0.6883545756937545 0
    outer loop
      vertex 79.23894617273379 -10.839915823013502 0
      vertex 78.65512985522207 -11.45512985522207 0
      vertex 78.65512985522207 -11.45512985522207 22
    endloop
  endfacet
  facet normal -0.7604059656000324 0.6494480483301821 0
    outer loop
      vertex 79.78976457560293 -10.194990335007365 0
      vertex 79.23894617273379 -10.839915823013502 0
      vertex 79.23894617273379 -10.839915823013502 22
    endloop
  endfacet
  facet normal -0.7933533402912393 0.6087614290087151 0
    outer loop
      vertex 80.30607530887414 -9.522121087138064 0
      vertex 79.78976457560293 -10.194990335007365 0
      vertex 79.78976457560293 -10.194990335007365 22
    endloop
  endfacet
  facet normal -0.8241261886220073 0.5664062369248452 0
    outer loop
      vertex 80.46622086749925 -9.289107853436754 0
      vertex 80.30607530887414 -9.522121087138064 0
      vertex 80.30607530887414 -9.522121087138064 22
    endloop
  endfacet
  facet normal 0.7933533402912313 0.6087614290087258 0
    outer loop
      vertex 54.610235424397075 -10.194990335007365 0
      vertex 54.09392469112585 -9.522121087138064 22
      vertex 54.610235424397075 -10.194990335007365 22
    endloop
  endfacet
  facet normal 0.8241261886220189 0.5664062369248282 0
    outer loop
      vertex 54.09392469112585 -9.522121087138064 0
      vertex 53.613536799284134 -8.823152367243438 22
      vertex 54.09392469112585 -9.522121087138064 22
    endloop
  endfacet
  facet normal 0.852640164354091 0.522498564715951 0
    outer loop
      vertex 53.613536799284134 -8.823152367243438 0
      vertex 53.170388458692095 -8.1 22
      vertex 53.613536799284134 -8.823152367243438 22
    endloop
  endfacet
  facet normal 0.9025852843498618 0.43051109680829236 0
    outer loop
      vertex 52.76569430814844 -7.354646095780657 0
      vertex 52.40056358618987 -6.589133617827963 22
      vertex 52.76569430814844 -7.354646095780657 22
    endloop
  endfacet
  facet normal 0.8788171126619648 0.4771587602596096 0
    outer loop
      vertex 53.170388458692095 -8.1 0
      vertex 52.76569430814844 -7.354646095780657 22
      vertex 53.170388458692095 -8.1 22
    endloop
  endfacet
  facet normal 0.9426414910921779 0.33380685923377257 0
    outer loop
      vertex 52.07599709074533 -5.805560782633864 0
      vertex 51.79288443601851 -5.006075308874148 22
      vertex 52.07599709074533 -5.805560782633864 22
    endloop
  endfacet
  facet normal 0.923879532511286 0.3826834323650919 0
    outer loop
      vertex 52.40056358618987 -6.589133617827963 0
      vertex 52.07599709074533 -5.805560782633864 22
      vertex 52.40056358618987 -6.589133617827963 22
    endloop
  endfacet
  facet normal 0.9588197348681939 0.2840153447039195 0
    outer loop
      vertex 51.79288443601851 -5.006075308874148 0
      vertex 51.552001614117096 -4.192868530660836 22
      vertex 51.79288443601851 -5.006075308874148 22
    endloop
  endfacet
  facet normal 0.9723699203976751 0.23344536385591166 0
    outer loop
      vertex 51.354008868112345 -3.3681693912477013 22
      vertex 51.552001614117096 -4.192868530660836 22
      vertex 51.552001614117096 -4.192868530660836 0
    endloop
  endfacet
  facet normal 0.9832549075639547 0.18223552549214656 0
    outer loop
      vertex 51.354008868112345 -3.3681693912477013 0
      vertex 51.199448882358766 -2.53423833365174 22
      vertex 51.354008868112345 -3.3681693912477013 22
    endloop
  endfacet
  facet normal 0.991444861373811 0.13052619222004638 0
    outer loop
      vertex 51.199448882358766 -2.53423833365174 0
      vertex 51.08874529503397 -1.6933611049359862 22
      vertex 51.199448882358766 -2.53423833365174 22
    endloop
  endfacet
  facet normal 0.9969173337331275 0.07845909572785155 0
    outer loop
      vertex 51.08874529503397 -1.6933611049359862 0
      vertex 51.0222015369759 -0.8478424911356901 22
      vertex 51.08874529503397 -1.6933611049359862 22
    endloop
  endfacet
  facet normal 0.9996573249755575 0.026176948307868406 0
    outer loop
      vertex 51.0222015369759 -0.8478424911356901 0
      vertex 51 0 22
      vertex 51.0222015369759 -0.8478424911356901 22
    endloop
  endfacet
  facet normal 0.9996573249755575 -0.026176948307868406 0
    outer loop
      vertex 51 0 0
      vertex 51.0222015369759 0.8478424911356901 22
      vertex 51 0 22
    endloop
  endfacet
  facet normal 0.9969173337331275 -0.07845909572785155 0
    outer loop
      vertex 51.0222015369759 0.8478424911356901 0
      vertex 51.08874529503397 1.6933611049359862 22
      vertex 51.0222015369759 0.8478424911356901 22
    endloop
  endfacet
  facet normal 0.991444861373811 -0.13052619222004638 0
    outer loop
      vertex 51.08874529503397 1.6933611049359862 0
      vertex 51.199448882358766 2.53423833365174 22
      vertex 51.08874529503397 1.6933611049359862 22
    endloop
  endfacet
  facet normal 0.9832549075639547 -0.18223552549214656 0
    outer loop
      vertex 51.199448882358766 2.53423833365174 0
      vertex 51.354008868112345 3.3681693912477013 22
      vertex 51.199448882358766 2.53423833365174 22
    endloop
  endfacet
  facet normal 0.9723699203976751 -0.23344536385591166 0
    outer loop
      vertex 51.354008868112345 3.3681693912477013 0
      vertex 51.552001614117096 4.192868530660836 22
      vertex 51.354008868112345 3.3681693912477013 22
    endloop
  endfacet
  facet normal 0.9588197348681939 -0.2840153447039195 0
    outer loop
      vertex 51.552001614117096 4.192868530660836 0
      vertex 51.79288443601851 5.006075308874148 22
      vertex 51.552001614117096 4.192868530660836 22
    endloop
  endfacet
  facet normal 0.9426414910921779 -0.33380685923377257 0
    outer loop
      vertex 51.79288443601851 5.006075308874148 0
      vertex 52.07599709074533 5.805560782633864 22
      vertex 51.79288443601851 5.006075308874148 22
    endloop
  endfacet
  facet normal 0.923879532511286 -0.3826834323650919 0
    outer loop
      vertex 52.07599709074533 5.805560782633864 0
      vertex 52.40056358618987 6.589133617827963 22
      vertex 52.07599709074533 5.805560782633864 22
    endloop
  endfacet
  facet normal 0.9025852843498618 -0.43051109680829236 0
    outer loop
      vertex 52.40056358618987 6.589133617827963 0
      vertex 52.76569430814844 7.354646095780657 22
      vertex 52.40056358618987 6.589133617827963 22
    endloop
  endfacet
  facet normal 0.5664062369248305 0.8241261886220173 0
    outer loop
      vertex 58.376847632756565 -13.586463200715869 0
      vertex 57.677878912861935 -13.106075308874148 22
      vertex 58.376847632756565 -13.586463200715869 22
    endloop
  endfacet
  facet normal 0.3338068592337707 0.9426414910921784 0
    outer loop
      vertex 62.19392469112585 -15.407115563981487 0
      vertex 61.394439217366134 -15.124002909254667 22
      vertex 62.19392469112585 -15.407115563981487 22
    endloop
  endfacet
  facet normal 0.4771587602596096 0.8788171126619648 0
    outer loop
      vertex 59.1 -14.029611541307904 22
      vertex 59.845353904219344 -14.43430569185156 22
      vertex 59.845353904219344 -14.43430569185156 0
    endloop
  endfacet
  facet normal 0.5224985647159489 0.8526401643540923 0
    outer loop
      vertex 59.1 -14.029611541307904 0
      vertex 58.376847632756565 -13.586463200715869 22
      vertex 59.1 -14.029611541307904 22
    endloop
  endfacet
  facet normal 0.43051109680829575 0.9025852843498604 0
    outer loop
      vertex 60.610866382172034 -14.799436413810133 0
      vertex 59.845353904219344 -14.43430569185156 22
      vertex 60.610866382172034 -14.799436413810133 22
    endloop
  endfacet
  facet normal 0.38268343236508967 0.9238795325112867 0
    outer loop
      vertex 61.394439217366134 -15.124002909254667 0
      vertex 60.610866382172034 -14.799436413810133 22
      vertex 61.394439217366134 -15.124002909254667 22
    endloop
  endfacet
  facet normal 0.28401534470392276 0.9588197348681929 0
    outer loop
      vertex 63.007131469339164 -15.647998385882905 22
      vertex 63.007131469339164 -15.647998385882905 0
      vertex 62.19392469112585 -15.407115563981487 22
    endloop
  endfacet
  facet normal 0.2334453638559058 0.9723699203976764 0
    outer loop
      vertex 63.8318306087523 -15.84599113188765 0
      vertex 63.007131469339164 -15.647998385882905 22
      vertex 63.8318306087523 -15.84599113188765 22
    endloop
  endfacet
  facet normal 0.18223552549214656 0.9832549075639547 0
    outer loop
      vertex 64.66576166634826 -16.00055111764123 22
      vertex 64.66576166634826 -16.00055111764123 0
      vertex 63.8318306087523 -15.84599113188765 22
    endloop
  endfacet
  facet normal 0.13052619222005032 0.9914448613738105 0
    outer loop
      vertex 65.50663889506401 -16.111254704966026 0
      vertex 64.66576166634826 -16.00055111764123 22
      vertex 65.50663889506401 -16.111254704966026 22
    endloop
  endfacet
  facet normal 0.07845909572784754 0.9969173337331276 0
    outer loop
      vertex 66.35215750886431 -16.177798463024097 0
      vertex 65.50663889506401 -16.111254704966026 22
      vertex 66.35215750886431 -16.177798463024097 22
    endloop
  endfacet
  facet normal 0.026176948307872476 0.9996573249755573 0
    outer loop
      vertex 67.2 -16.2 0
      vertex 66.35215750886431 -16.177798463024097 22
      vertex 67.2 -16.2 22
    endloop
  endfacet
  facet normal -0.026176948307872476 0.9996573249755573 0
    outer loop
      vertex 68.0478424911357 -16.177798463024097 0
      vertex 67.2 -16.2 22
      vertex 68.0478424911357 -16.177798463024097 22
    endloop
  endfacet
  facet normal -0.07845909572784754 0.9969173337331276 0
    outer loop
      vertex 68.89336110493599 -16.111254704966026 0
      vertex 68.0478424911357 -16.177798463024097 22
      vertex 68.89336110493599 -16.111254704966026 22
    endloop
  endfacet
  facet normal 0.6883545756937512 0.7253743710122903 0
    outer loop
      vertex 56.3600841769865 -12.038946172733786 0
      vertex 55.74487014477793 -11.45512985522207 22
      vertex 56.3600841769865 -12.038946172733786 22
    endloop
  endfacet
  facet normal 0.6087614290087218 0.7933533402912343 0
    outer loop
      vertex 57.677878912861935 -13.106075308874148 0
      vertex 57.005009664992635 -12.589764575602928 22
      vertex 57.677878912861935 -13.106075308874148 22
    endloop
  endfacet
  facet normal 0.6494480483302002 0.7604059656000168 0
    outer loop
      vertex 57.005009664992635 -12.589764575602928 0
      vertex 56.875382236420634 -12.479052292553282 22
      vertex 57.005009664992635 -12.589764575602928 22
    endloop
  endfacet
  facet normal 0.649448048330179 0.7604059656000348 -1.9361896996046909e-16
    outer loop
      vertex 56.3600841769865 -12.038946172733786 22
      vertex 56.875382236420634 -12.479052292553282 22
      vertex 57 -12.585485917492075 0
    endloop
  endfacet
  facet normal 0.7253743710122914 0.6883545756937501 0
    outer loop
      vertex 55.74487014477793 -11.45512985522207 0
      vertex 55.161053827266215 -10.839915823013502 22
      vertex 55.74487014477793 -11.45512985522207 22
    endloop
  endfacet
  facet normal 0.7604059656000324 0.6494480483301821 0
    outer loop
      vertex 55.161053827266215 -10.839915823013502 0
      vertex 54.610235424397075 -10.194990335007365 22
      vertex 55.161053827266215 -10.839915823013502 22
    endloop
  endfacet
  facet normal -0.13052619222005032 0.9914448613738105 0
    outer loop
      vertex 69.73423833365175 -16.00055111764123 0
      vertex 68.89336110493599 -16.111254704966026 22
      vertex 69.73423833365175 -16.00055111764123 22
    endloop
  endfacet
  facet normal -0.18223552549214955 0.9832549075639543 0
    outer loop
      vertex 70.5681693912477 -15.84599113188765 0
      vertex 69.73423833365175 -16.00055111764123 22
      vertex 70.5681693912477 -15.84599113188765 22
    endloop
  endfacet
  facet normal -0.23344536385590395 0.972369920397677 0
    outer loop
      vertex 71.39286853066083 -15.647998385882905 0
      vertex 70.5681693912477 -15.84599113188765 22
      vertex 71.39286853066083 -15.647998385882905 22
    endloop
  endfacet
  facet normal -0.28401534470392276 0.9588197348681929 0
    outer loop
      vertex 72.20607530887415 -15.407115563981487 0
      vertex 71.39286853066083 -15.647998385882905 22
      vertex 72.20607530887415 -15.407115563981487 22
    endloop
  endfacet
  facet normal -0.3338068592337707 0.9426414910921784 0
    outer loop
      vertex 73.00556078263386 -15.124002909254667 0
      vertex 72.20607530887415 -15.407115563981487 22
      vertex 73.00556078263386 -15.124002909254667 22
    endloop
  endfacet
  facet normal -0.38268343236509267 0.9238795325112856 0
    outer loop
      vertex 73.78913361782796 -14.799436413810133 0
      vertex 73.00556078263386 -15.124002909254667 22
      vertex 73.78913361782796 -14.799436413810133 22
    endloop
  endfacet
  facet normal -0.4305110968082924 0.9025852843498617 0
    outer loop
      vertex 73.78913361782796 -14.799436413810133 22
      vertex 74.55464609578065 -14.43430569185156 22
      vertex 74.55464609578065 -14.43430569185156 0
    endloop
  endfacet
  facet normal -0.4771587602596096 0.8788171126619648 0
    outer loop
      vertex 75.3 -14.029611541307904 0
      vertex 74.55464609578065 -14.43430569185156 22
      vertex 75.3 -14.029611541307904 22
    endloop
  endfacet
  facet normal -0.5224985647159452 0.8526401643540946 0
    outer loop
      vertex 76.02315236724344 -13.586463200715869 0
      vertex 75.3 -14.029611541307904 22
      vertex 76.02315236724344 -13.586463200715869 22
    endloop
  endfacet
  facet normal -0.5664062369248344 0.8241261886220146 0
    outer loop
      vertex 76.72212108713806 -13.106075308874148 0
      vertex 76.02315236724344 -13.586463200715869 22
      vertex 76.72212108713806 -13.106075308874148 22
    endloop
  endfacet
  facet normal -0.6087614290087218 0.7933533402912343 0
    outer loop
      vertex 77.39499033500736 -12.589764575602928 22
      vertex 77.39499033500736 -12.589764575602928 0
      vertex 76.72212108713806 -13.106075308874148 22
    endloop
  endfacet
  facet normal -0.6494480483301832 0.7604059656000312 0
    outer loop
      vertex 78.0399158230135 -12.038946172733786 0
      vertex 77.39499033500736 -12.589764575602928 22
      vertex 78.0399158230135 -12.038946172733786 22
    endloop
  endfacet
  facet normal -0.6883545756937512 0.7253743710122903 0
    outer loop
      vertex 78.65512985522207 -11.45512985522207 0
      vertex 78.0399158230135 -12.038946172733786 22
      vertex 78.65512985522207 -11.45512985522207 22
    endloop
  endfacet
  facet normal -0.7253743710122871 0.6883545756937545 0
    outer loop
      vertex 78.65512985522207 -11.45512985522207 22
      vertex 79.23894617273379 -10.839915823013502 22
      vertex 79.23894617273379 -10.839915823013502 0
    endloop
  endfacet
  facet normal -0.7604059656000324 0.6494480483301821 0
    outer loop
      vertex 79.23894617273379 -10.839915823013502 22
      vertex 79.78976457560293 -10.194990335007365 22
      vertex 79.78976457560293 -10.194990335007365 0
    endloop
  endfacet
  facet normal -0.7933533402912393 0.6087614290087151 0
    outer loop
      vertex 79.78976457560293 -10.194990335007365 22
      vertex 80.30607530887414 -9.522121087138064 22
      vertex 80.30607530887414 -9.522121087138064 0
    endloop
  endfacet
  facet normal -0.8241261886220073 0.5664062369248452 0
    outer loop
      vertex 80.46622086749925 -9.289107853436754 0
      vertex 80.30607530887414 -9.522121087138064 22
      vertex 80.46622086749925 -9.289107853436754 22
    endloop
  endfacet
  facet normal 0.8788171126619648 -0.4771587602596096 0
    outer loop
      vertex 52.76569430814844 7.354646095780657 0
      vertex 53.170388458692095 8.1 0
      vertex 53.170388458692095 8.1 22
    endloop
  endfacet
  facet normal 0.852640164354091 -0.522498564715951 0
    outer loop
      vertex 53.170388458692095 8.1 0
      vertex 53.613536799284134 8.823152367243438 0
      vertex 53.613536799284134 8.823152367243438 22
    endloop
  endfacet
  facet normal 0.8241261886220189 -0.5664062369248282 0
    outer loop
      vertex 53.613536799284134 8.823152367243438 0
      vertex 54.09392469112585 9.522121087138064 0
      vertex 54.09392469112585 9.522121087138064 22
    endloop
  endfacet
  facet normal 0.7933533402912313 -0.6087614290087258 0
    outer loop
      vertex 54.09392469112585 9.522121087138064 0
      vertex 54.610235424397075 10.194990335007365 0
      vertex 54.610235424397075 10.194990335007365 22
    endloop
  endfacet
  facet normal 0.7604059656000324 -0.6494480483301821 0
    outer loop
      vertex 54.610235424397075 10.194990335007365 0
      vertex 55.161053827266215 10.839915823013502 0
      vertex 55.161053827266215 10.839915823013502 22
    endloop
  endfacet
  facet normal 0.7253743710122914 -0.6883545756937501 0
    outer loop
      vertex 55.161053827266215 10.839915823013502 0
      vertex 55.74487014477793 11.45512985522207 0
      vertex 55.74487014477793 11.45512985522207 22
    endloop
  endfacet
  facet normal 0.6883545756937512 -0.7253743710122903 0
    outer loop
      vertex 56.3600841769865 12.038946172733786 0
      vertex 56.3600841769865 12.038946172733786 22
      vertex 55.74487014477793 11.45512985522207 0
    endloop
  endfacet
  facet normal 0.6494480483301829 -0.7604059656000316 2.0988348158011846e-17
    outer loop
      vertex 56.3600841769865 12.038946172733786 0
      vertex 57 12.585485917492075 0
      vertex 57.005009664992635 12.589764575602928 22
    endloop
  endfacet
  facet normal 0.6494480483302372 -0.7604059655999853 0
    outer loop
      vertex 57.005009664992635 12.589764575602928 0
      vertex 57.005009664992635 12.589764575602928 22
      vertex 57 12.585485917492075 0
    endloop
  endfacet
  facet normal 0.6087614290087218 -0.7933533402912343 0
    outer loop
      vertex 57.677878912861935 13.106075308874148 0
      vertex 57.677878912861935 13.106075308874148 22
      vertex 57.005009664992635 12.589764575602928 0
    endloop
  endfacet
  facet normal 0.5664062369248305 -0.8241261886220173 0
    outer loop
      vertex 58.376847632756565 13.586463200715869 0
      vertex 58.376847632756565 13.586463200715869 22
      vertex 57.677878912861935 13.106075308874148 0
    endloop
  endfacet
  facet normal 0.5224985647159489 -0.8526401643540923 0
    outer loop
      vertex 59.1 14.029611541307904 22
      vertex 58.376847632756565 13.586463200715869 0
      vertex 59.1 14.029611541307904 0
    endloop
  endfacet
  facet normal 0.4771587602596096 -0.8788171126619648 0
    outer loop
      vertex 59.1 14.029611541307904 0
      vertex 59.845353904219344 14.43430569185156 0
      vertex 59.845353904219344 14.43430569185156 22
    endloop
  endfacet
  facet normal 0.43051109680829575 -0.9025852843498604 0
    outer loop
      vertex 60.610866382172034 14.799436413810133 0
      vertex 60.610866382172034 14.799436413810133 22
      vertex 59.845353904219344 14.43430569185156 0
    endloop
  endfacet
  facet normal 0.38268343236508967 -0.9238795325112867 0
    outer loop
      vertex 61.394439217366134 15.124002909254667 0
      vertex 61.394439217366134 15.124002909254667 22
      vertex 60.610866382172034 14.799436413810133 0
    endloop
  endfacet
  facet normal 0.3338068592337707 -0.9426414910921784 0
    outer loop
      vertex 62.19392469112585 15.407115563981487 0
      vertex 62.19392469112585 15.407115563981487 22
      vertex 61.394439217366134 15.124002909254667 0
    endloop
  endfacet
  facet normal 0.28401534470392276 -0.9588197348681929 0
    outer loop
      vertex 63.007131469339164 15.647998385882905 22
      vertex 62.19392469112585 15.407115563981487 0
      vertex 63.007131469339164 15.647998385882905 0
    endloop
  endfacet
  facet normal 0.2334453638559058 -0.9723699203976764 0
    outer loop
      vertex 63.8318306087523 15.84599113188765 0
      vertex 63.8318306087523 15.84599113188765 22
      vertex 63.007131469339164 15.647998385882905 0
    endloop
  endfacet
  facet normal 0.18223552549214656 -0.9832549075639547 0
    outer loop
      vertex 64.66576166634826 16.00055111764123 0
      vertex 64.66576166634826 16.00055111764123 22
      vertex 63.8318306087523 15.84599113188765 0
    endloop
  endfacet
  facet normal 0.13052619222005032 -0.9914448613738105 0
    outer loop
      vertex 65.50663889506401 16.111254704966026 0
      vertex 65.50663889506401 16.111254704966026 22
      vertex 64.66576166634826 16.00055111764123 0
    endloop
  endfacet
  facet normal 0.07845909572784754 -0.9969173337331276 0
    outer loop
      vertex 66.35215750886431 16.177798463024097 0
      vertex 66.35215750886431 16.177798463024097 22
      vertex 65.50663889506401 16.111254704966026 0
    endloop
  endfacet
  facet normal 0.026176948307872476 -0.9996573249755573 0
    outer loop
      vertex 67.2 16.2 22
      vertex 66.35215750886431 16.177798463024097 0
      vertex 67.2 16.2 0
    endloop
  endfacet
  facet normal -0.026176948307872476 -0.9996573249755573 0
    outer loop
      vertex 68.0478424911357 16.177798463024097 0
      vertex 68.0478424911357 16.177798463024097 22
      vertex 67.2 16.2 0
    endloop
  endfacet
  facet normal -0.07845909572784754 -0.9969173337331276 0
    outer loop
      vertex 68.89336110493599 16.111254704966026 0
      vertex 68.89336110493599 16.111254704966026 22
      vertex 68.0478424911357 16.177798463024097 0
    endloop
  endfacet
  facet normal -0.5664062369248344 -0.8241261886220146 0
    outer loop
      vertex 76.72212108713806 13.106075308874148 0
      vertex 76.72212108713806 13.106075308874148 22
      vertex 76.02315236724344 13.586463200715869 0
    endloop
  endfacet
  facet normal -0.4771587602596096 -0.8788171126619648 0
    outer loop
      vertex 75.3 14.029611541307904 0
      vertex 75.3 14.029611541307904 22
      vertex 74.55464609578065 14.43430569185156 0
    endloop
  endfacet
  facet normal -0.5224985647159452 -0.8526401643540946 0
    outer loop
      vertex 76.02315236724344 13.586463200715869 0
      vertex 76.02315236724344 13.586463200715869 22
      vertex 75.3 14.029611541307904 0
    endloop
  endfacet
  facet normal -0.7604059656000324 -0.6494480483301821 0
    outer loop
      vertex 79.23894617273379 10.839915823013502 0
      vertex 79.78976457560293 10.194990335007365 0
      vertex 79.78976457560293 10.194990335007365 22
    endloop
  endfacet
  facet normal -0.8241261886220073 -0.5664062369248452 0
    outer loop
      vertex 80.30607530887414 9.522121087138064 0
      vertex 80.46622086749925 9.289107853436754 0
      vertex 80.46622086749925 9.289107853436754 22
    endloop
  endfacet
  facet normal -0.7933533402912393 -0.6087614290087151 0
    outer loop
      vertex 79.78976457560293 10.194990335007365 0
      vertex 80.30607530887414 9.522121087138064 0
      vertex 80.30607530887414 9.522121087138064 22
    endloop
  endfacet
  facet normal -0.6494480483301832 -0.7604059656000312 0
    outer loop
      vertex 78.0399158230135 12.038946172733786 0
      vertex 78.0399158230135 12.038946172733786 22
      vertex 77.39499033500736 12.589764575602928 0
    endloop
  endfacet
  facet normal -0.7253743710122871 -0.6883545756937545 0
    outer loop
      vertex 78.65512985522207 11.45512985522207 0
      vertex 79.23894617273379 10.839915823013502 0
      vertex 79.23894617273379 10.839915823013502 22
    endloop
  endfacet
  facet normal -0.6883545756937512 -0.7253743710122903 0
    outer loop
      vertex 78.0399158230135 12.038946172733786 0
      vertex 78.65512985522207 11.45512985522207 0
      vertex 78.65512985522207 11.45512985522207 22
    endloop
  endfacet
  facet normal -0.6087614290087218 -0.7933533402912343 0
    outer loop
      vertex 77.39499033500736 12.589764575602928 22
      vertex 76.72212108713806 13.106075308874148 0
      vertex 77.39499033500736 12.589764575602928 0
    endloop
  endfacet
  facet normal -0.18223552549214955 -0.9832549075639543 0
    outer loop
      vertex 70.5681693912477 15.84599113188765 0
      vertex 70.5681693912477 15.84599113188765 22
      vertex 69.73423833365175 16.00055111764123 0
    endloop
  endfacet
  facet normal -0.28401534470392276 -0.9588197348681929 0
    outer loop
      vertex 72.20607530887415 15.407115563981487 0
      vertex 72.20607530887415 15.407115563981487 22
      vertex 71.39286853066083 15.647998385882905 0
    endloop
  endfacet
  facet normal -0.23344536385590395 -0.972369920397677 0
    outer loop
      vertex 71.39286853066083 15.647998385882905 0
      vertex 71.39286853066083 15.647998385882905 22
      vertex 70.5681693912477 15.84599113188765 0
    endloop
  endfacet
  facet normal -0.3338068592337707 -0.9426414910921784 0
    outer loop
      vertex 73.00556078263386 15.124002909254667 0
      vertex 73.00556078263386 15.124002909254667 22
      vertex 72.20607530887415 15.407115563981487 0
    endloop
  endfacet
  facet normal -0.13052619222005032 -0.9914448613738105 0
    outer loop
      vertex 69.73423833365175 16.00055111764123 0
      vertex 69.73423833365175 16.00055111764123 22
      vertex 68.89336110493599 16.111254704966026 0
    endloop
  endfacet
  facet normal -0.38268343236509267 -0.9238795325112856 0
    outer loop
      vertex 73.78913361782796 14.799436413810133 0
      vertex 73.78913361782796 14.799436413810133 22
      vertex 73.00556078263386 15.124002909254667 0
    endloop
  endfacet
  facet normal -0.4305110968082924 -0.9025852843498617 0
    outer loop
      vertex 73.78913361782796 14.799436413810133 0
      vertex 74.55464609578065 14.43430569185156 0
      vertex 74.55464609578065 14.43430569185156 22
    endloop
  endfacet
  facet normal 0.8788171126619648 -0.4771587602596096 0
    outer loop
      vertex 52.76569430814844 7.354646095780657 0
      vertex 53.170388458692095 8.1 22
      vertex 52.76569430814844 7.354646095780657 22
    endloop
  endfacet
  facet normal 0.852640164354091 -0.522498564715951 0
    outer loop
      vertex 53.170388458692095 8.1 0
      vertex 53.613536799284134 8.823152367243438 22
      vertex 53.170388458692095 8.1 22
    endloop
  endfacet
  facet normal 0.8241261886220189 -0.5664062369248282 0
    outer loop
      vertex 53.613536799284134 8.823152367243438 0
      vertex 54.09392469112585 9.522121087138064 22
      vertex 53.613536799284134 8.823152367243438 22
    endloop
  endfacet
  facet normal 0.7933533402912313 -0.6087614290087258 0
    outer loop
      vertex 54.09392469112585 9.522121087138064 0
      vertex 54.610235424397075 10.194990335007365 22
      vertex 54.09392469112585 9.522121087138064 22
    endloop
  endfacet
  facet normal 0.7604059656000324 -0.6494480483301821 0
    outer loop
      vertex 54.610235424397075 10.194990335007365 0
      vertex 55.161053827266215 10.839915823013502 22
      vertex 54.610235424397075 10.194990335007365 22
    endloop
  endfacet
  facet normal 0.7253743710122914 -0.6883545756937501 0
    outer loop
      vertex 55.74487014477793 11.45512985522207 22
      vertex 55.161053827266215 10.839915823013502 22
      vertex 55.161053827266215 10.839915823013502 0
    endloop
  endfacet
  facet normal 0.6883545756937535 -0.7253743710122882 0
    outer loop
      vertex 55.74487014477793 11.45512985522207 22
      vertex 55.74487014477793 11.45512985522207 0
      vertex 56.260922807856176 11.94484554704218 22
    endloop
  endfacet
  facet normal 0.6883545756937401 -0.725374371012301 5.952603629199943e-16
    outer loop
      vertex 56.260922807856176 11.94484554704218 22
      vertex 55.74487014477793 11.45512985522207 0
      vertex 56.3600841769865 12.038946172733786 22
    endloop
  endfacet
  facet normal 0.6494480483301832 -0.7604059656000312 0
    outer loop
      vertex 56.3600841769865 12.038946172733786 0
      vertex 57.005009664992635 12.589764575602928 22
      vertex 56.3600841769865 12.038946172733786 22
    endloop
  endfacet
  facet normal 0.6087614290087218 -0.7933533402912343 0
    outer loop
      vertex 57.005009664992635 12.589764575602928 0
      vertex 57.677878912861935 13.106075308874148 22
      vertex 57.005009664992635 12.589764575602928 22
    endloop
  endfacet
  facet normal 0.5664062369248305 -0.8241261886220173 0
    outer loop
      vertex 57.677878912861935 13.106075308874148 0
      vertex 58.376847632756565 13.586463200715869 22
      vertex 57.677878912861935 13.106075308874148 22
    endloop
  endfacet
  facet normal 0.5224985647159489 -0.8526401643540923 0
    outer loop
      vertex 58.376847632756565 13.586463200715869 0
      vertex 59.1 14.029611541307904 22
      vertex 58.376847632756565 13.586463200715869 22
    endloop
  endfacet
  facet normal 0.4771587602596096 -0.8788171126619648 0
    outer loop
      vertex 59.1 14.029611541307904 0
      vertex 59.845353904219344 14.43430569185156 22
      vertex 59.1 14.029611541307904 22
    endloop
  endfacet
  facet normal 0.43051109680829575 -0.9025852843498604 0
    outer loop
      vertex 59.845353904219344 14.43430569185156 0
      vertex 60.610866382172034 14.799436413810133 22
      vertex 59.845353904219344 14.43430569185156 22
    endloop
  endfacet
  facet normal 0.38268343236508967 -0.9238795325112867 0
    outer loop
      vertex 60.610866382172034 14.799436413810133 0
      vertex 61.394439217366134 15.124002909254667 22
      vertex 60.610866382172034 14.799436413810133 22
    endloop
  endfacet
  facet normal 0.3338068592337707 -0.9426414910921784 0
    outer loop
      vertex 61.394439217366134 15.124002909254667 0
      vertex 62.19392469112585 15.407115563981487 22
      vertex 61.394439217366134 15.124002909254667 22
    endloop
  endfacet
  facet normal 0.28401534470392276 -0.9588197348681929 0
    outer loop
      vertex 62.19392469112585 15.407115563981487 0
      vertex 63.007131469339164 15.647998385882905 22
      vertex 62.19392469112585 15.407115563981487 22
    endloop
  endfacet
  facet normal 0.2334453638559058 -0.9723699203976764 0
    outer loop
      vertex 63.007131469339164 15.647998385882905 22
      vertex 63.007131469339164 15.647998385882905 0
      vertex 63.8318306087523 15.84599113188765 22
    endloop
  endfacet
  facet normal 0.18223552549214656 -0.9832549075639547 0
    outer loop
      vertex 63.8318306087523 15.84599113188765 0
      vertex 64.66576166634826 16.00055111764123 22
      vertex 63.8318306087523 15.84599113188765 22
    endloop
  endfacet
  facet normal 0.13052619222005032 -0.9914448613738105 0
    outer loop
      vertex 64.66576166634826 16.00055111764123 0
      vertex 65.50663889506401 16.111254704966026 22
      vertex 64.66576166634826 16.00055111764123 22
    endloop
  endfacet
  facet normal 0.07845909572784754 -0.9969173337331276 0
    outer loop
      vertex 65.50663889506401 16.111254704966026 0
      vertex 66.35215750886431 16.177798463024097 22
      vertex 65.50663889506401 16.111254704966026 22
    endloop
  endfacet
  facet normal 0.026176948307872476 -0.9996573249755573 0
    outer loop
      vertex 66.35215750886431 16.177798463024097 0
      vertex 67.2 16.2 22
      vertex 66.35215750886431 16.177798463024097 22
    endloop
  endfacet
  facet normal -0.026176948307872476 -0.9996573249755573 0
    outer loop
      vertex 67.2 16.2 22
      vertex 67.2 16.2 0
      vertex 68.0478424911357 16.177798463024097 22
    endloop
  endfacet
  facet normal -0.07845909572784754 -0.9969173337331276 0
    outer loop
      vertex 68.0478424911357 16.177798463024097 0
      vertex 68.89336110493599 16.111254704966026 22
      vertex 68.0478424911357 16.177798463024097 22
    endloop
  endfacet
  facet normal -0.13052619222005032 -0.9914448613738105 0
    outer loop
      vertex 68.89336110493599 16.111254704966026 0
      vertex 69.73423833365175 16.00055111764123 22
      vertex 68.89336110493599 16.111254704966026 22
    endloop
  endfacet
  facet normal -0.5664062369248344 -0.8241261886220146 0
    outer loop
      vertex 76.02315236724344 13.586463200715869 0
      vertex 76.72212108713806 13.106075308874148 22
      vertex 76.02315236724344 13.586463200715869 22
    endloop
  endfacet
  facet normal -0.4771587602596096 -0.8788171126619648 0
    outer loop
      vertex 75.3 14.029611541307904 22
      vertex 74.55464609578065 14.43430569185156 22
      vertex 74.55464609578065 14.43430569185156 0
    endloop
  endfacet
  facet normal -0.5224985647159452 -0.8526401643540946 0
    outer loop
      vertex 75.3 14.029611541307904 0
      vertex 76.02315236724344 13.586463200715869 22
      vertex 75.3 14.029611541307904 22
    endloop
  endfacet
  facet normal -0.7933533402912393 -0.6087614290087151 0
    outer loop
      vertex 80.30607530887414 9.522121087138064 22
      vertex 79.78976457560293 10.194990335007365 22
      vertex 79.78976457560293 10.194990335007365 0
    endloop
  endfacet
  facet normal -0.7604059656000324 -0.6494480483301821 0
    outer loop
      vertex 79.23894617273379 10.839915823013502 0
      vertex 79.78976457560293 10.194990335007365 22
      vertex 79.23894617273379 10.839915823013502 22
    endloop
  endfacet
  facet normal -0.8241261886220073 -0.5664062369248452 0
    outer loop
      vertex 80.30607530887414 9.522121087138064 0
      vertex 80.46622086749925 9.289107853436754 22
      vertex 80.30607530887414 9.522121087138064 22
    endloop
  endfacet
  facet normal -0.6883545756937512 -0.7253743710122903 0
    outer loop
      vertex 78.0399158230135 12.038946172733786 0
      vertex 78.65512985522207 11.45512985522207 22
      vertex 78.0399158230135 12.038946172733786 22
    endloop
  endfacet
  facet normal -0.6494480483301832 -0.7604059656000312 0
    outer loop
      vertex 77.39499033500736 12.589764575602928 22
      vertex 77.39499033500736 12.589764575602928 0
      vertex 78.0399158230135 12.038946172733786 22
    endloop
  endfacet
  facet normal -0.7253743710122871 -0.6883545756937545 0
    outer loop
      vertex 79.23894617273379 10.839915823013502 22
      vertex 78.65512985522207 11.45512985522207 22
      vertex 78.65512985522207 11.45512985522207 0
    endloop
  endfacet
  facet normal -0.6087614290087218 -0.7933533402912343 0
    outer loop
      vertex 76.72212108713806 13.106075308874148 0
      vertex 77.39499033500736 12.589764575602928 22
      vertex 76.72212108713806 13.106075308874148 22
    endloop
  endfacet
  facet normal -0.18223552549214955 -0.9832549075639543 0
    outer loop
      vertex 69.73423833365175 16.00055111764123 0
      vertex 70.5681693912477 15.84599113188765 22
      vertex 69.73423833365175 16.00055111764123 22
    endloop
  endfacet
  facet normal -0.23344536385590395 -0.972369920397677 0
    outer loop
      vertex 70.5681693912477 15.84599113188765 0
      vertex 71.39286853066083 15.647998385882905 22
      vertex 70.5681693912477 15.84599113188765 22
    endloop
  endfacet
  facet normal -0.28401534470392276 -0.9588197348681929 0
    outer loop
      vertex 71.39286853066083 15.647998385882905 0
      vertex 72.20607530887415 15.407115563981487 22
      vertex 71.39286853066083 15.647998385882905 22
    endloop
  endfacet
  facet normal -0.3338068592337707 -0.9426414910921784 0
    outer loop
      vertex 72.20607530887415 15.407115563981487 0
      vertex 73.00556078263386 15.124002909254667 22
      vertex 72.20607530887415 15.407115563981487 22
    endloop
  endfacet
  facet normal -0.38268343236509267 -0.9238795325112856 0
    outer loop
      vertex 73.00556078263386 15.124002909254667 0
      vertex 73.78913361782796 14.799436413810133 22
      vertex 73.00556078263386 15.124002909254667 22
    endloop
  endfacet
  facet normal -0.4305110968082924 -0.9025852843498617 0
    outer loop
      vertex 73.78913361782796 14.799436413810133 0
      vertex 74.55464609578065 14.43430569185156 22
      vertex 73.78913361782796 14.799436413810133 22
    endloop
  endfacet
  facet normal 0.5735764362871905 0.8191520443337039 0
    outer loop
      vertex 80.46622086749925 -9.289107853436754 0
      vertex 83.7418309582398 -11.582714730828545 22
      vertex 83.7418309582398 -11.582714730828545 0
    endloop
  endfacet
  facet normal 0.5735764362871905 0.8191520443337039 0
    outer loop
      vertex 83.7418309582398 -11.582714730828545 22
      vertex 80.46622086749925 -9.289107853436754 0
      vertex 80.46622086749925 -9.289107853436754 22
    endloop
  endfacet
  facet normal 0.5735764362871905 -0.8191520443337039 0
    outer loop
      vertex 83.7418309582398 11.582714730828545 0
      vertex 80.46622086749925 9.289107853436754 22
      vertex 80.46622086749925 9.289107853436754 0
    endloop
  endfacet
  facet normal 0.5735764362871905 -0.8191520443337039 0
    outer loop
      vertex 80.46622086749925 9.289107853436754 22
      vertex 83.7418309582398 11.582714730828545 0
      vertex 83.7418309582398 11.582714730828545 22
    endloop
  endfacet
endsolid OpenSCAD_Model
