solid PythonSCAD_Model
  facet normal 0 0 -1
    outer loop
      vertex 12 -8.660254037844386 0
      vertex 13.909830056250525 -9.510565162951535 0
      vertex 12 -11.926173277160506 0
    endloop
  endfacet
  facet normal 0 0 -1
    outer loop
      vertex 13.909830056250525 -9.510565162951535 0
      vertex 15.954715367323466 -9.945218953682733 0
      vertex 12.982779073125684 -12.363734711836996 0
    endloop
  endfacet
  facet normal 0 0 -1
    outer loop
      vertex 18.045284632676534 -9.945218953682733 0
      vertex 18.358870022479493 -12.928784639787553 0
      vertex 17.686783813144253 -12.928784639787553 0
    endloop
  endfacet
  facet normal 0 0 -1
    outer loop
      vertex 18.045284632676534 -9.945218953682733 0
      vertex 15.641129977520505 -12.928784639787553 0
      vertex 15.954715367323466 -9.945218953682733 0
    endloop
  endfacet
  facet normal 0 0 -1
    outer loop
      vertex 20.090169943749473 -9.510565162951535 0
      vertex 18.358870022479493 -12.928784639787553 0
      vertex 18.045284632676534 -9.945218953682733 0
    endloop
  endfacet
  facet normal 0 0 -1
    outer loop
      vertex 20.090169943749473 -9.510565162951535 0
      vertex 20.359821413726767 -12.503469291995184 0
      vertex 19.71188142917138 -12.641193187280805 0
    endloop
  endfacet
  facet normal 0 0 -1
    outer loop
      vertex 22 -8.660254037844386 0
      vertex 22.28087216294004 -11.801120933314946 0
      vertex 21.66478299659965 -12.075421502877509 0
    endloop
  endfacet
  facet normal 0 0 -1
    outer loop
      vertex 20.090169943749473 -9.510565162951535 0
      vertex 22 -8.660254037844386 0
      vertex 21.017220926874316 -12.363734711836996 0
    endloop
  endfacet
  facet normal 0 0 -1
    outer loop
      vertex 23.691306063588584 -7.431448254773942 0
      vertex 23.5 -11.258330249197702 0
      vertex 22 -8.660254037844386 0
    endloop
  endfacet
  facet normal 0 0 -1
    outer loop
      vertex 23.691306063588584 -7.431448254773942 0
      vertex 25.090169943749473 -5.877852522924732 0
      vertex 23.5 -11.258330249197702 0
    endloop
  endfacet
  facet normal 0 0 -1
    outer loop
      vertex 25.090169943749473 -5.877852522924732 0
      vertex 25.660254037844645 -5.000000000031402 0
      vertex 25.668395232143332 -5.987028017001184 0
    endloop
  endfacet
  facet normal 0 0 -1
    outer loop
      vertex 25.612812260074282 -4.972609476864678 0
      vertex 25.660254037844645 -5.000000000031402 0
      vertex 25.090169943749473 -5.877852522924732 0
    endloop
  endfacet
  facet normal 0 0 -1
    outer loop
      vertex 25.612812260074282 4.972609476864678 0
      vertex 25.090169943749473 5.877852522924732 0
      vertex 25.647366865067806 5.021029954637781 0
    endloop
  endfacet
  facet normal 0 0 -1
    outer loop
      vertex 25.647366865067806 5.021029954637781 0
      vertex 25.090169943749473 5.877852522924732 0
      vertex 25.437317395634196 6.130069910207678 0
    endloop
  endfacet
  facet normal 0 0 -1
    outer loop
      vertex 25.698697882665158 9.660882731206126 0
      vertex 25.437317395634196 6.130069910207678 0
      vertex 25.090169943749473 5.877852522924732 0
    endloop
  endfacet
  facet normal 0 0 -1
    outer loop
      vertex 25.698697882665158 9.660882731206126 0
      vertex 25.670975301319814 6.299832315692945 0
      vertex 25.437317395634196 6.130069910207678 0
    endloop
  endfacet
  facet normal 0 0 1
    outer loop
      vertex 13.511551769381882 -10.736339689661525 16
      vertex 12.982779073125684 -12.363734711836996 16
      vertex 13.63158590118796 -12.501642860397945 16
    endloop
  endfacet
  facet normal 0 0 1
    outer loop
      vertex 14.288118570828619 -12.641193187280805 16
      vertex 13.511551769381882 -10.736339689661525 16
      vertex 13.640178586273231 -12.503469291995184 16
    endloop
  endfacet
  facet normal 0 0 1
    outer loop
      vertex 12.335217003400349 -12.07542150287751 16
      vertex 12.412083734293939 -10.213140325065048 16
      vertex 12 -11.926173277160506 16
    endloop
  endfacet
  facet normal 0 0 1
    outer loop
      vertex 12.412083734293939 -10.213140325065048 16
      vertex 12.982779073125684 -12.363734711836996 16
      vertex 13.511551769381882 -10.736339689661525 16
    endloop
  endfacet
  facet normal 0 0 1
    outer loop
      vertex 12 -8.660254037844386 16
      vertex 12 -11.926173277160506 16
      vertex 12.412083734293939 -10.213140325065048 16
    endloop
  endfacet
  facet normal 0 0 1
    outer loop
      vertex 13.511551769381882 -10.736339689661525 16
      vertex 12 -8.660254037844386 16
      vertex 12.412083734293939 -10.213140325065048 16
    endloop
  endfacet
  facet normal 0 0 1
    outer loop
      vertex 14.288118570828619 -12.641193187280805 16
      vertex 14.382388486787047 -10.44356840020583 16
      vertex 13.511551769381882 -10.736339689661525 16
    endloop
  endfacet
  facet normal 0 0 1
    outer loop
      vertex 13.909830056250525 -9.510565162951535 16
      vertex 13.511551769381882 -10.736339689661525 16
      vertex 14.382388486787047 -10.44356840020583 16
    endloop
  endfacet
  facet normal 0 0 1
    outer loop
      vertex 13.909830056250525 -9.510565162951535 16
      vertex 14.382388486787047 -10.44356840020583 16
      vertex 15.954715367323466 -9.945218953682733 16
    endloop
  endfacet
  facet normal 0 0 1
    outer loop
      vertex 15.641129977520505 -12.928784639787553 16
      vertex 16.313216186855747 -12.928784639787553 16
      vertex 16.446789510717473 -10.555884963084903 16
    endloop
  endfacet
  facet normal 0 0 1
    outer loop
      vertex 17.67756889179996 -12.928784639787553 16
      vertex 18.358870022479493 -12.928784639787553 16
      vertex 17.630175888264063 -12.024472261277145 16
    endloop
  endfacet
  facet normal 0 0 1
    outer loop
      vertex 18.045284632676534 -9.945218953682733 16
      vertex 17.630175888264063 -12.024472261277145 16
      vertex 18.358870022479493 -12.928784639787553 16
    endloop
  endfacet
  facet normal 0 0 1
    outer loop
      vertex 15.954715367323466 -9.945218953682733 16
      vertex 14.382388486787047 -10.44356840020583 16
      vertex 15.641129977520505 -12.928784639787553 16
    endloop
  endfacet
  facet normal 0 0 1
    outer loop
      vertex 15.641129977520505 -12.928784639787553 16
      vertex 16.446789510717473 -10.555884963084903 16
      vertex 15.954715367323466 -9.945218953682733 16
    endloop
  endfacet
  facet normal 0 0 1
    outer loop
      vertex 15.954715367323466 -9.945218953682733 16
      vertex 16.446789510717473 -10.555884963084903 16
      vertex 18.045284632676534 -9.945218953682733 16
    endloop
  endfacet
  facet normal 0 0 1
    outer loop
      vertex 18.045284632676534 -9.945218953682733 16
      vertex 16.446789510717473 -10.555884963084903 16
      vertex 17.630175888264063 -12.024472261277145 16
    endloop
  endfacet
  facet normal 0 0 1
    outer loop
      vertex 11.724377315851601 -8.460002436127585 16
      vertex 11.998977076917322 -11.913309219280974 16
      vertex 12 -8.660254037844386 16
    endloop
  endfacet
  facet normal 0 0 1
    outer loop
      vertex 13.909830056250525 -9.510565162951535 16
      vertex 12 -8.660254037844386 16
      vertex 13.511551769381882 -10.736339689661525 16
    endloop
  endfacet
  facet normal 0 0 1
    outer loop
      vertex 20.359821413726767 -12.503469291995184 16
      vertex 21.017220926874316 -12.363734711836996 16
      vertex 20.29422183536488 -11.775369241365569 16
    endloop
  endfacet
  facet normal 0 0 1
    outer loop
      vertex 18.045284632676534 -9.945218953682733 16
      vertex 20.29422183536488 -11.775369241365569 16
      vertex 20.090169943749473 -9.510565162951535 16
    endloop
  endfacet
  facet normal 0 0 1
    outer loop
      vertex 20.090169943749473 -9.510565162951535 16
      vertex 20.29422183536488 -11.775369241365569 16
      vertex 21.017220926874316 -12.363734711836996 16
    endloop
  endfacet
  facet normal 0 0 1
    outer loop
      vertex 21.017220926874316 -12.363734711836996 16
      vertex 20.788082284975175 -9.868291736749141 16
      vertex 20.64977083054813 -9.797397901253618 16
    endloop
  endfacet
  facet normal 0 0 1
    outer loop
      vertex 22.644427805134548 -9.776435738147518 16
      vertex 20.788082284975175 -9.868291736749141 16
      vertex 22.897518881215632 -10.94951853507617 16
    endloop
  endfacet
  facet normal 0 0 1
    outer loop
      vertex 22.901475690389578 -11.524810440690748 16
      vertex 23.5 -11.258330249197702 16
      vertex 22.897518881215632 -10.94951853507617 16
    endloop
  endfacet
  facet normal 0 0 1
    outer loop
      vertex 22.897518881215632 -10.94951853507617 16
      vertex 23.5 -11.258330249197702 16
      vertex 22.644427805134548 -9.776435738147518 16
    endloop
  endfacet
  facet normal 0 0 1
    outer loop
      vertex 23.5 -11.258330249197702 16
      vertex 23.627282352749173 -9.10049151222516 16
      vertex 22.644427805134548 -9.776435738147518 16
    endloop
  endfacet
  facet normal 0 0 1
    outer loop
      vertex 20.090169943749473 -9.510565162951535 16
      vertex 20.64977083054813 -9.797397901253618 16
      vertex 22 -8.660254037844386 16
    endloop
  endfacet
  facet normal 0 0 1
    outer loop
      vertex 20.64977083054813 -9.797397901253618 16
      vertex 20.788082284975175 -9.868291736749141 16
      vertex 22.644427805134548 -9.776435738147518 16
    endloop
  endfacet
  facet normal 0 0 1
    outer loop
      vertex 22 -8.660254037844386 16
      vertex 20.64977083054813 -9.797397901253618 16
      vertex 22.644427805134548 -9.776435738147518 16
    endloop
  endfacet
  facet normal 0 0 1
    outer loop
      vertex 22.644427805134548 -9.776435738147518 16
      vertex 23.627282352749173 -9.10049151222516 16
      vertex 22.50483323767318 -8.796829297301505 16
    endloop
  endfacet
  facet normal 0 0 1
    outer loop
      vertex 22 -8.660254037844386 16
      vertex 22.50483323767318 -8.796829297301505 16
      vertex 23.691306063588584 -7.431448254773942 16
    endloop
  endfacet
  facet normal 0 0 1
    outer loop
      vertex 25.179765425977088 -10.037909230152307 16
      vertex 25.698697882665158 -9.660882731206126 16
      vertex 25.168556483726498 -9.51746071833961 16
    endloop
  endfacet
  facet normal 0 0 1
    outer loop
      vertex 23.627282352749173 -9.10049151222516 16
      vertex 25.168556483726498 -9.51746071833961 16
      vertex 25.090169943749473 -5.877852522924732 16
    endloop
  endfacet
  facet normal 0 0 1
    outer loop
      vertex 25.168556483726498 -9.51746071833961 16
      vertex 25.698697882665158 -9.660882731206126 16
      vertex 25.090169943749473 -5.877852522924732 16
    endloop
  endfacet
  facet normal 0 0 1
    outer loop
      vertex 22.50483323767318 -8.796829297301505 16
      vertex 23.627282352749173 -9.10049151222516 16
      vertex 25.090169943749473 -5.877852522924732 16
    endloop
  endfacet
  facet normal 0 0 1
    outer loop
      vertex 22.50483323767318 -8.796829297301505 16
      vertex 25.090169943749473 -5.877852522924732 16
      vertex 23.691306063588584 -7.431448254773942 16
    endloop
  endfacet
  facet normal 0 0 1
    outer loop
      vertex 25.698697882665158 -9.660882731206126 16
      vertex 25.84091132195137 -6.423298061721767 16
      vertex 25.437317395634196 -6.130069910207678 16
    endloop
  endfacet
  facet normal 0 0 1
    outer loop
      vertex 25.612812260074282 -4.972609476864678 16
      vertex 25.090169943749473 -5.877852522924732 16
      vertex 25.437317395634196 -6.130069910207678 16
    endloop
  endfacet
  facet normal 0 0 1
    outer loop
      vertex 25.437317395634196 -6.130069910207678 16
      vertex 25.84091132195137 -6.423298061721767 16
      vertex 25.612812260074282 -4.972609476864678 16
    endloop
  endfacet
  facet normal 0 0 1
    outer loop
      vertex 25.612812260074282 4.972609476864678 16
      vertex 25.660254037844645 5.000000000031402 16
      vertex 25.090169943749473 5.877852522924732 16
    endloop
  endfacet
  facet normal 0 0 1
    outer loop
      vertex 23.691306063588584 7.431448254773942 16
      vertex 25.090169943749473 5.877852522924732 16
      vertex 24.82374017382445 6.779340724442056 16
    endloop
  endfacet
  facet normal 0 0 1
    outer loop
      vertex 25.090169943749473 5.877852522924732 16
      vertex 25.660254037844645 5.000000000031402 16
      vertex 25.698697882665158 9.660882731206126 16
    endloop
  endfacet
  facet normal 0 0 -1
    outer loop
      vertex 13.909830056250525 9.510565162951535 0
      vertex 12 8.660254037844386 0
      vertex 12.982779073125684 12.363734711836996 0
    endloop
  endfacet
  facet normal 0 0 -1
    outer loop
      vertex 15.954715367323466 9.945218953682733 0
      vertex 13.909830056250525 9.510565162951535 0
      vertex 15.641129977520505 12.928784639787553 0
    endloop
  endfacet
  facet normal 0 0 -1
    outer loop
      vertex 18.045284632676534 9.945218953682733 0
      vertex 15.954715367323466 9.945218953682733 0
      vertex 18.358870022479493 12.928784639787553 0
    endloop
  endfacet
  facet normal 0 0 -1
    outer loop
      vertex 20.090169943749473 9.510565162951535 0
      vertex 18.045284632676534 9.945218953682733 0
      vertex 20.29422183536488 11.775369241365569 0
    endloop
  endfacet
  facet normal 0 0 -1
    outer loop
      vertex 22 8.660254037844386 0
      vertex 20.090169943749473 9.510565162951535 0
      vertex 20.64977083054813 9.797397901253618 0
    endloop
  endfacet
  facet normal 0 0 -1
    outer loop
      vertex 22 8.660254037844386 0
      vertex 20.64977083054813 9.797397901253618 0
      vertex 22.670472113522823 10.833141939476889 0
    endloop
  endfacet
  facet normal 0 0 -1
    outer loop
      vertex 21.017220926874316 12.363734711836996 0
      vertex 20.64977083054813 9.797397901253618 0
      vertex 20.090169943749473 9.510565162951535 0
    endloop
  endfacet
  facet normal 0 0 -1
    outer loop
      vertex 23.691306063588584 7.431448254773942 0
      vertex 22 8.660254037844386 0
      vertex 23.045337808358042 8.943054914931762 0
    endloop
  endfacet
  facet normal 0 0 -1
    outer loop
      vertex 23.691306063588584 7.431448254773942 0
      vertex 23.045337808358042 8.943054914931762 0
      vertex 23.367862599260974 9.030309286696083 0
    endloop
  endfacet
  facet normal 0 0 -1
    outer loop
      vertex 23.691306063588584 7.431448254773942 0
      vertex 23.367862599260974 9.030309286696083 0
      vertex 23.886193757459118 9.170536211416618 0
    endloop
  endfacet
  facet normal 0 0 -1
    outer loop
      vertex 25.090169943749473 5.877852522924732 0
      vertex 23.691306063588584 7.431448254773942 0
      vertex 25.15872968559251 9.061187293927489 0
    endloop
  endfacet
  facet normal 0 0 -1
    outer loop
      vertex 23.5 11.258330249197702 0
      vertex 23.367862599260974 9.030309286696083 0
      vertex 23.045337808358042 8.943054914931762 0
    endloop
  endfacet
  facet normal 0 0 1
    outer loop
      vertex 10.738984485319923 7.7440726379547415 16
      vertex 12 8.660254037844386 16
      vertex 11.987698475792758 10.249130102909456 16
    endloop
  endfacet
  facet normal 0 0 1
    outer loop
      vertex 10.738984485319923 7.7440726379547415 16
      vertex 11.987698475792758 10.249130102909456 16
      vertex 11.712423640014597 11.029429785049265 16
    endloop
  endfacet
  facet normal 0 0 1
    outer loop
      vertex 12.235348605323118 9.547135978353326 16
      vertex 12 8.660254037844386 16
      vertex 13.909830056250525 9.510565162951535 16
    endloop
  endfacet
  facet normal 0 0 1
    outer loop
      vertex 12 10.21425995067919 16
      vertex 12.235348605323118 9.547135978353326 16
      vertex 12.684900837929586 11.241217640179025 16
    endloop
  endfacet
  facet normal 0 0 1
    outer loop
      vertex 11.974801199510253 11.914954048347104 16
      vertex 11.987698475792758 10.249130102909456 16
      vertex 12 10.21425995067919 16
    endloop
  endfacet
  facet normal 0 0 1
    outer loop
      vertex 12.235348605323118 9.547135978353326 16
      vertex 13.909830056250525 9.510565162951535 16
      vertex 12.684900837929586 11.241217640179025 16
    endloop
  endfacet
  facet normal 0 0 1
    outer loop
      vertex 12.982779073125684 12.363734711836996 16
      vertex 13.909830056250525 9.510565162951535 16
      vertex 15.954715367323466 9.945218953682733 16
    endloop
  endfacet
  facet normal 0 0 1
    outer loop
      vertex 11.712423640014597 11.029429785049265 16
      vertex 11.987698475792758 10.249130102909456 16
      vertex 11.974801199510253 11.914954048347104 16
    endloop
  endfacet
  facet normal 0 0 1
    outer loop
      vertex 12 10.21425995067919 16
      vertex 12.684900837929586 11.241217640179025 16
      vertex 12.008077118650585 11.929769442078388 16
    endloop
  endfacet
  facet normal 0 0 1
    outer loop
      vertex 12.684900837929586 11.241217640179025 16
      vertex 13.909830056250525 9.510565162951535 16
      vertex 12.982779073125684 12.363734711836996 16
    endloop
  endfacet
  facet normal 0 0 1
    outer loop
      vertex 12.684900837929586 11.241217640179025 16
      vertex 12.360379519906626 12.086624577020656 16
      vertex 12.008077118650585 11.929769442078388 16
    endloop
  endfacet
  facet normal 0 0 1
    outer loop
      vertex 15.954715367323466 9.945218953682733 16
      vertex 15.641129977520505 12.928784639787553 16
      vertex 12.982779073125684 12.363734711836996 16
    endloop
  endfacet
  facet normal 0 0 1
    outer loop
      vertex 15.954715367323466 9.945218953682733 16
      vertex 18.045284632676534 9.945218953682733 16
      vertex 15.641129977520505 12.928784639787553 16
    endloop
  endfacet
  facet normal 0 0 1
    outer loop
      vertex 18.358870022479493 12.928784639787553 16
      vertex 18.045284632676534 9.945218953682733 16
      vertex 18.883623325887587 11.8927296269 16
    endloop
  endfacet
  facet normal 0 0 1
    outer loop
      vertex 18.045284632676534 9.945218953682733 16
      vertex 20.090169943749473 9.510565162951535 16
      vertex 18.883623325887587 11.8927296269 16
    endloop
  endfacet
  facet normal 0 0 1
    outer loop
      vertex 20.090169943749473 9.510565162951535 16
      vertex 22 8.660254037844386 16
      vertex 21.017220926874316 12.363734711836996 16
    endloop
  endfacet
  facet normal 0 0 1
    outer loop
      vertex 22 8.660254037844386 16
      vertex 23.691306063588584 7.431448254773942 16
      vertex 23.5 11.258330249197702 16
    endloop
  endfacet
  facet normal 0 0 1
    outer loop
      vertex 23.691306063588584 7.431448254773942 16
      vertex 24.82374017382445 6.779340724442056 16
      vertex 23.94965894261649 9.736870272748389 16
    endloop
  endfacet
  facet normal 0 0 1
    outer loop
      vertex 25.698697882665158 9.660882731206126 16
      vertex 24.82374017382445 6.779340724442056 16
      vertex 25.090169943749473 5.877852522924732 16
    endloop
  endfacet
  facet normal 0 0 1
    outer loop
      vertex 25.698697882665158 9.660882731206126 16
      vertex 25.179765425977088 10.037909230152307 16
      vertex 24.82374017382445 6.779340724442056 16
    endloop
  endfacet
  facet normal 0 0 1
    outer loop
      vertex 23.5 11.258330249197702 16
      vertex 22.28087216294004 11.801120933314946 16
      vertex 22 8.660254037844386 16
    endloop
  endfacet
  facet normal 0 0 1
    outer loop
      vertex 18.883623325887587 11.8927296269 16
      vertex 20.090169943749473 9.510565162951535 16
      vertex 19.02528308883091 12.78713416975192 16
    endloop
  endfacet
  facet normal 0 0 1
    outer loop
      vertex 21.017220926874316 12.363734711836996 16
      vertex 19.02528308883091 12.78713416975192 16
      vertex 20.090169943749473 9.510565162951535 16
    endloop
  endfacet
  facet normal 0 0 -1
    outer loop
      vertex 25.612812260074282 4.972609476864678 0
      vertex 25.647366865067806 5.021029954637781 0
      vertex 28.196655938096566 6.464392319924082 0
    endloop
  endfacet
  facet normal 0 0 -1
    outer loop
      vertex 25.647366865067806 5.021029954637781 0
      vertex 25.708882347250643 5.107230015043449 0
      vertex 28.196655938096566 6.464392319924082 0
    endloop
  endfacet
  facet normal 0 0 -1
    outer loop
      vertex 25.708882347250643 5.107230015043449 0
      vertex 27.517220926874316 7.641208279802151 0
      vertex 28.196655938096566 6.464392319924082 0
    endloop
  endfacet
  facet normal 0 0 -1
    outer loop
      vertex 26.534110982644215 6.926937095614005 0
      vertex 27.517220926874316 7.641208279802151 0
      vertex 25.708882347250643 5.107230015043449 0
    endloop
  endfacet
  facet normal 0 0 1
    outer loop
      vertex 27.07882902107485 -8.128091816782863 16
      vertex 27.517220926874316 -7.641208279802151 16
      vertex 26.534110982644215 -6.926937095614005 16
    endloop
  endfacet
  facet normal 0 0 1
    outer loop
      vertex 25.612812260074282 -4.972609476864678 16
      vertex 26.534110982644215 -6.926937095614005 16
      vertex 27.517220926874316 -7.641208279802151 16
    endloop
  endfacet
  facet normal 0 0 1
    outer loop
      vertex 25.612812260074282 -4.972609476864678 16
      vertex 25.84091132195137 -6.423298061721767 16
      vertex 26.534110982644215 -6.926937095614005 16
    endloop
  endfacet
  facet normal 0 0 1
    outer loop
      vertex 25.612812260074282 -4.972609476864678 16
      vertex 27.517220926874316 -7.641208279802151 16
      vertex 28.196655938096566 -6.464392319924082 16
    endloop
  endfacet
  facet normal 0 0 -1
    outer loop
      vertex 4.01 -14.99625 0
      vertex 4.01 -15 0
      vertex 0 -15 0
    endloop
  endfacet
  facet normal 0 0 -1
    outer loop
      vertex 0 -15 0
      vertex 4.01 -14.96625 0
      vertex 4.01 -14.99625 0
    endloop
  endfacet
  facet normal 1 0 0
    outer loop
      vertex 4.01 -15 0
      vertex 4.01 -14.99625 0
      vertex 4.01 -14.99625 16
    endloop
  endfacet
  facet normal 0 0 -1
    outer loop
      vertex 0 -15 0
      vertex 4 -0.1323128623862576 0
      vertex 4.01 -14.96625 0
    endloop
  endfacet
  facet normal 1 0 0
    outer loop
      vertex 4.01 -15 0
      vertex 4.01 -14.99625 16
      vertex 4.01 -15 16
    endloop
  endfacet
  facet normal 0 0 -1
    outer loop
      vertex 0 -15 0
      vertex 4.009870589644939 14.806628575589569 0
      vertex 4 0.05749989480521182 0
    endloop
  endfacet
  facet normal 0 0 -1
    outer loop
      vertex 0 -15 0
      vertex 4.01 15 0
      vertex 4.009870589644939 14.806628575589569 0
    endloop
  endfacet
  facet normal 0 0 1
    outer loop
      vertex 4.01 -15 16
      vertex 4.01 -14.99625 16
      vertex 4.008944573317803 -13.422928669024033 16
    endloop
  endfacet
  facet normal 0 0 1
    outer loop
      vertex 4.01 -14.99625 16
      vertex 4.01 -14.96625 16
      vertex 4.008944573317803 -13.422928669024033 16
    endloop
  endfacet
  facet normal 0 0 1
    outer loop
      vertex 0 -15 16
      vertex 4.01 -15 16
      vertex 0 15 16
    endloop
  endfacet
  facet normal 0 0 1
    outer loop
      vertex 4.01 -15 16
      vertex 4.008944573317803 -13.422928669024033 16
      vertex 0 15 16
    endloop
  endfacet
  facet normal 0 0 1
    outer loop
      vertex 0 15 16
      vertex 4.008944573317803 -13.422928669024033 16
      vertex 4 -0.05749989480521182 16
    endloop
  endfacet
  facet normal 0 0 1
    outer loop
      vertex 4 -0.05749989480521182 16
      vertex 4 0.1323128623862576 16
      vertex 0 15 16
    endloop
  endfacet
  facet normal 0 0 1
    outer loop
      vertex 4 0.1323128623862576 16
      vertex 4.000094558619094 0.2728641993892291 16
      vertex 0 15 16
    endloop
  endfacet
  facet normal 1 0 0
    outer loop
      vertex 4.01 15 0
      vertex 4.01 15 16
      vertex 4.01 14.99625 0
    endloop
  endfacet
  facet normal 1 0 0
    outer loop
      vertex 4.01 15 16
      vertex 4.01 14.99625 16
      vertex 4.01 14.99625 0
    endloop
  endfacet
  facet normal 0 0 1
    outer loop
      vertex 0 15 16
      vertex 4.000094558619094 0.2728641993892291 16
      vertex 4.01 14.99625 16
    endloop
  endfacet
  facet normal 0 0 -1
    outer loop
      vertex 10.308693936411418 -7.431448254773942 0
      vertex 12 -8.660254037844386 0
      vertex 4.01 -14.96625 0
    endloop
  endfacet
  facet normal 0 0 -1
    outer loop
      vertex 8.909830056250525 -5.877852522924732 0
      vertex 10.308693936411418 -7.431448254773942 0
      vertex 4.01 -14.96625 0
    endloop
  endfacet
  facet normal 0 0 -1
    outer loop
      vertex 7.864545423573992 -4.067366430758002 0
      vertex 8.909830056250525 -5.877852522924732 0
      vertex 4.01 -14.96625 0
    endloop
  endfacet
  facet normal 1 0 0
    outer loop
      vertex 12 -12 0
      vertex 12 -11.995208977877653 0
      vertex 12 -11.995208977877653 14.961671993429556
    endloop
  endfacet
  facet normal 1 0 0
    outer loop
      vertex 12 -12 16
      vertex 12 -12 0
      vertex 12 -11.995208977877653 14.961671993429556
    endloop
  endfacet
  facet normal 0 0 -1
    outer loop
      vertex 7.218523992661943 -2.0791169081775935 0
      vertex 7.864545423573992 -4.067366430758002 0
      vertex 4.569501848116765 -0.7122052000350276 0
    endloop
  endfacet
  facet normal 0 0 -1
    outer loop
      vertex 7 0 0
      vertex 7.218523992661943 -2.0791169081775935 0
      vertex 4.384277571458041 -0.3647526803049808 0
    endloop
  endfacet
  facet normal 0 0 -1
    outer loop
      vertex 7.218523992661943 2.0791169081775935 0
      vertex 7 0 0
      vertex 4.484184803009121 -0.11095823664956991 0
    endloop
  endfacet
  facet normal 0 0 -1
    outer loop
      vertex 7.864545423573992 4.067366430758002 0
      vertex 7.218523992661943 2.0791169081775935 0
      vertex 4.706060403364329 0.3528172778196604 0
    endloop
  endfacet
  facet normal 0 0 -1
    outer loop
      vertex 7.864545423573992 4.067366430758002 0
      vertex 6.277570903002901 2.342769278364784 0
      vertex 8.578821330275513 5.4726618820474044 0
    endloop
  endfacet
  facet normal 0 0 -1
    outer loop
      vertex 7.864545423573992 4.067366430758002 0
      vertex 8.578821330275513 5.4726618820474044 0
      vertex 8.909830056250525 5.877852522924732 0
    endloop
  endfacet
  facet normal 0 0 1
    outer loop
      vertex 12 -12 16
      vertex 10.444535737047872 -9.581605245239437 16
      vertex 4.01 -14.96625 16
    endloop
  endfacet
  facet normal 0 0 1
    outer loop
      vertex 11.999121203818895 -11.924848658214339 16
      vertex 11.998977076917322 -11.913309219280974 16
      vertex 8.909830056250525 -5.877852522924732 16
    endloop
  endfacet
  facet normal 0 0 1
    outer loop
      vertex 4.01 -14.96625 16
      vertex 10.444535737047872 -9.581605245239437 16
      vertex 4.000094558619094 0.2728641993892291 16
    endloop
  endfacet
  facet normal 0 0 1
    outer loop
      vertex 11.724377315851601 -8.460002436127585 16
      vertex 10.308693936411418 -7.431448254773942 16
      vertex 11.998977076917322 -11.913309219280974 16
    endloop
  endfacet
  facet normal 0 0 1
    outer loop
      vertex 10.308693936411418 -7.431448254773942 16
      vertex 8.909830056250525 -5.877852522924732 16
      vertex 11.998977076917322 -11.913309219280974 16
    endloop
  endfacet
  facet normal 0 0 1
    outer loop
      vertex 4.000094558619094 0.2728641993892291 16
      vertex 10.444535737047872 -9.581605245239437 16
      vertex 11.999121203818895 -11.924848658214339 16
    endloop
  endfacet
  facet normal 0 0 1
    outer loop
      vertex 12 -12 16
      vertex 12 -11.995208977877653 16
      vertex 10.444535737047872 -9.581605245239437 16
    endloop
  endfacet
  facet normal 0 0 1
    outer loop
      vertex 7.864545423573992 -4.067366430758002 16
      vertex 4.000094558619094 0.2728641993892291 16
      vertex 8.909830056250525 -5.877852522924732 16
    endloop
  endfacet
  facet normal 0 0 1
    outer loop
      vertex 11.999121203818895 -11.924848658214339 16
      vertex 8.909830056250525 -5.877852522924732 16
      vertex 4.000094558619094 0.2728641993892291 16
    endloop
  endfacet
  facet normal 0 0 1
    outer loop
      vertex 4.000094558619094 0.2728641993892291 16
      vertex 7.864545423573992 -4.067366430758002 16
      vertex 7.218523992661943 -2.0791169081775935 16
    endloop
  endfacet
  facet normal 0 0 1
    outer loop
      vertex 4.000094558619094 0.2728641993892291 16
      vertex 7.218523992661943 -2.0791169081775935 16
      vertex 7 0 16
    endloop
  endfacet
  facet normal 0 0 1
    outer loop
      vertex 7 0 16
      vertex 7.218523992661943 2.0791169081775935 16
      vertex 4.000094558619094 0.2728641993892291 16
    endloop
  endfacet
  facet normal 0 0 1
    outer loop
      vertex 7.218523992661943 2.0791169081775935 16
      vertex 7.864545423573992 4.067366430758002 16
      vertex 4.000094558619094 0.2728641993892291 16
    endloop
  endfacet
  facet normal 0 0 1
    outer loop
      vertex 7.864545423573992 4.067366430758002 16
      vertex 8.909830056250525 5.877852522924732 16
      vertex 4.000094558619094 0.2728641993892291 16
    endloop
  endfacet
  facet normal 0 0 1
    outer loop
      vertex 8.909830056250525 5.877852522924732 16
      vertex 4.01 14.99625 16
      vertex 4.000094558619094 0.2728641993892291 16
    endloop
  endfacet
  facet normal 0 0 -1
    outer loop
      vertex 10.308693936411418 7.431448254773942 0
      vertex 8.909830056250525 5.877852522924732 0
      vertex 12 12 0
    endloop
  endfacet
  facet normal 0 0 -1
    outer loop
      vertex 12 8.660254037844386 0
      vertex 10.308693936411418 7.431448254773942 0
      vertex 11.987277322279628 11.892362165657609 0
    endloop
  endfacet
  facet normal 0 0 -1
    outer loop
      vertex 10.308693936411418 7.431448254773942 0
      vertex 12 11.995208977877653 0
      vertex 11.987277322279628 11.892362165657609 0
    endloop
  endfacet
  facet normal 0 0 -1
    outer loop
      vertex 12 12 0
      vertex 12 11.995208977877653 0
      vertex 10.308693936411418 7.431448254773942 0
    endloop
  endfacet
  facet normal 0 0 -1
    outer loop
      vertex 11.987277322279628 11.892362165657609 0
      vertex 12 11.995208977877653 0
      vertex 12 11.926173277160506 0
    endloop
  endfacet
  facet normal 1 0 0
    outer loop
      vertex 12 12 16
      vertex 12 11.995208977877653 1.0383280065704439
      vertex 12 12 0
    endloop
  endfacet
  facet normal 0 0 1
    outer loop
      vertex 4.01 14.99625 16
      vertex 8.909830056250525 5.877852522924732 16
      vertex 10.308693936411418 7.431448254773942 16
    endloop
  endfacet
  facet normal 0 0 1
    outer loop
      vertex 10.738984485319923 7.7440726379547415 16
      vertex 4.01 14.99625 16
      vertex 10.308693936411418 7.431448254773942 16
    endloop
  endfacet
  facet normal 0 0 1
    outer loop
      vertex 10.738984485319923 7.7440726379547415 16
      vertex 11.712423640014597 11.029429785049265 16
      vertex 4.01 14.99625 16
    endloop
  endfacet
  facet normal 0 0 1
    outer loop
      vertex 12 12 16
      vertex 4.01 14.99625 16
      vertex 11.99838184137111 11.994538714627495 16
    endloop
  endfacet
  facet normal 1 0 0
    outer loop
      vertex 12 12 16
      vertex 12 11.995208977877653 16
      vertex 12 11.995208977877653 1.0383280065704439
    endloop
  endfacet
  facet normal 0 0 1
    outer loop
      vertex 11.99838184137111 11.994538714627495 16
      vertex 11.974801199510253 11.914954048347104 16
      vertex 12 11.983728610466354 16
    endloop
  endfacet
  facet normal 0 0 1
    outer loop
      vertex 11.99838184137111 11.994538714627495 16
      vertex 12 11.983728610466354 16
      vertex 12 11.995208977877653 16
    endloop
  endfacet
  facet normal 0 0 1
    outer loop
      vertex 12 12 16
      vertex 11.99838184137111 11.994538714627495 16
      vertex 12 11.995208977877653 16
    endloop
  endfacet
  facet normal 0.5877852522924729 0.8090169943749477 0
    outer loop
      vertex 12 -8.660254037844386 0
      vertex 10.308693936411418 -7.431448254773942 0
      vertex 10.308693936411418 -7.431448254773942 16
    endloop
  endfacet
  facet normal 0 1 0
    outer loop
      vertex 18.045284632676534 -9.945218953682733 0
      vertex 15.954715367323466 -9.945218953682733 0
      vertex 15.954715367323466 -9.945218953682733 16
    endloop
  endfacet
  facet normal 0.4067366430758002 0.9135454576426009 0
    outer loop
      vertex 13.909830056250525 -9.510565162951535 0
      vertex 12 -8.660254037844386 0
      vertex 12 -8.660254037844386 16
    endloop
  endfacet
  facet normal 0.20791169081775968 0.9781476007338055 0
    outer loop
      vertex 15.954715367323466 -9.945218953682733 0
      vertex 13.909830056250525 -9.510565162951535 0
      vertex 13.909830056250525 -9.510565162951535 16
    endloop
  endfacet
  facet normal -0.20791169081775987 0.9781476007338054 0
    outer loop
      vertex 18.045284632676534 -9.945218953682733 0
      vertex 18.045284632676534 -9.945218953682733 16
      vertex 20.090169943749473 -9.510565162951535 0
    endloop
  endfacet
  facet normal -0.4067366430757998 0.913545457642601 0
    outer loop
      vertex 20.090169943749473 -9.510565162951535 0
      vertex 20.090169943749473 -9.510565162951535 16
      vertex 22 -8.660254037844386 0
    endloop
  endfacet
  facet normal -0.5877852522924724 0.8090169943749478 0
    outer loop
      vertex 22 -8.660254037844386 0
      vertex 22 -8.660254037844386 16
      vertex 23.691306063588584 -7.431448254773942 0
    endloop
  endfacet
  facet normal -0.7431448254773948 0.6691306063588575 0
    outer loop
      vertex 23.691306063588584 -7.431448254773942 0
      vertex 23.691306063588584 -7.431448254773942 16
      vertex 25.090169943749473 -5.877852522924732 0
    endloop
  endfacet
  facet normal 0.5877852522924729 0.8090169943749477 -1.9826760601814585e-18
    outer loop
      vertex 11.724377315851601 -8.460002436127585 16
      vertex 12 -8.660254037844386 0
      vertex 10.308693936411418 -7.431448254773942 16
    endloop
  endfacet
  facet normal 0.743144825477394 0.6691306063588585 0
    outer loop
      vertex 10.308693936411418 -7.431448254773942 0
      vertex 8.909830056250525 -5.877852522924732 16
      vertex 10.308693936411418 -7.431448254773942 16
    endloop
  endfacet
  facet normal 0 1 0
    outer loop
      vertex 18.045284632676534 -9.945218953682733 0
      vertex 15.954715367323466 -9.945218953682733 16
      vertex 18.045284632676534 -9.945218953682733 16
    endloop
  endfacet
  facet normal 0.5877852522924729 0.8090169943749476 0
    outer loop
      vertex 11.724377315851601 -8.460002436127585 16
      vertex 12 -8.660254037844386 16
      vertex 12 -8.660254037844386 0
    endloop
  endfacet
  facet normal 0.4067366430758002 0.9135454576426009 0
    outer loop
      vertex 13.909830056250525 -9.510565162951535 0
      vertex 12 -8.660254037844386 16
      vertex 13.909830056250525 -9.510565162951535 16
    endloop
  endfacet
  facet normal 0.20791169081775968 0.9781476007338055 0
    outer loop
      vertex 15.954715367323466 -9.945218953682733 0
      vertex 13.909830056250525 -9.510565162951535 16
      vertex 15.954715367323466 -9.945218953682733 16
    endloop
  endfacet
  facet normal -0.20791169081775987 0.9781476007338054 0
    outer loop
      vertex 20.090169943749473 -9.510565162951535 0
      vertex 18.045284632676534 -9.945218953682733 16
      vertex 20.090169943749473 -9.510565162951535 16
    endloop
  endfacet
  facet normal -0.4067366430757998 0.913545457642601 0
    outer loop
      vertex 22 -8.660254037844386 0
      vertex 20.090169943749473 -9.510565162951535 16
      vertex 22 -8.660254037844386 16
    endloop
  endfacet
  facet normal -0.5877852522924724 0.8090169943749478 0
    outer loop
      vertex 23.691306063588584 -7.431448254773942 0
      vertex 22 -8.660254037844386 16
      vertex 23.691306063588584 -7.431448254773942 16
    endloop
  endfacet
  facet normal 0.743144825477394 0.6691306063588585 0
    outer loop
      vertex 10.308693936411418 -7.431448254773942 0
      vertex 8.909830056250525 -5.877852522924732 0
      vertex 8.909830056250525 -5.877852522924732 16
    endloop
  endfacet
  facet normal 0.8660254037844388 0.49999999999999967 0
    outer loop
      vertex 8.909830056250525 -5.877852522924732 0
      vertex 7.864545423573992 -4.067366430758002 0
      vertex 7.864545423573992 -4.067366430758002 16
    endloop
  endfacet
  facet normal 0.9510565162951533 0.30901699437494784 0
    outer loop
      vertex 7.864545423573992 -4.067366430758002 0
      vertex 7.218523992661943 -2.0791169081775935 0
      vertex 7.218523992661943 -2.0791169081775935 16
    endloop
  endfacet
  facet normal 0.9945218953682733 0.10452846326765322 0
    outer loop
      vertex 7.218523992661943 -2.0791169081775935 0
      vertex 7 0 0
      vertex 7 0 16
    endloop
  endfacet
  facet normal 0.9945218953682733 -0.10452846326765322 0
    outer loop
      vertex 7 0 0
      vertex 7.218523992661943 2.0791169081775935 0
      vertex 7.218523992661943 2.0791169081775935 16
    endloop
  endfacet
  facet normal 0.9510565162951533 -0.30901699437494784 0
    outer loop
      vertex 7.218523992661943 2.0791169081775935 0
      vertex 7.864545423573992 4.067366430758002 0
      vertex 7.864545423573992 4.067366430758002 16
    endloop
  endfacet
  facet normal 0.8660254037844388 -0.49999999999999967 0
    outer loop
      vertex 7.864545423573992 4.067366430758002 0
      vertex 8.909830056250525 5.877852522924732 0
      vertex 8.909830056250525 5.877852522924732 16
    endloop
  endfacet
  facet normal 0.743144825477394 -0.6691306063588585 0
    outer loop
      vertex 8.909830056250525 5.877852522924732 0
      vertex 10.308693936411418 7.431448254773942 0
      vertex 10.308693936411418 7.431448254773942 16
    endloop
  endfacet
  facet normal -0.8660254037844385 0.5000000000000002 0
    outer loop
      vertex 25.612812260074282 -4.972609476864678 0
      vertex 25.090169943749473 -5.877852522924732 0
      vertex 25.090169943749473 -5.877852522924732 16
    endloop
  endfacet
  facet normal -0.8660254037844385 -0.5000000000000002 0
    outer loop
      vertex 25.612812260074282 4.972609476864678 0
      vertex 25.612812260074282 4.972609476864678 16
      vertex 25.090169943749473 5.877852522924732 0
    endloop
  endfacet
  facet normal -0.7431448254773948 -0.6691306063588575 0
    outer loop
      vertex 23.691306063588584 7.431448254773942 0
      vertex 25.090169943749473 5.877852522924732 0
      vertex 25.090169943749473 5.877852522924732 16
    endloop
  endfacet
  facet normal 0.9510565162951533 0.30901699437494784 0
    outer loop
      vertex 7.218523992661943 -2.0791169081775935 16
      vertex 7.864545423573992 -4.067366430758002 16
      vertex 7.864545423573992 -4.067366430758002 0
    endloop
  endfacet
  facet normal 0.8660254037844388 0.49999999999999967 0
    outer loop
      vertex 8.909830056250525 -5.877852522924732 0
      vertex 7.864545423573992 -4.067366430758002 16
      vertex 8.909830056250525 -5.877852522924732 16
    endloop
  endfacet
  facet normal 0.9945218953682733 0.10452846326765322 0
    outer loop
      vertex 7 0 16
      vertex 7.218523992661943 -2.0791169081775935 16
      vertex 7.218523992661943 -2.0791169081775935 0
    endloop
  endfacet
  facet normal 0.9945218953682733 -0.10452846326765322 0
    outer loop
      vertex 7.218523992661943 2.0791169081775935 16
      vertex 7 0 16
      vertex 7 0 0
    endloop
  endfacet
  facet normal 0.9510565162951533 -0.30901699437494784 0
    outer loop
      vertex 7.864545423573992 4.067366430758002 16
      vertex 7.218523992661943 2.0791169081775935 16
      vertex 7.218523992661943 2.0791169081775935 0
    endloop
  endfacet
  facet normal 0.8660254037844388 -0.49999999999999967 0
    outer loop
      vertex 8.909830056250525 5.877852522924732 16
      vertex 7.864545423573992 4.067366430758002 16
      vertex 7.864545423573992 4.067366430758002 0
    endloop
  endfacet
  facet normal 0.743144825477394 -0.6691306063588585 0
    outer loop
      vertex 8.909830056250525 5.877852522924732 0
      vertex 10.308693936411418 7.431448254773942 16
      vertex 8.909830056250525 5.877852522924732 16
    endloop
  endfacet
  facet normal -0.7431448254773948 0.6691306063588575 0
    outer loop
      vertex 25.090169943749473 -5.877852522924732 0
      vertex 23.691306063588584 -7.431448254773942 16
      vertex 25.090169943749473 -5.877852522924732 16
    endloop
  endfacet
  facet normal -0.8660254037844385 0.5000000000000002 0
    outer loop
      vertex 25.612812260074282 -4.972609476864678 0
      vertex 25.090169943749473 -5.877852522924732 16
      vertex 25.612812260074282 -4.972609476864678 16
    endloop
  endfacet
  facet normal -0.8660254037844385 -0.5000000000000002 0
    outer loop
      vertex 25.612812260074282 4.972609476864678 16
      vertex 25.090169943749473 5.877852522924732 16
      vertex 25.090169943749473 5.877852522924732 0
    endloop
  endfacet
  facet normal -0.7431448254773948 -0.6691306063588575 0
    outer loop
      vertex 23.691306063588584 7.431448254773942 0
      vertex 25.090169943749473 5.877852522924732 16
      vertex 23.691306063588584 7.431448254773942 16
    endloop
  endfacet
  facet normal 0.5877852522924729 -0.8090169943749477 0
    outer loop
      vertex 10.308693936411418 7.431448254773942 0
      vertex 12 8.660254037844386 0
      vertex 12 8.660254037844386 16
    endloop
  endfacet
  facet normal 0.4067366430758002 -0.9135454576426009 0
    outer loop
      vertex 12 8.660254037844386 0
      vertex 13.909830056250525 9.510565162951535 0
      vertex 13.909830056250525 9.510565162951535 16
    endloop
  endfacet
  facet normal 0.20791169081775968 -0.9781476007338055 0
    outer loop
      vertex 13.909830056250525 9.510565162951535 0
      vertex 15.954715367323466 9.945218953682733 0
      vertex 15.954715367323466 9.945218953682733 16
    endloop
  endfacet
  facet normal 0 -1 0
    outer loop
      vertex 15.954715367323466 9.945218953682733 0
      vertex 18.045284632676534 9.945218953682733 0
      vertex 18.045284632676534 9.945218953682733 16
    endloop
  endfacet
  facet normal -0.4067366430757998 -0.913545457642601 0
    outer loop
      vertex 20.090169943749473 9.510565162951535 0
      vertex 22 8.660254037844386 0
      vertex 22 8.660254037844386 16
    endloop
  endfacet
  facet normal -0.20791169081775987 -0.9781476007338054 0
    outer loop
      vertex 18.045284632676534 9.945218953682733 0
      vertex 20.090169943749473 9.510565162951535 0
      vertex 20.090169943749473 9.510565162951535 16
    endloop
  endfacet
  facet normal -0.5877852522924724 -0.8090169943749478 0
    outer loop
      vertex 22 8.660254037844386 0
      vertex 23.691306063588584 7.431448254773942 0
      vertex 23.691306063588584 7.431448254773942 16
    endloop
  endfacet
  facet normal 0.5877852522924726 -0.8090169943749479 0
    outer loop
      vertex 10.738984485319923 7.7440726379547415 16
      vertex 10.308693936411418 7.431448254773942 16
      vertex 10.308693936411418 7.431448254773942 0
    endloop
  endfacet
  facet normal 0.587785252292473 -0.8090169943749476 -2.003272252627634e-17
    outer loop
      vertex 10.738984485319923 7.7440726379547415 16
      vertex 10.308693936411418 7.431448254773942 0
      vertex 12 8.660254037844386 16
    endloop
  endfacet
  facet normal 0.4067366430758002 -0.9135454576426009 0
    outer loop
      vertex 12 8.660254037844386 0
      vertex 13.909830056250525 9.510565162951535 16
      vertex 12 8.660254037844386 16
    endloop
  endfacet
  facet normal 0.20791169081775968 -0.9781476007338055 0
    outer loop
      vertex 13.909830056250525 9.510565162951535 0
      vertex 15.954715367323466 9.945218953682733 16
      vertex 13.909830056250525 9.510565162951535 16
    endloop
  endfacet
  facet normal 0 -1 0
    outer loop
      vertex 15.954715367323466 9.945218953682733 0
      vertex 18.045284632676534 9.945218953682733 16
      vertex 15.954715367323466 9.945218953682733 16
    endloop
  endfacet
  facet normal -0.20791169081775987 -0.9781476007338054 0
    outer loop
      vertex 18.045284632676534 9.945218953682733 0
      vertex 20.090169943749473 9.510565162951535 16
      vertex 18.045284632676534 9.945218953682733 16
    endloop
  endfacet
  facet normal -0.4067366430757998 -0.913545457642601 0
    outer loop
      vertex 20.090169943749473 9.510565162951535 0
      vertex 22 8.660254037844386 16
      vertex 20.090169943749473 9.510565162951535 16
    endloop
  endfacet
  facet normal -0.5877852522924724 -0.8090169943749478 0
    outer loop
      vertex 22 8.660254037844386 0
      vertex 23.691306063588584 7.431448254773942 16
      vertex 22 8.660254037844386 16
    endloop
  endfacet
  facet normal 0.5000000000023445 0.8660254037830851 -1.5833245183249813e-17
    outer loop
      vertex 25.612812260074282 -4.972609476864678 0
      vertex 28.196655938096566 -6.464392319924082 16
      vertex 25.660254037844645 -5.000000000031402 0
    endloop
  endfacet
  facet normal 0.5000000000023443 -0.866025403783085 0
    outer loop
      vertex 25.612812260074282 4.972609476864678 0
      vertex 28.196655938096566 6.464392319924082 0
      vertex 25.612812260074282 4.972609476864678 16
    endloop
  endfacet
  facet normal 0.5000000000023443 0.866025403783085 0
    outer loop
      vertex 25.612812260074282 -4.972609476864678 0
      vertex 25.612812260074282 -4.972609476864678 16
      vertex 28.196655938096566 -6.464392319924082 16
    endloop
  endfacet
  facet normal 0.5000000000023445 -0.8660254037830851 1.5833245183249813e-17
    outer loop
      vertex 25.612812260074282 4.972609476864678 16
      vertex 28.196655938096566 6.464392319924082 0
      vertex 25.660254037844645 5.000000000031402 16
    endloop
  endfacet
  facet normal 0 0 -1
    outer loop
      vertex -23.403037654437075 -7.703557781990743 0
      vertex -23.802780391316933 -7.5620014546273335 0
      vertex -23.38109352276238 -5.572627291619865 0
    endloop
  endfacet
  facet normal 0 0 -1
    outer loop
      vertex -23.403037654437075 -7.703557781990743 0
      vertex -22.785003665687178 -5.801444749400436 0
      vertex -22.996434265330418 -7.823999192941453 0
    endloop
  endfacet
  facet normal 0 0 -1
    outer loop
      vertex -24 -7.480310417944892 0
      vertex -23.669342048411234 -5.435139797549044 0
      vertex -23.802780391316933 -7.5620014546273335 0
    endloop
  endfacet
  facet normal 0 0 -1
    outer loop
      vertex -22.58408469562385 -7.922995565943825 0
      vertex -21.854250236745408 -6.02489887763034 0
      vertex -22.16711916682587 -8.000275558820615 0
    endloop
  endfacet
  facet normal 0 0 -1
    outer loop
      vertex -22.16711916682587 -8.000275558820615 0
      vertex -21.53762362593269 -6.066583561746467 0
      vertex -21.746680552467993 -8.055627352483013 0
    endloop
  endfacet
  facet normal 0 0 -1
    outer loop
      vertex -21.746680552467993 -8.055627352483013 0
      vertex -21.219249333081958 -6.0916401620029 0
      vertex -21.323921245567846 -8.088899231512048 0
    endloop
  endfacet
  facet normal 0 0 -1
    outer loop
      vertex -22.996434265330418 -7.823999192941453 0
      vertex -22.478796175125375 -5.892147540363316 0
      vertex -22.58408469562385 -7.922995565943825 0
    endloop
  endfacet
  facet normal 0 0 -1
    outer loop
      vertex -22.996434265330418 -7.823999192941453 0
      vertex -22.785003665687178 -5.801444749400436 0
      vertex -22.478796175125375 -5.892147540363316 0
    endloop
  endfacet
  facet normal 0 0 -1
    outer loop
      vertex -22.58408469562385 -7.922995565943825 0
      vertex -22.16826131398833 -5.966700364476214 0
      vertex -21.854250236745408 -6.02489887763034 0
    endloop
  endfacet
  facet normal 0 0 -1
    outer loop
      vertex -22.58408469562385 -7.922995565943825 0
      vertex -22.478796175125375 -5.892147540363316 0
      vertex -22.16826131398833 -5.966700364476214 0
    endloop
  endfacet
  facet normal 0 0 -1
    outer loop
      vertex -22.16711916682587 -8.000275558820615 0
      vertex -21.854250236745408 -6.02489887763034 0
      vertex -21.53762362593269 -6.066583561746467 0
    endloop
  endfacet
  facet normal 0 0 -1
    outer loop
      vertex -21.746680552467993 -8.055627352483013 0
      vertex -21.53762362593269 -6.066583561746467 0
      vertex -21.219249333081958 -6.0916401620029 0
    endloop
  endfacet
  facet normal 0 0 -1
    outer loop
      vertex -21.323921245567846 -8.088899231512048 0
      vertex -21.219249333081958 -6.0916401620029 0
      vertex -20.9 -8.1 0
    endloop
  endfacet
  facet normal 0 0 -1
    outer loop
      vertex -20.9 -8.1 0
      vertex -20.580750666918043 -6.0916401620029 0
      vertex -20.476078754432155 -8.088899231512048 0
    endloop
  endfacet
  facet normal 0 0 -1
    outer loop
      vertex -20.476078754432155 -8.088899231512048 0
      vertex -20.262376374067316 -6.066583561746467 0
      vertex -20.053319447532008 -8.055627352483013 0
    endloop
  endfacet
  facet normal 0 0 -1
    outer loop
      vertex -20.053319447532008 -8.055627352483013 0
      vertex -19.945749763254593 -6.02489887763034 0
      vertex -19.63288083317413 -8.000275558820615 0
    endloop
  endfacet
  facet normal 0 0 -1
    outer loop
      vertex -19.63288083317413 -8.000275558820615 0
      vertex -19.321203824874623 -5.892147540363316 0
      vertex -19.21591530437615 -7.922995565943825 0
    endloop
  endfacet
  facet normal 0 0 -1
    outer loop
      vertex -20.9 -8.1 0
      vertex -21.219249333081958 -6.0916401620029 0
      vertex -20.9 -6.1 0
    endloop
  endfacet
  facet normal 0 0 -1
    outer loop
      vertex -20.9 -8.1 0
      vertex -20.9 -6.1 0
      vertex -20.580750666918043 -6.0916401620029 0
    endloop
  endfacet
  facet normal 0 0 -1
    outer loop
      vertex -20.476078754432155 -8.088899231512048 0
      vertex -20.580750666918043 -6.0916401620029 0
      vertex -20.262376374067316 -6.066583561746467 0
    endloop
  endfacet
  facet normal 0 0 -1
    outer loop
      vertex -20.053319447532008 -8.055627352483013 0
      vertex -20.262376374067316 -6.066583561746467 0
      vertex -19.945749763254593 -6.02489887763034 0
    endloop
  endfacet
  facet normal 0 0 -1
    outer loop
      vertex -19.63288083317413 -8.000275558820615 0
      vertex -19.945749763254593 -6.02489887763034 0
      vertex -19.63173868601167 -5.966700364476214 0
    endloop
  endfacet
  facet normal 0 0 -1
    outer loop
      vertex -19.63288083317413 -8.000275558820615 0
      vertex -19.63173868601167 -5.966700364476214 0
      vertex -19.321203824874623 -5.892147540363316 0
    endloop
  endfacet
  facet normal 0 0 -1
    outer loop
      vertex -19.21591530437615 -7.922995565943825 0
      vertex -19.01499633431282 -5.801444749400436 0
      vertex -18.803565734669583 -7.823999192941453 0
    endloop
  endfacet
  facet normal 0 0 -1
    outer loop
      vertex -18.803565734669583 -7.823999192941453 0
      vertex -18.71395550777367 -5.69484060163293 0
      vertex -18.396962345562926 -7.703557781990743 0
    endloop
  endfacet
  facet normal 0 0 -1
    outer loop
      vertex -19.21591530437615 -7.922995565943825 0
      vertex -19.321203824874623 -5.892147540363316 0
      vertex -19.01499633431282 -5.801444749400436 0
    endloop
  endfacet
  facet normal 0 0 -1
    outer loop
      vertex -18.803565734669583 -7.823999192941453 0
      vertex -19.01499633431282 -5.801444749400436 0
      vertex -18.71395550777367 -5.69484060163293 0
    endloop
  endfacet
  facet normal 0 0 -1
    outer loop
      vertex -18.396962345562926 -7.703557781990743 0
      vertex -18.130657951588766 -5.435139797549044 0
      vertex -17.997219608683068 -7.5620014546273335 0
    endloop
  endfacet
  facet normal 0 0 -1
    outer loop
      vertex -17.997219608683068 -7.5620014546273335 0
      vertex -17.85 -5.282754963085075 0
      vertex -17.605433191086018 -7.399718206905066 0
    endloop
  endfacet
  facet normal -0.3826834323650908 -0.9238795325112864 0
    outer loop
      vertex -24 -7.480310417944892 0
      vertex -23.802780391316933 -7.5620014546273335 0
      vertex -23.802780391316933 -7.5620014546273335 12
    endloop
  endfacet
  facet normal -0.28401534470392276 -0.9588197348681929 0
    outer loop
      vertex -23.403037654437075 -7.703557781990743 0
      vertex -22.996434265330418 -7.823999192941453 0
      vertex -22.996434265330418 -7.823999192941453 12
    endloop
  endfacet
  facet normal -0.3338068592337707 -0.9426414910921784 0
    outer loop
      vertex -23.403037654437075 -7.703557781990743 0
      vertex -23.403037654437075 -7.703557781990743 12
      vertex -23.802780391316933 -7.5620014546273335 0
    endloop
  endfacet
  facet normal -0.23344536385590584 -0.9723699203976764 0
    outer loop
      vertex -22.996434265330418 -7.823999192941453 0
      vertex -22.58408469562385 -7.922995565943825 0
      vertex -22.58408469562385 -7.922995565943825 12
    endloop
  endfacet
  facet normal -0.18223552549214656 -0.9832549075639547 0
    outer loop
      vertex -22.58408469562385 -7.922995565943825 0
      vertex -22.16711916682587 -8.000275558820615 0
      vertex -22.16711916682587 -8.000275558820615 12
    endloop
  endfacet
  facet normal -0.13052619222005032 -0.9914448613738106 0
    outer loop
      vertex -22.16711916682587 -8.000275558820615 0
      vertex -21.746680552467993 -8.055627352483013 0
      vertex -21.746680552467993 -8.055627352483013 12
    endloop
  endfacet
  facet normal -0.07845909572784754 -0.9969173337331276 0
    outer loop
      vertex -21.746680552467993 -8.055627352483013 0
      vertex -21.323921245567846 -8.088899231512048 0
      vertex -21.323921245567846 -8.088899231512048 12
    endloop
  endfacet
  facet normal -0.026176948307872476 -0.9996573249755573 0
    outer loop
      vertex -21.323921245567846 -8.088899231512048 0
      vertex -20.9 -8.1 0
      vertex -20.9 -8.1 12
    endloop
  endfacet
  facet normal 0.026176948307872695 -0.9996573249755573 0
    outer loop
      vertex -20.9 -8.1 0
      vertex -20.476078754432155 -8.088899231512048 0
      vertex -20.476078754432155 -8.088899231512048 12
    endloop
  endfacet
  facet normal 0.07845909572784754 -0.9969173337331276 0
    outer loop
      vertex -20.476078754432155 -8.088899231512048 0
      vertex -20.053319447532008 -8.055627352483013 0
      vertex -20.053319447532008 -8.055627352483013 12
    endloop
  endfacet
  facet normal 0.13052619222005032 -0.9914448613738106 0
    outer loop
      vertex -20.053319447532008 -8.055627352483013 0
      vertex -19.63288083317413 -8.000275558820615 0
      vertex -19.63288083317413 -8.000275558820615 12
    endloop
  endfacet
  facet normal 0.18223552549214656 -0.9832549075639547 0
    outer loop
      vertex -19.63288083317413 -8.000275558820615 0
      vertex -19.21591530437615 -7.922995565943825 0
      vertex -19.21591530437615 -7.922995565943825 12
    endloop
  endfacet
  facet normal 0.23344536385590584 -0.9723699203976764 0
    outer loop
      vertex -19.21591530437615 -7.922995565943825 0
      vertex -18.803565734669583 -7.823999192941453 0
      vertex -18.803565734669583 -7.823999192941453 12
    endloop
  endfacet
  facet normal 0.28401534470392276 -0.9588197348681929 0
    outer loop
      vertex -18.803565734669583 -7.823999192941453 0
      vertex -18.396962345562926 -7.703557781990743 0
      vertex -18.396962345562926 -7.703557781990743 12
    endloop
  endfacet
  facet normal 0.3338068592337707 -0.9426414910921784 0
    outer loop
      vertex -18.396962345562926 -7.703557781990743 0
      vertex -17.997219608683068 -7.5620014546273335 0
      vertex -17.997219608683068 -7.5620014546273335 12
    endloop
  endfacet
  facet normal 0.38268343236508967 -0.9238795325112868 0
    outer loop
      vertex -17.997219608683068 -7.5620014546273335 0
      vertex -17.605433191086018 -7.399718206905066 0
      vertex -17.605433191086018 -7.399718206905066 12
    endloop
  endfacet
  facet normal 0 0 -1
    outer loop
      vertex -17.605433191086018 -7.399718206905066 0
      vertex -17.314509961015915 -4.935003665687179 0
      vertex -17.222676952109673 -7.21715284592578 0
    endloop
  endfacet
  facet normal 0.4305110968082957 -0.9025852843498603 0
    outer loop
      vertex -17.605433191086018 -7.399718206905066 0
      vertex -17.222676952109673 -7.21715284592578 0
      vertex -17.222676952109673 -7.21715284592578 12
    endloop
  endfacet
  facet normal 0.4771587602596096 -0.8788171126619647 0
    outer loop
      vertex -17.222676952109673 -7.21715284592578 0
      vertex -16.85 -7.014805770653952 0
      vertex -16.85 -7.014805770653952 12
    endloop
  endfacet
  facet normal 0.5224985647159451 -0.8526401643540945 0
    outer loop
      vertex -16.85 -7.014805770653952 0
      vertex -16.48842381637828 -6.7932316003579345 0
      vertex -16.48842381637828 -6.7932316003579345 12
    endloop
  endfacet
  facet normal 0.5664062369248344 -0.8241261886220146 0
    outer loop
      vertex -16.48842381637828 -6.7932316003579345 0
      vertex -16.13893945643097 -6.553037654437074 0
      vertex -16.13893945643097 -6.553037654437074 12
    endloop
  endfacet
  facet normal -0.3826834323650908 -0.9238795325112864 0
    outer loop
      vertex -24 -7.480310417944892 0
      vertex -23.802780391316933 -7.5620014546273335 12
      vertex -24 -7.480310417944892 12
    endloop
  endfacet
  facet normal -0.28401534470392276 -0.9588197348681929 0
    outer loop
      vertex -23.403037654437075 -7.703557781990743 0
      vertex -22.996434265330418 -7.823999192941453 12
      vertex -23.403037654437075 -7.703557781990743 12
    endloop
  endfacet
  facet normal -0.3338068592337707 -0.9426414910921784 0
    outer loop
      vertex -23.802780391316933 -7.5620014546273335 0
      vertex -23.403037654437075 -7.703557781990743 12
      vertex -23.802780391316933 -7.5620014546273335 12
    endloop
  endfacet
  facet normal -0.23344536385590584 -0.9723699203976764 0
    outer loop
      vertex -22.996434265330418 -7.823999192941453 0
      vertex -22.58408469562385 -7.922995565943825 12
      vertex -22.996434265330418 -7.823999192941453 12
    endloop
  endfacet
  facet normal -0.18223552549214656 -0.9832549075639547 0
    outer loop
      vertex -22.58408469562385 -7.922995565943825 0
      vertex -22.16711916682587 -8.000275558820615 12
      vertex -22.58408469562385 -7.922995565943825 12
    endloop
  endfacet
  facet normal -0.13052619222005032 -0.9914448613738106 0
    outer loop
      vertex -22.16711916682587 -8.000275558820615 0
      vertex -21.746680552467993 -8.055627352483013 12
      vertex -22.16711916682587 -8.000275558820615 12
    endloop
  endfacet
  facet normal -0.07845909572784754 -0.9969173337331276 0
    outer loop
      vertex -21.746680552467993 -8.055627352483013 0
      vertex -21.323921245567846 -8.088899231512048 12
      vertex -21.746680552467993 -8.055627352483013 12
    endloop
  endfacet
  facet normal -0.026176948307872476 -0.9996573249755573 0
    outer loop
      vertex -21.323921245567846 -8.088899231512048 0
      vertex -20.9 -8.1 12
      vertex -21.323921245567846 -8.088899231512048 12
    endloop
  endfacet
  facet normal 0.026176948307872695 -0.9996573249755573 0
    outer loop
      vertex -20.9 -8.1 0
      vertex -20.476078754432155 -8.088899231512048 12
      vertex -20.9 -8.1 12
    endloop
  endfacet
  facet normal 0.07845909572784754 -0.9969173337331276 0
    outer loop
      vertex -20.476078754432155 -8.088899231512048 0
      vertex -20.053319447532008 -8.055627352483013 12
      vertex -20.476078754432155 -8.088899231512048 12
    endloop
  endfacet
  facet normal 0.13052619222005032 -0.9914448613738106 0
    outer loop
      vertex -20.053319447532008 -8.055627352483013 0
      vertex -19.63288083317413 -8.000275558820615 12
      vertex -20.053319447532008 -8.055627352483013 12
    endloop
  endfacet
  facet normal 0.18223552549214656 -0.9832549075639547 0
    outer loop
      vertex -19.63288083317413 -8.000275558820615 0
      vertex -19.21591530437615 -7.922995565943825 12
      vertex -19.63288083317413 -8.000275558820615 12
    endloop
  endfacet
  facet normal 0.23344536385590584 -0.9723699203976764 0
    outer loop
      vertex -19.21591530437615 -7.922995565943825 0
      vertex -18.803565734669583 -7.823999192941453 12
      vertex -19.21591530437615 -7.922995565943825 12
    endloop
  endfacet
  facet normal 0.28401534470392276 -0.9588197348681929 0
    outer loop
      vertex -18.803565734669583 -7.823999192941453 0
      vertex -18.396962345562926 -7.703557781990743 12
      vertex -18.803565734669583 -7.823999192941453 12
    endloop
  endfacet
  facet normal 0.3338068592337707 -0.9426414910921784 0
    outer loop
      vertex -18.396962345562926 -7.703557781990743 0
      vertex -17.997219608683068 -7.5620014546273335 12
      vertex -18.396962345562926 -7.703557781990743 12
    endloop
  endfacet
  facet normal 0.38268343236508967 -0.9238795325112868 0
    outer loop
      vertex -17.997219608683068 -7.5620014546273335 0
      vertex -17.605433191086018 -7.399718206905066 12
      vertex -17.997219608683068 -7.5620014546273335 12
    endloop
  endfacet
  facet normal 0.4305110968082957 -0.9025852843498603 0
    outer loop
      vertex -17.605433191086018 -7.399718206905066 0
      vertex -17.222676952109673 -7.21715284592578 12
      vertex -17.605433191086018 -7.399718206905066 12
    endloop
  endfacet
  facet normal 0.4771587602596096 -0.8788171126619647 0
    outer loop
      vertex -17.222676952109673 -7.21715284592578 0
      vertex -16.85 -7.014805770653952 12
      vertex -17.222676952109673 -7.21715284592578 12
    endloop
  endfacet
  facet normal 0.5224985647159451 -0.8526401643540945 0
    outer loop
      vertex -16.85 -7.014805770653952 0
      vertex -16.48842381637828 -6.7932316003579345 12
      vertex -16.85 -7.014805770653952 12
    endloop
  endfacet
  facet normal 0.5664062369248344 -0.8241261886220146 0
    outer loop
      vertex -16.48842381637828 -6.7932316003579345 0
      vertex -16.13893945643097 -6.553037654437074 12
      vertex -16.48842381637828 -6.7932316003579345 12
    endloop
  endfacet
  facet normal 0.6087614290087219 -0.7933533402912343 0
    outer loop
      vertex -16.13893945643097 -6.553037654437074 0
      vertex -15.802504832496318 -6.294882287801464 12
      vertex -16.13893945643097 -6.553037654437074 12
    endloop
  endfacet
  facet normal 0 0 -1
    outer loop
      vertex -24 -7.480310417944892 0
      vertex -24 -5.252114923678079 0
      vertex -23.95 -5.282754963085075 0
    endloop
  endfacet
  facet normal 0 0 -1
    outer loop
      vertex -24 -7.480310417944892 0
      vertex -23.95 -5.282754963085075 0
      vertex -23.669342048411234 -5.435139797549044 0
    endloop
  endfacet
  facet normal 0 0 -1
    outer loop
      vertex -23.802780391316933 -7.5620014546273335 0
      vertex -23.669342048411234 -5.435139797549044 0
      vertex -23.38109352276238 -5.572627291619865 0
    endloop
  endfacet
  facet normal 0 0 -1
    outer loop
      vertex -23.403037654437075 -7.703557781990743 0
      vertex -23.38109352276238 -5.572627291619865 0
      vertex -23.086044492226332 -5.69484060163293 0
    endloop
  endfacet
  facet normal 0 0 -1
    outer loop
      vertex -23.403037654437075 -7.703557781990743 0
      vertex -23.086044492226332 -5.69484060163293 0
      vertex -22.785003665687178 -5.801444749400436 0
    endloop
  endfacet
  facet normal 0 0 -1
    outer loop
      vertex -18.396962345562926 -7.703557781990743 0
      vertex -18.71395550777367 -5.69484060163293 0
      vertex -18.41890647723762 -5.572627291619865 0
    endloop
  endfacet
  facet normal 0 0 -1
    outer loop
      vertex -18.396962345562926 -7.703557781990743 0
      vertex -18.41890647723762 -5.572627291619865 0
      vertex -18.130657951588766 -5.435139797549044 0
    endloop
  endfacet
  facet normal 0 0 -1
    outer loop
      vertex -17.997219608683068 -7.5620014546273335 0
      vertex -18.130657951588766 -5.435139797549044 0
      vertex -17.85 -5.282754963085075 0
    endloop
  endfacet
  facet normal 0 0 -1
    outer loop
      vertex -17.605433191086018 -7.399718206905066 0
      vertex -17.85 -5.282754963085075 0
      vertex -17.577701886408335 -5.115890464467086 0
    endloop
  endfacet
  facet normal 0 0 -1
    outer loop
      vertex -24 5.252114923678079 0
      vertex -24 7.480310417944892 0
      vertex -23.95 5.282754963085075 0
    endloop
  endfacet
  facet normal 0 0 -1
    outer loop
      vertex -23.95 5.282754963085075 0
      vertex -23.802780391316933 7.5620014546273335 0
      vertex -23.669342048411234 5.435139797549044 0
    endloop
  endfacet
  facet normal 0 0 -1
    outer loop
      vertex -23.669342048411234 5.435139797549044 0
      vertex -23.403037654437075 7.703557781990743 0
      vertex -23.38109352276238 5.572627291619865 0
    endloop
  endfacet
  facet normal 0 0 -1
    outer loop
      vertex -23.38109352276238 5.572627291619865 0
      vertex -23.403037654437075 7.703557781990743 0
      vertex -23.086044492226332 5.69484060163293 0
    endloop
  endfacet
  facet normal 0 0 -1
    outer loop
      vertex -23.95 5.282754963085075 0
      vertex -24 7.480310417944892 0
      vertex -23.802780391316933 7.5620014546273335 0
    endloop
  endfacet
  facet normal 0 0 -1
    outer loop
      vertex -23.669342048411234 5.435139797549044 0
      vertex -23.802780391316933 7.5620014546273335 0
      vertex -23.403037654437075 7.703557781990743 0
    endloop
  endfacet
  facet normal 0 0 -1
    outer loop
      vertex -23.086044492226332 5.69484060163293 0
      vertex -23.403037654437075 7.703557781990743 0
      vertex -22.996434265330418 7.823999192941453 0
    endloop
  endfacet
  facet normal 0 0 -1
    outer loop
      vertex -23.086044492226332 5.69484060163293 0
      vertex -22.996434265330418 7.823999192941453 0
      vertex -22.785003665687178 5.801444749400436 0
    endloop
  endfacet
  facet normal 0 0 -1
    outer loop
      vertex -22.785003665687178 5.801444749400436 0
      vertex -22.58408469562385 7.922995565943825 0
      vertex -22.478796175125375 5.892147540363316 0
    endloop
  endfacet
  facet normal 0 0 -1
    outer loop
      vertex -22.478796175125375 5.892147540363316 0
      vertex -22.16711916682587 8.000275558820615 0
      vertex -22.16826131398833 5.966700364476214 0
    endloop
  endfacet
  facet normal 0 0 -1
    outer loop
      vertex -22.16826131398833 5.966700364476214 0
      vertex -22.16711916682587 8.000275558820615 0
      vertex -21.854250236745408 6.02489887763034 0
    endloop
  endfacet
  facet normal 0 0 -1
    outer loop
      vertex -22.785003665687178 5.801444749400436 0
      vertex -22.996434265330418 7.823999192941453 0
      vertex -22.58408469562385 7.922995565943825 0
    endloop
  endfacet
  facet normal 0 0 -1
    outer loop
      vertex -22.478796175125375 5.892147540363316 0
      vertex -22.58408469562385 7.922995565943825 0
      vertex -22.16711916682587 8.000275558820615 0
    endloop
  endfacet
  facet normal 0 0 -1
    outer loop
      vertex -21.854250236745408 6.02489887763034 0
      vertex -21.746680552467993 8.055627352483013 0
      vertex -21.53762362593269 6.066583561746467 0
    endloop
  endfacet
  facet normal 0 0 -1
    outer loop
      vertex -21.53762362593269 6.066583561746467 0
      vertex -21.323921245567846 8.088899231512048 0
      vertex -21.219249333081958 6.0916401620029 0
    endloop
  endfacet
  facet normal 0 0 -1
    outer loop
      vertex -21.854250236745408 6.02489887763034 0
      vertex -22.16711916682587 8.000275558820615 0
      vertex -21.746680552467993 8.055627352483013 0
    endloop
  endfacet
  facet normal 0 0 -1
    outer loop
      vertex -21.219249333081958 6.0916401620029 0
      vertex -20.9 8.1 0
      vertex -20.9 6.1 0
    endloop
  endfacet
  facet normal 0 0 -1
    outer loop
      vertex -20.9 6.1 0
      vertex -20.9 8.1 0
      vertex -20.580750666918043 6.0916401620029 0
    endloop
  endfacet
  facet normal 0 0 -1
    outer loop
      vertex -20.580750666918043 6.0916401620029 0
      vertex -20.053319447532008 8.055627352483013 0
      vertex -20.262376374067316 6.066583561746467 0
    endloop
  endfacet
  facet normal 0 0 -1
    outer loop
      vertex -20.262376374067316 6.066583561746467 0
      vertex -19.63288083317413 8.000275558820615 0
      vertex -19.945749763254593 6.02489887763034 0
    endloop
  endfacet
  facet normal 0 0 -1
    outer loop
      vertex -19.945749763254593 6.02489887763034 0
      vertex -19.21591530437615 7.922995565943825 0
      vertex -19.63173868601167 5.966700364476214 0
    endloop
  endfacet
  facet normal 0 0 -1
    outer loop
      vertex -19.63173868601167 5.966700364476214 0
      vertex -19.21591530437615 7.922995565943825 0
      vertex -19.321203824874623 5.892147540363316 0
    endloop
  endfacet
  facet normal 0 0 -1
    outer loop
      vertex -20.262376374067316 6.066583561746467 0
      vertex -20.053319447532008 8.055627352483013 0
      vertex -19.63288083317413 8.000275558820615 0
    endloop
  endfacet
  facet normal 0 0 -1
    outer loop
      vertex -19.945749763254593 6.02489887763034 0
      vertex -19.63288083317413 8.000275558820615 0
      vertex -19.21591530437615 7.922995565943825 0
    endloop
  endfacet
  facet normal 0 0 -1
    outer loop
      vertex -19.01499633431282 5.801444749400436 0
      vertex -19.321203824874623 5.892147540363316 0
      vertex -18.803565734669583 7.823999192941453 0
    endloop
  endfacet
  facet normal 0 0 -1
    outer loop
      vertex -19.01499633431282 5.801444749400436 0
      vertex -18.396962345562926 7.703557781990743 0
      vertex -18.71395550777367 5.69484060163293 0
    endloop
  endfacet
  facet normal 0 0 -1
    outer loop
      vertex -18.41890647723762 5.572627291619865 0
      vertex -18.71395550777367 5.69484060163293 0
      vertex -18.396962345562926 7.703557781990743 0
    endloop
  endfacet
  facet normal 0 0 -1
    outer loop
      vertex -17.577701886408335 5.115890464467086 0
      vertex -17.85 5.282754963085075 0
      vertex -17.222676952109673 7.21715284592578 0
    endloop
  endfacet
  facet normal 0 0 -1
    outer loop
      vertex -18.130657951588766 5.435139797549044 0
      vertex -17.605433191086018 7.399718206905066 0
      vertex -17.85 5.282754963085075 0
    endloop
  endfacet
  facet normal 0 0 -1
    outer loop
      vertex -18.130657951588766 5.435139797549044 0
      vertex -18.41890647723762 5.572627291619865 0
      vertex -17.997219608683068 7.5620014546273335 0
    endloop
  endfacet
  facet normal 0 0 -1
    outer loop
      vertex -19.321203824874623 5.892147540363316 0
      vertex -19.21591530437615 7.922995565943825 0
      vertex -18.803565734669583 7.823999192941453 0
    endloop
  endfacet
  facet normal 0 0 -1
    outer loop
      vertex -19.01499633431282 5.801444749400436 0
      vertex -18.803565734669583 7.823999192941453 0
      vertex -18.396962345562926 7.703557781990743 0
    endloop
  endfacet
  facet normal 0 0 -1
    outer loop
      vertex -18.41890647723762 5.572627291619865 0
      vertex -18.396962345562926 7.703557781990743 0
      vertex -17.997219608683068 7.5620014546273335 0
    endloop
  endfacet
  facet normal 0 0 -1
    outer loop
      vertex -17.85 5.282754963085075 0
      vertex -17.605433191086018 7.399718206905066 0
      vertex -17.222676952109673 7.21715284592578 0
    endloop
  endfacet
  facet normal 0 0 -1
    outer loop
      vertex -18.130657951588766 5.435139797549044 0
      vertex -17.997219608683068 7.5620014546273335 0
      vertex -17.605433191086018 7.399718206905066 0
    endloop
  endfacet
  facet normal 0 0 -1
    outer loop
      vertex -17.222676952109673 -7.21715284592578 0
      vertex -17.061145614595993 -4.740590364887522 0
      vertex -16.85 -7.014805770653952 0
    endloop
  endfacet
  facet normal 0 0 -1
    outer loop
      vertex -16.85 -7.014805770653952 0
      vertex -16.58664863476206 -4.31335136523794 0
      vertex -16.48842381637828 -6.7932316003579345 0
    endloop
  endfacet
  facet normal 0 0 -1
    outer loop
      vertex -17.605433191086018 -7.399718206905066 0
      vertex -17.577701886408335 -5.115890464467086 0
      vertex -17.314509961015915 -4.935003665687179 0
    endloop
  endfacet
  facet normal 0 0 -1
    outer loop
      vertex -17.222676952109673 -7.21715284592578 0
      vertex -17.314509961015915 -4.935003665687179 0
      vertex -17.061145614595993 -4.740590364887522 0
    endloop
  endfacet
  facet normal 0 0 -1
    outer loop
      vertex -16.48842381637828 -6.7932316003579345 0
      vertex -16.366816564587896 -4.081696698789035 0
      vertex -16.13893945643097 -6.553037654437074 0
    endloop
  endfacet
  facet normal 0 0 -1
    outer loop
      vertex -16.85 -7.014805770653952 0
      vertex -17.061145614595993 -4.740590364887522 0
      vertex -16.818303301210968 -4.533183435412105 0
    endloop
  endfacet
  facet normal 0 0 -1
    outer loop
      vertex -16.85 -7.014805770653952 0
      vertex -16.818303301210968 -4.533183435412105 0
      vertex -16.58664863476206 -4.31335136523794 0
    endloop
  endfacet
  facet normal 0 0 -1
    outer loop
      vertex -16.13893945643097 -6.553037654437074 0
      vertex -15.964996334312822 -3.585490038984086 0
      vertex -15.802504832496318 -6.294882287801464 0
    endloop
  endfacet
  facet normal 0 0 -1
    outer loop
      vertex -16.48842381637828 -6.7932316003579345 0
      vertex -16.58664863476206 -4.31335136523794 0
      vertex -16.366816564587896 -4.081696698789035 0
    endloop
  endfacet
  facet normal 0 0 -1
    outer loop
      vertex -16.13893945643097 -6.553037654437074 0
      vertex -16.366816564587896 -4.081696698789035 0
      vertex -16.15940963511248 -3.838854385404008 0
    endloop
  endfacet
  facet normal 0 0 -1
    outer loop
      vertex -15.802504832496318 -6.294882287801464 0
      vertex -15.617245036914923 -3.05 0
      vertex -15.48004208849325 -6.019473086366893 0
    endloop
  endfacet
  facet normal 0 0 -1
    outer loop
      vertex -15.48004208849325 -6.019473086366893 0
      vertex -13.71658022879295 -3.739451642803675 0
      vertex -15.172435072388964 -5.727564927611035 0
    endloop
  endfacet
  facet normal 0 0 -1
    outer loop
      vertex -15.172435072388964 -5.727564927611035 0
      vertex -13.71658022879295 -3.739451642803675 0
      vertex -14.880526913633108 -5.419957911506751 0
    endloop
  endfacet
  facet normal 0 0 -1
    outer loop
      vertex -14.880526913633108 -5.419957911506751 0
      vertex -13.71658022879295 -3.739451642803675 0
      vertex -14.605117712198535 -5.097495167503682 0
    endloop
  endfacet
  facet normal 0 0 -1
    outer loop
      vertex -16.13893945643097 -6.553037654437074 0
      vertex -16.15940963511248 -3.838854385404008 0
      vertex -15.964996334312822 -3.585490038984086 0
    endloop
  endfacet
  facet normal 0 0 -1
    outer loop
      vertex -15.802504832496318 -6.294882287801464 0
      vertex -15.964996334312822 -3.585490038984086 0
      vertex -15.784109535532913 -3.322298113591665 0
    endloop
  endfacet
  facet normal 0 0 -1
    outer loop
      vertex -15.802504832496318 -6.294882287801464 0
      vertex -15.784109535532913 -3.322298113591665 0
      vertex -15.617245036914923 -3.05 0
    endloop
  endfacet
  facet normal 0 0 -1
    outer loop
      vertex -15.48004208849325 -6.019473086366893 0
      vertex -15.617245036914923 -3.05 0
      vertex -13.71658022879295 -3.739451642803675 0
    endloop
  endfacet
  facet normal 0 0 -1
    outer loop
      vertex -14.605117712198535 -5.097495167503682 0
      vertex -13.71658022879295 -3.739451642803675 0
      vertex -14.346962345562925 -4.761060543569032 0
    endloop
  endfacet
  facet normal 0 0 -1
    outer loop
      vertex -14.346962345562925 -4.761060543569032 0
      vertex -13.71658022879295 -3.739451642803675 0
      vertex -14.106768399642064 -4.411576183621719 0
    endloop
  endfacet
  facet normal 0 0 -1
    outer loop
      vertex -15.617245036914923 -3.05 0
      vertex -15.490264122918148 -2.816130249518817 0
      vertex -13.71658022879295 -3.739451642803675 0
    endloop
  endfacet
  facet normal 0 0 -1
    outer loop
      vertex -14.106768399642064 -4.411576183621719 0
      vertex -13.71658022879295 -3.739451642803675 0
      vertex -13.885194229346048 -4.05 0
    endloop
  endfacet
  facet normal 0.6087614290087219 -0.7933533402912343 0
    outer loop
      vertex -16.13893945643097 -6.553037654437074 0
      vertex -15.802504832496318 -6.294882287801464 0
      vertex -15.802504832496318 -6.294882287801464 12
    endloop
  endfacet
  facet normal 0.6494480483301833 -0.7604059656000313 0
    outer loop
      vertex -15.802504832496318 -6.294882287801464 0
      vertex -15.48004208849325 -6.019473086366893 0
      vertex -15.48004208849325 -6.019473086366893 12
    endloop
  endfacet
  facet normal 0.6883545756937512 -0.7253743710122902 0
    outer loop
      vertex -15.48004208849325 -6.019473086366893 0
      vertex -15.172435072388964 -5.727564927611035 0
      vertex -15.172435072388964 -5.727564927611035 12
    endloop
  endfacet
  facet normal 0.7253743710122914 -0.6883545756937501 0
    outer loop
      vertex -15.172435072388964 -5.727564927611035 0
      vertex -14.880526913633108 -5.419957911506751 0
      vertex -15.172435072388964 -5.727564927611035 12
    endloop
  endfacet
  facet normal 0.7604059656000283 -0.649448048330187 0
    outer loop
      vertex -14.880526913633108 -5.419957911506751 0
      vertex -14.605117712198535 -5.097495167503682 0
      vertex -14.880526913633108 -5.419957911506751 12
    endloop
  endfacet
  facet normal 0.7933533402912353 -0.6087614290087204 0
    outer loop
      vertex -14.605117712198535 -5.097495167503682 0
      vertex -14.346962345562925 -4.761060543569032 0
      vertex -14.605117712198535 -5.097495167503682 12
    endloop
  endfacet
  facet normal 0.8241261886220149 -0.5664062369248338 0
    outer loop
      vertex -14.346962345562925 -4.761060543569032 0
      vertex -14.106768399642064 -4.411576183621719 0
      vertex -14.346962345562925 -4.761060543569032 12
    endloop
  endfacet
  facet normal 0.8526401643540946 -0.5224985647159449 0
    outer loop
      vertex -14.106768399642064 -4.411576183621719 0
      vertex -13.885194229346048 -4.05 0
      vertex -14.106768399642064 -4.411576183621719 12
    endloop
  endfacet
  facet normal 0.8788171126619642 -0.47715876025961057 0
    outer loop
      vertex -13.885194229346048 -4.05 0
      vertex -13.71658022879295 -3.739451642803675 0
      vertex -13.71658022879295 -3.739451642803675 12
    endloop
  endfacet
  facet normal 0 0 -1
    outer loop
      vertex -15.490264122918148 2.816130249518817 0
      vertex -15.617245036914923 3.05 0
      vertex -15.172435072388964 5.727564927611035 0
    endloop
  endfacet
  facet normal 0 0 -1
    outer loop
      vertex -15.490264122918148 2.816130249518817 0
      vertex -14.106768399642064 4.411576183621719 0
      vertex -13.885194229346048 4.05 0
    endloop
  endfacet
  facet normal 0 0 -1
    outer loop
      vertex -15.490264122918148 2.816130249518817 0
      vertex -13.885194229346048 4.05 0
      vertex -13.71658022879295 3.739451642803675 0
    endloop
  endfacet
  facet normal 0 0 -1
    outer loop
      vertex -15.784109535532913 3.322298113591665 0
      vertex -15.964996334312822 3.585490038984086 0
      vertex -15.48004208849325 6.019473086366893 0
    endloop
  endfacet
  facet normal 0 0 -1
    outer loop
      vertex -15.964996334312822 3.585490038984086 0
      vertex -16.15940963511248 3.838854385404008 0
      vertex -15.802504832496318 6.294882287801464 0
    endloop
  endfacet
  facet normal 0 0 -1
    outer loop
      vertex -16.818303301210968 4.533183435412105 0
      vertex -16.48842381637828 6.7932316003579345 0
      vertex -16.58664863476206 4.31335136523794 0
    endloop
  endfacet
  facet normal 0 0 -1
    outer loop
      vertex -16.818303301210968 4.533183435412105 0
      vertex -17.061145614595993 4.740590364887522 0
      vertex -16.48842381637828 6.7932316003579345 0
    endloop
  endfacet
  facet normal 0 0 -1
    outer loop
      vertex -17.061145614595993 4.740590364887522 0
      vertex -17.314509961015915 4.935003665687179 0
      vertex -16.85 7.014805770653952 0
    endloop
  endfacet
  facet normal 0 0 -1
    outer loop
      vertex -16.15940963511248 3.838854385404008 0
      vertex -16.366816564587896 4.081696698789035 0
      vertex -16.13893945643097 6.553037654437074 0
    endloop
  endfacet
  facet normal 0 0 -1
    outer loop
      vertex -16.366816564587896 4.081696698789035 0
      vertex -16.58664863476206 4.31335136523794 0
      vertex -16.13893945643097 6.553037654437074 0
    endloop
  endfacet
  facet normal 0 0 -1
    outer loop
      vertex -15.964996334312822 3.585490038984086 0
      vertex -15.802504832496318 6.294882287801464 0
      vertex -15.48004208849325 6.019473086366893 0
    endloop
  endfacet
  facet normal 0 0 -1
    outer loop
      vertex -16.15940963511248 3.838854385404008 0
      vertex -16.13893945643097 6.553037654437074 0
      vertex -15.802504832496318 6.294882287801464 0
    endloop
  endfacet
  facet normal 0 0 -1
    outer loop
      vertex -15.784109535532913 3.322298113591665 0
      vertex -15.48004208849325 6.019473086366893 0
      vertex -15.617245036914923 3.05 0
    endloop
  endfacet
  facet normal 0 0 -1
    outer loop
      vertex -15.490264122918148 2.816130249518817 0
      vertex -14.880526913633108 5.419957911506751 0
      vertex -14.605117712198535 5.097495167503682 0
    endloop
  endfacet
  facet normal 0 0 -1
    outer loop
      vertex -15.490264122918148 2.816130249518817 0
      vertex -15.172435072388964 5.727564927611035 0
      vertex -14.880526913633108 5.419957911506751 0
    endloop
  endfacet
  facet normal 0 0 -1
    outer loop
      vertex -15.490264122918148 2.816130249518817 0
      vertex -14.346962345562925 4.761060543569032 0
      vertex -14.106768399642064 4.411576183621719 0
    endloop
  endfacet
  facet normal 0 0 -1
    outer loop
      vertex -15.490264122918148 2.816130249518817 0
      vertex -14.605117712198535 5.097495167503682 0
      vertex -14.346962345562925 4.761060543569032 0
    endloop
  endfacet
  facet normal 0 0 -1
    outer loop
      vertex -15.617245036914923 3.05 0
      vertex -15.48004208849325 6.019473086366893 0
      vertex -15.172435072388964 5.727564927611035 0
    endloop
  endfacet
  facet normal 0 0 -1
    outer loop
      vertex -17.577701886408335 5.115890464467086 0
      vertex -17.222676952109673 7.21715284592578 0
      vertex -17.314509961015915 4.935003665687179 0
    endloop
  endfacet
  facet normal 0 0 -1
    outer loop
      vertex -17.314509961015915 4.935003665687179 0
      vertex -17.222676952109673 7.21715284592578 0
      vertex -16.85 7.014805770653952 0
    endloop
  endfacet
  facet normal 0 0 -1
    outer loop
      vertex -17.061145614595993 4.740590364887522 0
      vertex -16.85 7.014805770653952 0
      vertex -16.48842381637828 6.7932316003579345 0
    endloop
  endfacet
  facet normal 0 0 -1
    outer loop
      vertex -16.58664863476206 4.31335136523794 0
      vertex -16.48842381637828 6.7932316003579345 0
      vertex -16.13893945643097 6.553037654437074 0
    endloop
  endfacet
  facet normal 0.8788171126619642 0.47715876025961057 0
    outer loop
      vertex -13.71658022879295 3.739451642803675 0
      vertex -13.885194229346048 4.05 0
      vertex -13.885194229346048 4.05 12
    endloop
  endfacet
  facet normal 0.8526401643540946 0.5224985647159449 0
    outer loop
      vertex -14.106768399642064 4.411576183621719 0
      vertex -13.885194229346048 4.05 12
      vertex -13.885194229346048 4.05 0
    endloop
  endfacet
  facet normal 0.8241261886220149 0.5664062369248338 0
    outer loop
      vertex -14.106768399642064 4.411576183621719 0
      vertex -14.346962345562925 4.761060543569032 0
      vertex -14.106768399642064 4.411576183621719 12
    endloop
  endfacet
  facet normal 0.7253743710122914 0.6883545756937501 0
    outer loop
      vertex -14.880526913633108 5.419957911506751 0
      vertex -15.172435072388964 5.727564927611035 0
      vertex -14.880526913633108 5.419957911506751 12
    endloop
  endfacet
  facet normal 0.7933533402912353 0.6087614290087204 0
    outer loop
      vertex -14.346962345562925 4.761060543569032 0
      vertex -14.605117712198535 5.097495167503682 0
      vertex -14.346962345562925 4.761060543569032 12
    endloop
  endfacet
  facet normal 0.7604059656000283 0.649448048330187 0
    outer loop
      vertex -14.880526913633108 5.419957911506751 0
      vertex -14.605117712198535 5.097495167503682 12
      vertex -14.605117712198535 5.097495167503682 0
    endloop
  endfacet
  facet normal 0.6087614290087219 0.7933533402912343 0
    outer loop
      vertex -15.802504832496318 6.294882287801464 0
      vertex -16.13893945643097 6.553037654437074 0
      vertex -16.13893945643097 6.553037654437074 12
    endloop
  endfacet
  facet normal 0.5224985647159451 0.8526401643540945 0
    outer loop
      vertex -16.85 7.014805770653952 0
      vertex -16.85 7.014805770653952 12
      vertex -16.48842381637828 6.7932316003579345 0
    endloop
  endfacet
  facet normal 0.4771587602596096 0.8788171126619647 0
    outer loop
      vertex -17.222676952109673 7.21715284592578 0
      vertex -17.222676952109673 7.21715284592578 12
      vertex -16.85 7.014805770653952 0
    endloop
  endfacet
  facet normal 0.4305110968082957 0.9025852843498603 0
    outer loop
      vertex -17.605433191086018 7.399718206905066 0
      vertex -17.605433191086018 7.399718206905066 12
      vertex -17.222676952109673 7.21715284592578 0
    endloop
  endfacet
  facet normal 0.5664062369248344 0.8241261886220146 0
    outer loop
      vertex -16.48842381637828 6.7932316003579345 0
      vertex -16.48842381637828 6.7932316003579345 12
      vertex -16.13893945643097 6.553037654437074 0
    endloop
  endfacet
  facet normal 0.6883545756937512 0.7253743710122902 0
    outer loop
      vertex -15.48004208849325 6.019473086366893 0
      vertex -15.48004208849325 6.019473086366893 12
      vertex -15.172435072388964 5.727564927611035 0
    endloop
  endfacet
  facet normal 0.6494480483301833 0.7604059656000313 0
    outer loop
      vertex -15.802504832496318 6.294882287801464 0
      vertex -15.802504832496318 6.294882287801464 12
      vertex -15.48004208849325 6.019473086366893 0
    endloop
  endfacet
  facet normal 0.6494480483301833 -0.7604059656000313 0
    outer loop
      vertex -15.802504832496318 -6.294882287801464 0
      vertex -15.48004208849325 -6.019473086366893 12
      vertex -15.802504832496318 -6.294882287801464 12
    endloop
  endfacet
  facet normal 0.6883545756937512 -0.7253743710122902 0
    outer loop
      vertex -15.48004208849325 -6.019473086366893 0
      vertex -15.172435072388964 -5.727564927611035 12
      vertex -15.48004208849325 -6.019473086366893 12
    endloop
  endfacet
  facet normal 0.7253743710122914 -0.6883545756937501 0
    outer loop
      vertex -14.880526913633108 -5.419957911506751 0
      vertex -14.880526913633108 -5.419957911506751 12
      vertex -15.172435072388964 -5.727564927611035 12
    endloop
  endfacet
  facet normal 0.7604059656000283 -0.649448048330187 0
    outer loop
      vertex -14.605117712198535 -5.097495167503682 0
      vertex -14.605117712198535 -5.097495167503682 12
      vertex -14.880526913633108 -5.419957911506751 12
    endloop
  endfacet
  facet normal 0.7933533402912353 -0.6087614290087204 0
    outer loop
      vertex -14.346962345562925 -4.761060543569032 0
      vertex -14.346962345562925 -4.761060543569032 12
      vertex -14.605117712198535 -5.097495167503682 12
    endloop
  endfacet
  facet normal 0.8241261886220149 -0.5664062369248338 0
    outer loop
      vertex -14.106768399642064 -4.411576183621719 0
      vertex -14.106768399642064 -4.411576183621719 12
      vertex -14.346962345562925 -4.761060543569032 12
    endloop
  endfacet
  facet normal 0.8526401643540946 -0.5224985647159449 0
    outer loop
      vertex -13.885194229346048 -4.05 0
      vertex -13.885194229346048 -4.05 12
      vertex -14.106768399642064 -4.411576183621719 12
    endloop
  endfacet
  facet normal 0.8788171126619642 -0.47715876025961057 0
    outer loop
      vertex -13.885194229346048 -4.05 0
      vertex -13.71658022879295 -3.739451642803675 12
      vertex -13.885194229346048 -4.05 12
    endloop
  endfacet
  facet normal 0.8788171126619642 0.47715876025961057 0
    outer loop
      vertex -13.71658022879295 3.739451642803675 0
      vertex -13.885194229346048 4.05 12
      vertex -13.71658022879295 3.739451642803675 12
    endloop
  endfacet
  facet normal 0.8526401643540946 0.5224985647159449 0
    outer loop
      vertex -14.106768399642064 4.411576183621719 0
      vertex -14.106768399642064 4.411576183621719 12
      vertex -13.885194229346048 4.05 12
    endloop
  endfacet
  facet normal 0.8241261886220149 0.5664062369248338 0
    outer loop
      vertex -14.346962345562925 4.761060543569032 0
      vertex -14.346962345562925 4.761060543569032 12
      vertex -14.106768399642064 4.411576183621719 12
    endloop
  endfacet
  facet normal 0.7253743710122914 0.6883545756937501 0
    outer loop
      vertex -15.172435072388964 5.727564927611035 0
      vertex -15.172435072388964 5.727564927611035 12
      vertex -14.880526913633108 5.419957911506751 12
    endloop
  endfacet
  facet normal 0.7933533402912353 0.6087614290087204 0
    outer loop
      vertex -14.605117712198535 5.097495167503682 0
      vertex -14.605117712198535 5.097495167503682 12
      vertex -14.346962345562925 4.761060543569032 12
    endloop
  endfacet
  facet normal 0.7604059656000283 0.649448048330187 0
    outer loop
      vertex -14.880526913633108 5.419957911506751 0
      vertex -14.880526913633108 5.419957911506751 12
      vertex -14.605117712198535 5.097495167503682 12
    endloop
  endfacet
  facet normal 0.6087614290087219 0.7933533402912343 0
    outer loop
      vertex -15.802504832496318 6.294882287801464 0
      vertex -16.13893945643097 6.553037654437074 12
      vertex -15.802504832496318 6.294882287801464 12
    endloop
  endfacet
  facet normal 0.4305110968082957 0.9025852843498603 0
    outer loop
      vertex -17.222676952109673 7.21715284592578 0
      vertex -17.605433191086018 7.399718206905066 12
      vertex -17.222676952109673 7.21715284592578 12
    endloop
  endfacet
  facet normal 0.4771587602596096 0.8788171126619647 0
    outer loop
      vertex -16.85 7.014805770653952 0
      vertex -17.222676952109673 7.21715284592578 12
      vertex -16.85 7.014805770653952 12
    endloop
  endfacet
  facet normal 0.5664062369248344 0.8241261886220146 0
    outer loop
      vertex -16.13893945643097 6.553037654437074 0
      vertex -16.48842381637828 6.7932316003579345 12
      vertex -16.13893945643097 6.553037654437074 12
    endloop
  endfacet
  facet normal 0.5224985647159451 0.8526401643540945 0
    outer loop
      vertex -16.48842381637828 6.7932316003579345 0
      vertex -16.85 7.014805770653952 12
      vertex -16.48842381637828 6.7932316003579345 12
    endloop
  endfacet
  facet normal 0.6883545756937512 0.7253743710122902 0
    outer loop
      vertex -15.172435072388964 5.727564927611035 0
      vertex -15.48004208849325 6.019473086366893 12
      vertex -15.172435072388964 5.727564927611035 12
    endloop
  endfacet
  facet normal 0.6494480483301833 0.7604059656000313 0
    outer loop
      vertex -15.48004208849325 6.019473086366893 0
      vertex -15.802504832496318 6.294882287801464 12
      vertex -15.48004208849325 6.019473086366893 12
    endloop
  endfacet
  facet normal 0 0 1
    outer loop
      vertex -24 -7.480310417944892 12
      vertex -23.802780391316933 -7.5620014546273335 12
      vertex -23.95 -5.282754963085075 12
    endloop
  endfacet
  facet normal 0 0 1
    outer loop
      vertex -23.403037654437075 -7.703557781990743 12
      vertex -23.669342048411234 -5.435139797549044 12
      vertex -23.802780391316933 -7.5620014546273335 12
    endloop
  endfacet
  facet normal 0 0 1
    outer loop
      vertex -23.403037654437075 -7.703557781990743 12
      vertex -22.996434265330418 -7.823999192941453 12
      vertex -23.086044492226332 -5.69484060163293 12
    endloop
  endfacet
  facet normal 0 0 1
    outer loop
      vertex -22.58408469562385 -7.922995565943825 12
      vertex -22.16711916682587 -8.000275558820615 12
      vertex -22.478796175125375 -5.892147540363316 12
    endloop
  endfacet
  facet normal 0 0 1
    outer loop
      vertex -22.16711916682587 -8.000275558820615 12
      vertex -21.746680552467993 -8.055627352483013 12
      vertex -21.854250236745408 -6.02489887763034 12
    endloop
  endfacet
  facet normal 0 0 1
    outer loop
      vertex -21.746680552467993 -8.055627352483013 12
      vertex -21.323921245567846 -8.088899231512048 12
      vertex -21.53762362593269 -6.066583561746467 12
    endloop
  endfacet
  facet normal 0 0 1
    outer loop
      vertex -22.996434265330418 -7.823999192941453 12
      vertex -22.58408469562385 -7.922995565943825 12
      vertex -22.785003665687178 -5.801444749400436 12
    endloop
  endfacet
  facet normal 0 0 1
    outer loop
      vertex -22.996434265330418 -7.823999192941453 12
      vertex -22.785003665687178 -5.801444749400436 12
      vertex -23.086044492226332 -5.69484060163293 12
    endloop
  endfacet
  facet normal 0 0 1
    outer loop
      vertex -22.58408469562385 -7.922995565943825 12
      vertex -22.478796175125375 -5.892147540363316 12
      vertex -22.785003665687178 -5.801444749400436 12
    endloop
  endfacet
  facet normal 0 0 1
    outer loop
      vertex -22.16711916682587 -8.000275558820615 12
      vertex -22.16826131398833 -5.966700364476214 12
      vertex -22.478796175125375 -5.892147540363316 12
    endloop
  endfacet
  facet normal 0 0 1
    outer loop
      vertex -22.16711916682587 -8.000275558820615 12
      vertex -21.854250236745408 -6.02489887763034 12
      vertex -22.16826131398833 -5.966700364476214 12
    endloop
  endfacet
  facet normal 0 0 1
    outer loop
      vertex -21.746680552467993 -8.055627352483013 12
      vertex -21.53762362593269 -6.066583561746467 12
      vertex -21.854250236745408 -6.02489887763034 12
    endloop
  endfacet
  facet normal 0 0 1
    outer loop
      vertex -21.323921245567846 -8.088899231512048 12
      vertex -21.219249333081958 -6.0916401620029 12
      vertex -21.53762362593269 -6.066583561746467 12
    endloop
  endfacet
  facet normal 0 0 1
    outer loop
      vertex -21.323921245567846 -8.088899231512048 12
      vertex -20.9 -8.1 12
      vertex -21.219249333081958 -6.0916401620029 12
    endloop
  endfacet
  facet normal 0 0 1
    outer loop
      vertex -20.9 -8.1 12
      vertex -20.476078754432155 -8.088899231512048 12
      vertex -20.580750666918043 -6.0916401620029 12
    endloop
  endfacet
  facet normal 0 0 1
    outer loop
      vertex -20.476078754432155 -8.088899231512048 12
      vertex -20.053319447532008 -8.055627352483013 12
      vertex -20.580750666918043 -6.0916401620029 12
    endloop
  endfacet
  facet normal 0 0 1
    outer loop
      vertex -20.053319447532008 -8.055627352483013 12
      vertex -19.63288083317413 -8.000275558820615 12
      vertex -20.262376374067316 -6.066583561746467 12
    endloop
  endfacet
  facet normal 0 0 1
    outer loop
      vertex -19.63288083317413 -8.000275558820615 12
      vertex -19.21591530437615 -7.922995565943825 12
      vertex -19.945749763254593 -6.02489887763034 12
    endloop
  endfacet
  facet normal 0 0 1
    outer loop
      vertex -20.9 -8.1 12
      vertex -20.9 -6.1 12
      vertex -21.219249333081958 -6.0916401620029 12
    endloop
  endfacet
  facet normal 0 0 1
    outer loop
      vertex -20.9 -8.1 12
      vertex -20.580750666918043 -6.0916401620029 12
      vertex -20.9 -6.1 12
    endloop
  endfacet
  facet normal 0 0 1
    outer loop
      vertex -20.053319447532008 -8.055627352483013 12
      vertex -20.262376374067316 -6.066583561746467 12
      vertex -20.580750666918043 -6.0916401620029 12
    endloop
  endfacet
  facet normal 0 0 1
    outer loop
      vertex -19.63288083317413 -8.000275558820615 12
      vertex -19.945749763254593 -6.02489887763034 12
      vertex -20.262376374067316 -6.066583561746467 12
    endloop
  endfacet
  facet normal 0 0 1
    outer loop
      vertex -19.21591530437615 -7.922995565943825 12
      vertex -19.63173868601167 -5.966700364476214 12
      vertex -19.945749763254593 -6.02489887763034 12
    endloop
  endfacet
  facet normal 0 0 1
    outer loop
      vertex -19.21591530437615 -7.922995565943825 12
      vertex -19.321203824874623 -5.892147540363316 12
      vertex -19.63173868601167 -5.966700364476214 12
    endloop
  endfacet
  facet normal 0 0 1
    outer loop
      vertex -19.21591530437615 -7.922995565943825 12
      vertex -18.803565734669583 -7.823999192941453 12
      vertex -19.321203824874623 -5.892147540363316 12
    endloop
  endfacet
  facet normal 0 0 1
    outer loop
      vertex -18.803565734669583 -7.823999192941453 12
      vertex -18.396962345562926 -7.703557781990743 12
      vertex -19.01499633431282 -5.801444749400436 12
    endloop
  endfacet
  facet normal 0 0 1
    outer loop
      vertex -18.803565734669583 -7.823999192941453 12
      vertex -19.01499633431282 -5.801444749400436 12
      vertex -19.321203824874623 -5.892147540363316 12
    endloop
  endfacet
  facet normal 0 0 1
    outer loop
      vertex -18.396962345562926 -7.703557781990743 12
      vertex -17.997219608683068 -7.5620014546273335 12
      vertex -18.41890647723762 -5.572627291619865 12
    endloop
  endfacet
  facet normal 0 0 1
    outer loop
      vertex -17.997219608683068 -7.5620014546273335 12
      vertex -17.605433191086018 -7.399718206905066 12
      vertex -18.130657951588766 -5.435139797549044 12
    endloop
  endfacet
  facet normal 0 0 1
    outer loop
      vertex -17.605433191086018 -7.399718206905066 12
      vertex -17.222676952109673 -7.21715284592578 12
      vertex -17.85 -5.282754963085075 12
    endloop
  endfacet
  facet normal 0 0 1
    outer loop
      vertex -24 -7.480310417944892 12
      vertex -23.95 -5.282754963085075 12
      vertex -24.030524093621835 -5.233409735049362 12
    endloop
  endfacet
  facet normal 0 0 1
    outer loop
      vertex -23.403037654437075 -7.703557781990743 12
      vertex -23.38109352276238 -5.572627291619865 12
      vertex -23.669342048411234 -5.435139797549044 12
    endloop
  endfacet
  facet normal 0 0 1
    outer loop
      vertex -23.802780391316933 -7.5620014546273335 12
      vertex -23.669342048411234 -5.435139797549044 12
      vertex -23.95 -5.282754963085075 12
    endloop
  endfacet
  facet normal 0 0 1
    outer loop
      vertex -23.403037654437075 -7.703557781990743 12
      vertex -23.086044492226332 -5.69484060163293 12
      vertex -23.38109352276238 -5.572627291619865 12
    endloop
  endfacet
  facet normal 0 0 1
    outer loop
      vertex -18.396962345562926 -7.703557781990743 12
      vertex -18.71395550777367 -5.69484060163293 12
      vertex -19.01499633431282 -5.801444749400436 12
    endloop
  endfacet
  facet normal 0 0 1
    outer loop
      vertex -18.396962345562926 -7.703557781990743 12
      vertex -18.41890647723762 -5.572627291619865 12
      vertex -18.71395550777367 -5.69484060163293 12
    endloop
  endfacet
  facet normal 0 0 1
    outer loop
      vertex -17.997219608683068 -7.5620014546273335 12
      vertex -18.130657951588766 -5.435139797549044 12
      vertex -18.41890647723762 -5.572627291619865 12
    endloop
  endfacet
  facet normal 0 0 1
    outer loop
      vertex -17.605433191086018 -7.399718206905066 12
      vertex -17.85 -5.282754963085075 12
      vertex -18.130657951588766 -5.435139797549044 12
    endloop
  endfacet
  facet normal 0 0 1
    outer loop
      vertex -17.222676952109673 -7.21715284592578 12
      vertex -17.577701886408335 -5.115890464467086 12
      vertex -17.85 -5.282754963085075 12
    endloop
  endfacet
  facet normal 0 0 1
    outer loop
      vertex -24.17154163839593 5.146994072470239 12
      vertex -23.95 5.282754963085075 12
      vertex -24.194566808913983 6.841893583713894 12
    endloop
  endfacet
  facet normal 0 0 1
    outer loop
      vertex -23.95 5.282754963085075 12
      vertex -23.669342048411234 5.435139797549044 12
      vertex -24 7.480310417944892 12
    endloop
  endfacet
  facet normal 0 0 1
    outer loop
      vertex -23.95 5.282754963085075 12
      vertex -24.00104229305579 7.479878686025217 12
      vertex -24.194566808913983 6.841893583713894 12
    endloop
  endfacet
  facet normal 0 0 1
    outer loop
      vertex -23.669342048411234 5.435139797549044 12
      vertex -23.38109352276238 5.572627291619865 12
      vertex -23.802780391316933 7.5620014546273335 12
    endloop
  endfacet
  facet normal 0 0 1
    outer loop
      vertex -23.38109352276238 5.572627291619865 12
      vertex -23.086044492226332 5.69484060163293 12
      vertex -23.403037654437075 7.703557781990743 12
    endloop
  endfacet
  facet normal 0 0 1
    outer loop
      vertex -23.086044492226332 5.69484060163293 12
      vertex -22.785003665687178 5.801444749400436 12
      vertex -23.403037654437075 7.703557781990743 12
    endloop
  endfacet
  facet normal 0 0 1
    outer loop
      vertex -23.95 5.282754963085075 12
      vertex -24 7.480310417944892 12
      vertex -24.00104229305579 7.479878686025217 12
    endloop
  endfacet
  facet normal 0 0 1
    outer loop
      vertex -23.669342048411234 5.435139797549044 12
      vertex -23.802780391316933 7.5620014546273335 12
      vertex -24 7.480310417944892 12
    endloop
  endfacet
  facet normal 0 0 1
    outer loop
      vertex -23.38109352276238 5.572627291619865 12
      vertex -23.403037654437075 7.703557781990743 12
      vertex -23.802780391316933 7.5620014546273335 12
    endloop
  endfacet
  facet normal 0 0 1
    outer loop
      vertex -22.785003665687178 5.801444749400436 12
      vertex -22.996434265330418 7.823999192941453 12
      vertex -23.403037654437075 7.703557781990743 12
    endloop
  endfacet
  facet normal 0 0 1
    outer loop
      vertex -22.785003665687178 5.801444749400436 12
      vertex -22.478796175125375 5.892147540363316 12
      vertex -22.996434265330418 7.823999192941453 12
    endloop
  endfacet
  facet normal 0 0 1
    outer loop
      vertex -22.478796175125375 5.892147540363316 12
      vertex -22.16826131398833 5.966700364476214 12
      vertex -22.58408469562385 7.922995565943825 12
    endloop
  endfacet
  facet normal 0 0 1
    outer loop
      vertex -22.16826131398833 5.966700364476214 12
      vertex -21.854250236745408 6.02489887763034 12
      vertex -22.58408469562385 7.922995565943825 12
    endloop
  endfacet
  facet normal 0 0 1
    outer loop
      vertex -22.478796175125375 5.892147540363316 12
      vertex -22.58408469562385 7.922995565943825 12
      vertex -22.996434265330418 7.823999192941453 12
    endloop
  endfacet
  facet normal 0 0 1
    outer loop
      vertex -21.854250236745408 6.02489887763034 12
      vertex -22.16711916682587 8.000275558820615 12
      vertex -22.58408469562385 7.922995565943825 12
    endloop
  endfacet
  facet normal 0 0 1
    outer loop
      vertex -21.854250236745408 6.02489887763034 12
      vertex -21.53762362593269 6.066583561746467 12
      vertex -22.16711916682587 8.000275558820615 12
    endloop
  endfacet
  facet normal 0 0 1
    outer loop
      vertex -21.53762362593269 6.066583561746467 12
      vertex -21.219249333081958 6.0916401620029 12
      vertex -21.746680552467993 8.055627352483013 12
    endloop
  endfacet
  facet normal 0 0 1
    outer loop
      vertex -21.53762362593269 6.066583561746467 12
      vertex -21.746680552467993 8.055627352483013 12
      vertex -22.16711916682587 8.000275558820615 12
    endloop
  endfacet
  facet normal 0 0 1
    outer loop
      vertex -21.219249333081958 6.0916401620029 12
      vertex -20.9 6.1 12
      vertex -20.9 8.1 12
    endloop
  endfacet
  facet normal 0 0 1
    outer loop
      vertex -20.9 6.1 12
      vertex -20.580750666918043 6.0916401620029 12
      vertex -20.9 8.1 12
    endloop
  endfacet
  facet normal 0 0 1
    outer loop
      vertex -20.580750666918043 6.0916401620029 12
      vertex -20.262376374067316 6.066583561746467 12
      vertex -20.476078754432155 8.088899231512048 12
    endloop
  endfacet
  facet normal 0 0 1
    outer loop
      vertex -20.262376374067316 6.066583561746467 12
      vertex -19.945749763254593 6.02489887763034 12
      vertex -20.053319447532008 8.055627352483013 12
    endloop
  endfacet
  facet normal 0 0 1
    outer loop
      vertex -19.945749763254593 6.02489887763034 12
      vertex -19.63173868601167 5.966700364476214 12
      vertex -19.63288083317413 8.000275558820615 12
    endloop
  endfacet
  facet normal 0 0 1
    outer loop
      vertex -19.63173868601167 5.966700364476214 12
      vertex -19.321203824874623 5.892147540363316 12
      vertex -19.63288083317413 8.000275558820615 12
    endloop
  endfacet
  facet normal 0 0 1
    outer loop
      vertex -19.945749763254593 6.02489887763034 12
      vertex -19.63288083317413 8.000275558820615 12
      vertex -20.053319447532008 8.055627352483013 12
    endloop
  endfacet
  facet normal 0 0 1
    outer loop
      vertex -19.321203824874623 5.892147540363316 12
      vertex -19.21591530437615 7.922995565943825 12
      vertex -19.63288083317413 8.000275558820615 12
    endloop
  endfacet
  facet normal 0 0 1
    outer loop
      vertex -19.01499633431282 5.801444749400436 12
      vertex -18.71395550777367 5.69484060163293 12
      vertex -18.803565734669583 7.823999192941453 12
    endloop
  endfacet
  facet normal 0 0 1
    outer loop
      vertex -18.41890647723762 5.572627291619865 12
      vertex -18.396962345562926 7.703557781990743 12
      vertex -18.71395550777367 5.69484060163293 12
    endloop
  endfacet
  facet normal 0 0 1
    outer loop
      vertex -18.130657951588766 5.435139797549044 12
      vertex -17.85 5.282754963085075 12
      vertex -17.997219608683068 7.5620014546273335 12
    endloop
  endfacet
  facet normal 0 0 1
    outer loop
      vertex -17.577701886408335 5.115890464467086 12
      vertex -17.605433191086018 7.399718206905066 12
      vertex -17.85 5.282754963085075 12
    endloop
  endfacet
  facet normal 0 0 1
    outer loop
      vertex -18.130657951588766 5.435139797549044 12
      vertex -18.396962345562926 7.703557781990743 12
      vertex -18.41890647723762 5.572627291619865 12
    endloop
  endfacet
  facet normal 0 0 1
    outer loop
      vertex -19.01499633431282 5.801444749400436 12
      vertex -19.21591530437615 7.922995565943825 12
      vertex -19.321203824874623 5.892147540363316 12
    endloop
  endfacet
  facet normal 0 0 1
    outer loop
      vertex -19.01499633431282 5.801444749400436 12
      vertex -18.803565734669583 7.823999192941453 12
      vertex -19.21591530437615 7.922995565943825 12
    endloop
  endfacet
  facet normal 0 0 1
    outer loop
      vertex -18.71395550777367 5.69484060163293 12
      vertex -18.396962345562926 7.703557781990743 12
      vertex -18.803565734669583 7.823999192941453 12
    endloop
  endfacet
  facet normal 0 0 1
    outer loop
      vertex -18.130657951588766 5.435139797549044 12
      vertex -17.997219608683068 7.5620014546273335 12
      vertex -18.396962345562926 7.703557781990743 12
    endloop
  endfacet
  facet normal 0 0 1
    outer loop
      vertex -17.85 5.282754963085075 12
      vertex -17.605433191086018 7.399718206905066 12
      vertex -17.997219608683068 7.5620014546273335 12
    endloop
  endfacet
  facet normal 0 0 1
    outer loop
      vertex -17.222676952109673 -7.21715284592578 12
      vertex -16.85 -7.014805770653952 12
      vertex -17.314509961015915 -4.935003665687179 12
    endloop
  endfacet
  facet normal 0 0 1
    outer loop
      vertex -16.85 -7.014805770653952 12
      vertex -16.48842381637828 -6.7932316003579345 12
      vertex -17.061145614595993 -4.740590364887522 12
    endloop
  endfacet
  facet normal 0 0 1
    outer loop
      vertex -17.222676952109673 -7.21715284592578 12
      vertex -17.314509961015915 -4.935003665687179 12
      vertex -17.577701886408335 -5.115890464467086 12
    endloop
  endfacet
  facet normal 0 0 1
    outer loop
      vertex -16.85 -7.014805770653952 12
      vertex -17.061145614595993 -4.740590364887522 12
      vertex -17.314509961015915 -4.935003665687179 12
    endloop
  endfacet
  facet normal 0 0 1
    outer loop
      vertex -16.48842381637828 -6.7932316003579345 12
      vertex -16.13893945643097 -6.553037654437074 12
      vertex -16.58664863476206 -4.31335136523794 12
    endloop
  endfacet
  facet normal 0 0 1
    outer loop
      vertex -16.13893945643097 -6.553037654437074 12
      vertex -15.802504832496318 -6.294882287801464 12
      vertex -16.15940963511248 -3.838854385404008 12
    endloop
  endfacet
  facet normal 0 0 1
    outer loop
      vertex -16.48842381637828 -6.7932316003579345 12
      vertex -16.818303301210968 -4.533183435412105 12
      vertex -17.061145614595993 -4.740590364887522 12
    endloop
  endfacet
  facet normal 0 0 1
    outer loop
      vertex -16.48842381637828 -6.7932316003579345 12
      vertex -16.58664863476206 -4.31335136523794 12
      vertex -16.818303301210968 -4.533183435412105 12
    endloop
  endfacet
  facet normal 0 0 1
    outer loop
      vertex -15.802504832496318 -6.294882287801464 12
      vertex -15.48004208849325 -6.019473086366893 12
      vertex -15.964996334312822 -3.585490038984086 12
    endloop
  endfacet
  facet normal 0 0 1
    outer loop
      vertex -16.13893945643097 -6.553037654437074 12
      vertex -16.366816564587896 -4.081696698789035 12
      vertex -16.58664863476206 -4.31335136523794 12
    endloop
  endfacet
  facet normal 0 0 1
    outer loop
      vertex -16.13893945643097 -6.553037654437074 12
      vertex -16.15940963511248 -3.838854385404008 12
      vertex -16.366816564587896 -4.081696698789035 12
    endloop
  endfacet
  facet normal 0 0 1
    outer loop
      vertex -15.48004208849325 -6.019473086366893 12
      vertex -15.172435072388964 -5.727564927611035 12
      vertex -15.617245036914923 -3.05 12
    endloop
  endfacet
  facet normal 0 0 1
    outer loop
      vertex -15.802504832496318 -6.294882287801464 12
      vertex -15.964996334312822 -3.585490038984086 12
      vertex -16.15940963511248 -3.838854385404008 12
    endloop
  endfacet
  facet normal 0 0 1
    outer loop
      vertex -15.48004208849325 -6.019473086366893 12
      vertex -15.784109535532913 -3.322298113591665 12
      vertex -15.964996334312822 -3.585490038984086 12
    endloop
  endfacet
  facet normal 0 0 1
    outer loop
      vertex -15.172435072388964 -5.727564927611035 12
      vertex -14.880526913633108 -5.419957911506751 12
      vertex -15.490264122918148 -2.816130249518817 12
    endloop
  endfacet
  facet normal 0 0 1
    outer loop
      vertex -14.880526913633108 -5.419957911506751 12
      vertex -14.605117712198535 -5.097495167503682 12
      vertex -15.490264122918148 -2.816130249518817 12
    endloop
  endfacet
  facet normal 0 0 1
    outer loop
      vertex -15.48004208849325 -6.019473086366893 12
      vertex -15.617245036914923 -3.05 12
      vertex -15.784109535532913 -3.322298113591665 12
    endloop
  endfacet
  facet normal 0 0 1
    outer loop
      vertex -15.172435072388964 -5.727564927611035 12
      vertex -15.490264122918148 -2.816130249518817 12
      vertex -15.617245036914923 -3.05 12
    endloop
  endfacet
  facet normal 0 0 1
    outer loop
      vertex -14.605117712198535 -5.097495167503682 12
      vertex -14.346962345562925 -4.761060543569032 12
      vertex -15.490264122918148 -2.816130249518817 12
    endloop
  endfacet
  facet normal 0 0 1
    outer loop
      vertex -14.346962345562925 -4.761060543569032 12
      vertex -14.106768399642064 -4.411576183621719 12
      vertex -15.490264122918148 -2.816130249518817 12
    endloop
  endfacet
  facet normal 0 0 1
    outer loop
      vertex -14.106768399642064 -4.411576183621719 12
      vertex -13.885194229346048 -4.05 12
      vertex -15.490264122918148 -2.816130249518817 12
    endloop
  endfacet
  facet normal 0 0 1
    outer loop
      vertex -13.885194229346048 -4.05 12
      vertex -13.71658022879295 -3.739451642803675 12
      vertex -15.490264122918148 -2.816130249518817 12
    endloop
  endfacet
  facet normal 0 0 1
    outer loop
      vertex -15.490264122918148 2.816130249518817 12
      vertex -13.71658022879295 3.739451642803675 12
      vertex -15.617245036914923 3.05 12
    endloop
  endfacet
  facet normal 0 0 1
    outer loop
      vertex -15.784109535532913 3.322298113591665 12
      vertex -15.617245036914923 3.05 12
      vertex -15.802504832496318 6.294882287801464 12
    endloop
  endfacet
  facet normal 0 0 1
    outer loop
      vertex -15.784109535532913 3.322298113591665 12
      vertex -15.802504832496318 6.294882287801464 12
      vertex -15.964996334312822 3.585490038984086 12
    endloop
  endfacet
  facet normal 0 0 1
    outer loop
      vertex -15.964996334312822 3.585490038984086 12
      vertex -16.13893945643097 6.553037654437074 12
      vertex -16.15940963511248 3.838854385404008 12
    endloop
  endfacet
  facet normal 0 0 1
    outer loop
      vertex -17.061145614595993 4.740590364887522 12
      vertex -17.222676952109673 7.21715284592578 12
      vertex -17.314509961015915 4.935003665687179 12
    endloop
  endfacet
  facet normal 0 0 1
    outer loop
      vertex -16.818303301210968 4.533183435412105 12
      vertex -16.85 7.014805770653952 12
      vertex -17.061145614595993 4.740590364887522 12
    endloop
  endfacet
  facet normal 0 0 1
    outer loop
      vertex -16.818303301210968 4.533183435412105 12
      vertex -16.58664863476206 4.31335136523794 12
      vertex -16.85 7.014805770653952 12
    endloop
  endfacet
  facet normal 0 0 1
    outer loop
      vertex -16.15940963511248 3.838854385404008 12
      vertex -16.13893945643097 6.553037654437074 12
      vertex -16.366816564587896 4.081696698789035 12
    endloop
  endfacet
  facet normal 0 0 1
    outer loop
      vertex -16.366816564587896 4.081696698789035 12
      vertex -16.48842381637828 6.7932316003579345 12
      vertex -16.58664863476206 4.31335136523794 12
    endloop
  endfacet
  facet normal 0 0 1
    outer loop
      vertex -15.964996334312822 3.585490038984086 12
      vertex -15.802504832496318 6.294882287801464 12
      vertex -16.13893945643097 6.553037654437074 12
    endloop
  endfacet
  facet normal 0 0 1
    outer loop
      vertex -15.617245036914923 3.05 12
      vertex -13.71658022879295 3.739451642803675 12
      vertex -15.48004208849325 6.019473086366893 12
    endloop
  endfacet
  facet normal 0 0 1
    outer loop
      vertex -13.71658022879295 3.739451642803675 12
      vertex -14.106768399642064 4.411576183621719 12
      vertex -14.346962345562925 4.761060543569032 12
    endloop
  endfacet
  facet normal 0 0 1
    outer loop
      vertex -13.71658022879295 3.739451642803675 12
      vertex -14.605117712198535 5.097495167503682 12
      vertex -14.880526913633108 5.419957911506751 12
    endloop
  endfacet
  facet normal 0 0 1
    outer loop
      vertex -13.71658022879295 3.739451642803675 12
      vertex -14.346962345562925 4.761060543569032 12
      vertex -14.605117712198535 5.097495167503682 12
    endloop
  endfacet
  facet normal 0 0 1
    outer loop
      vertex -15.617245036914923 3.05 12
      vertex -15.48004208849325 6.019473086366893 12
      vertex -15.802504832496318 6.294882287801464 12
    endloop
  endfacet
  facet normal 0 0 1
    outer loop
      vertex -13.71658022879295 3.739451642803675 12
      vertex -14.880526913633108 5.419957911506751 12
      vertex -15.172435072388964 5.727564927611035 12
    endloop
  endfacet
  facet normal 0 0 1
    outer loop
      vertex -13.71658022879295 3.739451642803675 12
      vertex -15.172435072388964 5.727564927611035 12
      vertex -15.48004208849325 6.019473086366893 12
    endloop
  endfacet
  facet normal 0 0 1
    outer loop
      vertex -17.577701886408335 5.115890464467086 12
      vertex -17.314509961015915 4.935003665687179 12
      vertex -17.605433191086018 7.399718206905066 12
    endloop
  endfacet
  facet normal 0 0 1
    outer loop
      vertex -16.58664863476206 4.31335136523794 12
      vertex -16.48842381637828 6.7932316003579345 12
      vertex -16.85 7.014805770653952 12
    endloop
  endfacet
  facet normal 0 0 1
    outer loop
      vertex -17.605433191086018 7.399718206905066 12
      vertex -17.314509961015915 4.935003665687179 12
      vertex -17.222676952109673 7.21715284592578 12
    endloop
  endfacet
  facet normal 0 0 1
    outer loop
      vertex -17.061145614595993 4.740590364887522 12
      vertex -16.85 7.014805770653952 12
      vertex -17.222676952109673 7.21715284592578 12
    endloop
  endfacet
  facet normal 0 0 1
    outer loop
      vertex -16.366816564587896 4.081696698789035 12
      vertex -16.13893945643097 6.553037654437074 12
      vertex -16.48842381637828 6.7932316003579345 12
    endloop
  endfacet
  facet normal 0 0 1
    outer loop
      vertex -13.71658022879295 3.739451642803675 12
      vertex -13.885194229346048 4.05 12
      vertex -14.106768399642064 4.411576183621719 12
    endloop
  endfacet
  facet normal 0 0 -1
    outer loop
      vertex -21.53762362593269 6.066583561746467 0
      vertex -21.746680552467993 8.055627352483013 0
      vertex -21.323921245567846 8.088899231512048 0
    endloop
  endfacet
  facet normal 0 0 -1
    outer loop
      vertex -21.219249333081958 6.0916401620029 0
      vertex -21.323921245567846 8.088899231512048 0
      vertex -20.9 8.1 0
    endloop
  endfacet
  facet normal 0 0 -1
    outer loop
      vertex -20.580750666918043 6.0916401620029 0
      vertex -20.9 8.1 0
      vertex -20.476078754432155 8.088899231512048 0
    endloop
  endfacet
  facet normal 0 0 -1
    outer loop
      vertex -20.580750666918043 6.0916401620029 0
      vertex -20.476078754432155 8.088899231512048 0
      vertex -20.053319447532008 8.055627352483013 0
    endloop
  endfacet
  facet normal -0.3826834323650908 0.9238795325112864 0
    outer loop
      vertex -24 7.480310417944892 0
      vertex -24 7.480310417944892 12
      vertex -23.802780391316933 7.5620014546273335 0
    endloop
  endfacet
  facet normal -0.3338068592337707 0.9426414910921784 0
    outer loop
      vertex -23.802780391316933 7.5620014546273335 0
      vertex -23.802780391316933 7.5620014546273335 12
      vertex -23.403037654437075 7.703557781990743 0
    endloop
  endfacet
  facet normal -0.28401534470392276 0.9588197348681929 0
    outer loop
      vertex -23.403037654437075 7.703557781990743 0
      vertex -23.403037654437075 7.703557781990743 12
      vertex -22.996434265330418 7.823999192941453 0
    endloop
  endfacet
  facet normal -0.23344536385590584 0.9723699203976764 0
    outer loop
      vertex -22.996434265330418 7.823999192941453 0
      vertex -22.996434265330418 7.823999192941453 12
      vertex -22.58408469562385 7.922995565943825 0
    endloop
  endfacet
  facet normal -0.18223552549214656 0.9832549075639547 0
    outer loop
      vertex -22.58408469562385 7.922995565943825 0
      vertex -22.58408469562385 7.922995565943825 12
      vertex -22.16711916682587 8.000275558820615 0
    endloop
  endfacet
  facet normal -0.13052619222005032 0.9914448613738106 0
    outer loop
      vertex -22.16711916682587 8.000275558820615 0
      vertex -22.16711916682587 8.000275558820615 12
      vertex -21.746680552467993 8.055627352483013 0
    endloop
  endfacet
  facet normal -0.07845909572784754 0.9969173337331276 0
    outer loop
      vertex -21.746680552467993 8.055627352483013 0
      vertex -21.746680552467993 8.055627352483013 12
      vertex -21.323921245567846 8.088899231512048 0
    endloop
  endfacet
  facet normal -0.026176948307872476 0.9996573249755573 0
    outer loop
      vertex -21.323921245567846 8.088899231512048 0
      vertex -21.323921245567846 8.088899231512048 12
      vertex -20.9 8.1 0
    endloop
  endfacet
  facet normal 0.026176948307872695 0.9996573249755573 0
    outer loop
      vertex -20.9 8.1 0
      vertex -20.9 8.1 12
      vertex -20.476078754432155 8.088899231512048 0
    endloop
  endfacet
  facet normal 0.07845909572784754 0.9969173337331276 0
    outer loop
      vertex -20.476078754432155 8.088899231512048 0
      vertex -20.476078754432155 8.088899231512048 12
      vertex -20.053319447532008 8.055627352483013 0
    endloop
  endfacet
  facet normal 0.13052619222005032 0.9914448613738106 0
    outer loop
      vertex -20.053319447532008 8.055627352483013 0
      vertex -20.053319447532008 8.055627352483013 12
      vertex -19.63288083317413 8.000275558820615 0
    endloop
  endfacet
  facet normal 0.18223552549214656 0.9832549075639547 0
    outer loop
      vertex -19.63288083317413 8.000275558820615 0
      vertex -19.63288083317413 8.000275558820615 12
      vertex -19.21591530437615 7.922995565943825 0
    endloop
  endfacet
  facet normal 0.28401534470392276 0.9588197348681929 0
    outer loop
      vertex -18.803565734669583 7.823999192941453 0
      vertex -18.803565734669583 7.823999192941453 12
      vertex -18.396962345562926 7.703557781990743 0
    endloop
  endfacet
  facet normal 0.23344536385590584 0.9723699203976764 0
    outer loop
      vertex -18.803565734669583 7.823999192941453 0
      vertex -19.21591530437615 7.922995565943825 0
      vertex -19.21591530437615 7.922995565943825 12
    endloop
  endfacet
  facet normal 0.3338068592337707 0.9426414910921784 0
    outer loop
      vertex -17.997219608683068 7.5620014546273335 0
      vertex -18.396962345562926 7.703557781990743 0
      vertex -18.396962345562926 7.703557781990743 12
    endloop
  endfacet
  facet normal 0.38268343236508967 0.9238795325112868 0
    outer loop
      vertex -17.605433191086018 7.399718206905066 0
      vertex -17.997219608683068 7.5620014546273335 0
      vertex -17.997219608683068 7.5620014546273335 12
    endloop
  endfacet
  facet normal -0.3826834323650908 0.9238795325112864 0
    outer loop
      vertex -23.802780391316933 7.5620014546273335 0
      vertex -24 7.480310417944892 12
      vertex -23.802780391316933 7.5620014546273335 12
    endloop
  endfacet
  facet normal -0.3338068592337707 0.9426414910921784 0
    outer loop
      vertex -23.403037654437075 7.703557781990743 0
      vertex -23.802780391316933 7.5620014546273335 12
      vertex -23.403037654437075 7.703557781990743 12
    endloop
  endfacet
  facet normal -0.28401534470392276 0.9588197348681929 0
    outer loop
      vertex -22.996434265330418 7.823999192941453 0
      vertex -23.403037654437075 7.703557781990743 12
      vertex -22.996434265330418 7.823999192941453 12
    endloop
  endfacet
  facet normal -0.23344536385590584 0.9723699203976764 0
    outer loop
      vertex -22.58408469562385 7.922995565943825 0
      vertex -22.996434265330418 7.823999192941453 12
      vertex -22.58408469562385 7.922995565943825 12
    endloop
  endfacet
  facet normal -0.18223552549214656 0.9832549075639547 0
    outer loop
      vertex -22.16711916682587 8.000275558820615 0
      vertex -22.58408469562385 7.922995565943825 12
      vertex -22.16711916682587 8.000275558820615 12
    endloop
  endfacet
  facet normal -0.13052619222005032 0.9914448613738106 0
    outer loop
      vertex -21.746680552467993 8.055627352483013 0
      vertex -22.16711916682587 8.000275558820615 12
      vertex -21.746680552467993 8.055627352483013 12
    endloop
  endfacet
  facet normal -0.07845909572784754 0.9969173337331276 0
    outer loop
      vertex -21.323921245567846 8.088899231512048 0
      vertex -21.746680552467993 8.055627352483013 12
      vertex -21.323921245567846 8.088899231512048 12
    endloop
  endfacet
  facet normal -0.026176948307872476 0.9996573249755573 0
    outer loop
      vertex -20.9 8.1 0
      vertex -21.323921245567846 8.088899231512048 12
      vertex -20.9 8.1 12
    endloop
  endfacet
  facet normal 0.026176948307872695 0.9996573249755573 0
    outer loop
      vertex -20.476078754432155 8.088899231512048 0
      vertex -20.9 8.1 12
      vertex -20.476078754432155 8.088899231512048 12
    endloop
  endfacet
  facet normal 0.07845909572784754 0.9969173337331276 0
    outer loop
      vertex -20.053319447532008 8.055627352483013 0
      vertex -20.476078754432155 8.088899231512048 12
      vertex -20.053319447532008 8.055627352483013 12
    endloop
  endfacet
  facet normal 0.13052619222005032 0.9914448613738106 0
    outer loop
      vertex -19.63288083317413 8.000275558820615 0
      vertex -20.053319447532008 8.055627352483013 12
      vertex -19.63288083317413 8.000275558820615 12
    endloop
  endfacet
  facet normal 0.18223552549214656 0.9832549075639547 0
    outer loop
      vertex -19.21591530437615 7.922995565943825 0
      vertex -19.63288083317413 8.000275558820615 12
      vertex -19.21591530437615 7.922995565943825 12
    endloop
  endfacet
  facet normal 0.28401534470392276 0.9588197348681929 0
    outer loop
      vertex -18.396962345562926 7.703557781990743 0
      vertex -18.803565734669583 7.823999192941453 12
      vertex -18.396962345562926 7.703557781990743 12
    endloop
  endfacet
  facet normal 0.23344536385590584 0.9723699203976764 0
    outer loop
      vertex -18.803565734669583 7.823999192941453 0
      vertex -19.21591530437615 7.922995565943825 12
      vertex -18.803565734669583 7.823999192941453 12
    endloop
  endfacet
  facet normal 0.3338068592337707 0.9426414910921784 0
    outer loop
      vertex -17.997219608683068 7.5620014546273335 0
      vertex -18.396962345562926 7.703557781990743 12
      vertex -17.997219608683068 7.5620014546273335 12
    endloop
  endfacet
  facet normal 0.38268343236508967 0.9238795325112868 0
    outer loop
      vertex -17.605433191086018 7.399718206905066 0
      vertex -17.997219608683068 7.5620014546273335 12
      vertex -17.605433191086018 7.399718206905066 12
    endloop
  endfacet
  facet normal 0 0 1
    outer loop
      vertex -21.219249333081958 6.0916401620029 12
      vertex -21.323921245567846 8.088899231512048 12
      vertex -21.746680552467993 8.055627352483013 12
    endloop
  endfacet
  facet normal 0 0 1
    outer loop
      vertex -21.219249333081958 6.0916401620029 12
      vertex -20.9 8.1 12
      vertex -21.323921245567846 8.088899231512048 12
    endloop
  endfacet
  facet normal 0 0 1
    outer loop
      vertex -20.580750666918043 6.0916401620029 12
      vertex -20.476078754432155 8.088899231512048 12
      vertex -20.9 8.1 12
    endloop
  endfacet
  facet normal 0 0 1
    outer loop
      vertex -20.262376374067316 6.066583561746467 12
      vertex -20.053319447532008 8.055627352483013 12
      vertex -20.476078754432155 8.088899231512048 12
    endloop
  endfacet
  facet normal 0 0 -1
    outer loop
      vertex -32 -9 0
      vertex -28.990000000000002 -8.996966629549862 0
      vertex -28.990000000000002 -9 0
    endloop
  endfacet
  facet normal 0 0 -1
    outer loop
      vertex -32 -9 0
      vertex -28.990000000000002 -8.96703337045014 0
      vertex -28.990000000000002 -8.996966629549862 0
    endloop
  endfacet
  facet normal 0 -1 0
    outer loop
      vertex -32 -9 0
      vertex -28.990000000000002 -9 0
      vertex -28.990000000000002 -9 12
    endloop
  endfacet
  facet normal 1 0 0
    outer loop
      vertex -28.990000000000002 -9 0
      vertex -28.990000000000002 -8.996966629549862 0
      vertex -28.990000000000002 -8.996966629549862 12
    endloop
  endfacet
  facet normal 0 -1 0
    outer loop
      vertex -32 -9 0
      vertex -28.990000000000002 -9 12
      vertex -32 -9 12
    endloop
  endfacet
  facet normal 1 0 0
    outer loop
      vertex -28.990000000000002 -9 0
      vertex -28.990000000000002 -8.996966629549862 12
      vertex -28.990000000000002 -9 12
    endloop
  endfacet
  facet normal 0 0 -1
    outer loop
      vertex -32 -9 0
      vertex -29 -0.41051620561819485 0
      vertex -28.990000000000002 -8.96703337045014 0
    endloop
  endfacet
  facet normal 0 0 -1
    outer loop
      vertex -32 -9 0
      vertex -29 0.3507155411663689 0
      vertex -29 -0.41051620561819485 0
    endloop
  endfacet
  facet normal 0 0 -1
    outer loop
      vertex -32 -9 0
      vertex -28.990000000000002 9 0
      vertex -29 0.3507155411663689 0
    endloop
  endfacet
  facet normal 0 0 -1
    outer loop
      vertex -32 -9 0
      vertex -32 9 0
      vertex -28.990000000000002 9 0
    endloop
  endfacet
  facet normal 0 0 -1
    outer loop
      vertex -29 0.3507155411663689 0
      vertex -28.990000000000002 9 0
      vertex -28.990000000000002 8.996966629549862 0
    endloop
  endfacet
  facet normal -1 0 0
    outer loop
      vertex -32 -9 0
      vertex -32 9 12
      vertex -32 9 0
    endloop
  endfacet
  facet normal -1 0 0
    outer loop
      vertex -32 -9 0
      vertex -32 -9 12
      vertex -32 9 12
    endloop
  endfacet
  facet normal 0 0 1
    outer loop
      vertex -28.990000000000002 -9 12
      vertex -28.990000000000002 -8.996966629549862 12
      vertex -29 -0.3507155411663689 12
    endloop
  endfacet
  facet normal 0 0 1
    outer loop
      vertex -28.990000000000002 -8.996966629549862 12
      vertex -28.990000000000002 -8.96703337045014 12
      vertex -29 -0.3507155411663689 12
    endloop
  endfacet
  facet normal 0 0 1
    outer loop
      vertex -32 -9 12
      vertex -28.990000000000002 -9 12
      vertex -32 9 12
    endloop
  endfacet
  facet normal 0 0 1
    outer loop
      vertex -28.990000000000002 -9 12
      vertex -29 -0.3507155411663689 12
      vertex -32 9 12
    endloop
  endfacet
  facet normal 0 0 1
    outer loop
      vertex -29 -0.3507155411663689 12
      vertex -29 0.41051620561819485 12
      vertex -32 9 12
    endloop
  endfacet
  facet normal 0 0 1
    outer loop
      vertex -29 0.41051620561819485 12
      vertex -28.990000000000002 8.996966629549862 12
      vertex -32 9 12
    endloop
  endfacet
  facet normal 0 1 0
    outer loop
      vertex -32 9 0
      vertex -32 9 12
      vertex -28.990000000000002 9 0
    endloop
  endfacet
  facet normal 1 0 0
    outer loop
      vertex -28.990000000000002 9 0
      vertex -28.990000000000002 9 12
      vertex -28.990000000000002 8.996966629549862 0
    endloop
  endfacet
  facet normal 0 1 0
    outer loop
      vertex -28.990000000000002 9 0
      vertex -32 9 12
      vertex -28.990000000000002 9 12
    endloop
  endfacet
  facet normal 1 0 0
    outer loop
      vertex -28.990000000000002 8.996966629549862 0
      vertex -28.990000000000002 9 12
      vertex -28.990000000000002 8.996966629549862 12
    endloop
  endfacet
  facet normal 0 0 1
    outer loop
      vertex -32 9 12
      vertex -28.990000000000002 8.996966629549862 12
      vertex -28.990000000000002 9 12
    endloop
  endfacet
  facet normal 0 0 -1
    outer loop
      vertex -28.990000000000002 -8.996966629549862 0
      vertex -28.990000000000002 -8.96703337045014 0
      vertex -24 -7.483314774930477 0
    endloop
  endfacet
  facet normal 0 0 -1
    outer loop
      vertex -28.990000000000002 -8.96703337045014 0
      vertex -24 -7.480310417944892 0
      vertex -24 -7.483314774930477 0
    endloop
  endfacet
  facet normal 0 0 -1
    outer loop
      vertex -28.990000000000002 -8.96703337045014 0
      vertex -24.222298113591666 -5.115890464467086 0
      vertex -24 -7.480310417944892 0
    endloop
  endfacet
  facet normal 0.2902762308866738 -0.9569428978691605 0
    outer loop
      vertex -28.990000000000002 -8.996966629549862 0
      vertex -24 -7.483314774930477 0
      vertex -28.990000000000002 -8.996966629549862 12
    endloop
  endfacet
  facet normal 1 0 0
    outer loop
      vertex -24 -7.483314774930477 0
      vertex -24 -7.480310417944892 0
      vertex -24 -7.483314774930477 12
    endloop
  endfacet
  facet normal 0.2902762308866738 -0.9569428978691605 0
    outer loop
      vertex -24 -7.483314774930477 0
      vertex -24 -7.483314774930477 12
      vertex -28.990000000000002 -8.996966629549862 12
    endloop
  endfacet
  facet normal 1 0 0
    outer loop
      vertex -24 -7.480310417944892 0
      vertex -24 -7.480310417944892 12
      vertex -24 -7.483314774930477 12
    endloop
  endfacet
  facet normal 0 0 -1
    outer loop
      vertex -28.990000000000002 -8.96703337045014 0
      vertex -25.640590364887522 -3.838854385404008 0
      vertex -25.433183435412104 -4.081696698789035 0
    endloop
  endfacet
  facet normal 0 0 -1
    outer loop
      vertex -28.990000000000002 -8.96703337045014 0
      vertex -26.182754963085074 -3.05 0
      vertex -26.015890464467088 -3.322298113591665 0
    endloop
  endfacet
  facet normal 0 0 -1
    outer loop
      vertex -28.990000000000002 -8.96703337045014 0
      vertex -25.83500366568718 -3.585490038984086 0
      vertex -25.640590364887522 -3.838854385404008 0
    endloop
  endfacet
  facet normal 0 0 -1
    outer loop
      vertex -28.990000000000002 -8.96703337045014 0
      vertex -26.015890464467088 -3.322298113591665 0
      vertex -25.83500366568718 -3.585490038984086 0
    endloop
  endfacet
  facet normal 0 0 -1
    outer loop
      vertex -28.990000000000002 -8.96703337045014 0
      vertex -26.335139797549044 -2.769342048411235 0
      vertex -26.182754963085074 -3.05 0
    endloop
  endfacet
  facet normal 0 0 -1
    outer loop
      vertex -28.990000000000002 -8.96703337045014 0
      vertex -26.472627291619865 -2.481093522762381 0
      vertex -26.335139797549044 -2.769342048411235 0
    endloop
  endfacet
  facet normal 0 0 -1
    outer loop
      vertex -28.990000000000002 -8.96703337045014 0
      vertex -24.981696698789037 -4.533183435412105 0
      vertex -24.738854385404007 -4.740590364887522 0
    endloop
  endfacet
  facet normal 0 0 -1
    outer loop
      vertex -28.990000000000002 -8.96703337045014 0
      vertex -24.485490038984086 -4.935003665687179 0
      vertex -24.222298113591666 -5.115890464467086 0
    endloop
  endfacet
  facet normal 0 0 -1
    outer loop
      vertex -28.990000000000002 -8.96703337045014 0
      vertex -24.738854385404007 -4.740590364887522 0
      vertex -24.485490038984086 -4.935003665687179 0
    endloop
  endfacet
  facet normal 0 0 -1
    outer loop
      vertex -28.990000000000002 -8.96703337045014 0
      vertex -25.21335136523794 -4.31335136523794 0
      vertex -24.981696698789037 -4.533183435412105 0
    endloop
  endfacet
  facet normal 0 0 -1
    outer loop
      vertex -28.990000000000002 -8.96703337045014 0
      vertex -25.433183435412104 -4.081696698789035 0
      vertex -25.21335136523794 -4.31335136523794 0
    endloop
  endfacet
  facet normal 0 0 -1
    outer loop
      vertex -28.990000000000002 -8.96703337045014 0
      vertex -26.59484060163293 -2.1860444922263316 0
      vertex -26.472627291619865 -2.481093522762381 0
    endloop
  endfacet
  facet normal 0 0 -1
    outer loop
      vertex -28.990000000000002 -8.96703337045014 0
      vertex -26.701444749400437 -1.885003665687179 0
      vertex -26.59484060163293 -2.1860444922263316 0
    endloop
  endfacet
  facet normal 0 0 -1
    outer loop
      vertex -28.990000000000002 -8.96703337045014 0
      vertex -29 -0.41051620561819485 0
      vertex -26.701444749400437 -1.885003665687179 0
    endloop
  endfacet
  facet normal 0 0 -1
    outer loop
      vertex -29 -0.41051620561819485 0
      vertex -26.792147540363317 -1.5787961751253765 0
      vertex -26.701444749400437 -1.885003665687179 0
    endloop
  endfacet
  facet normal 0 0 -1
    outer loop
      vertex -29 -0.41051620561819485 0
      vertex -26.866700364476216 -1.2682613139883319 0
      vertex -26.792147540363317 -1.5787961751253765 0
    endloop
  endfacet
  facet normal 0 0 -1
    outer loop
      vertex -29 -0.41051620561819485 0
      vertex -26.92489887763034 -0.9542502367454082 0
      vertex -26.866700364476216 -1.2682613139883319 0
    endloop
  endfacet
  facet normal 0 0 -1
    outer loop
      vertex -29 -0.41051620561819485 0
      vertex -26.966583561746468 -0.6376236259326862 0
      vertex -26.92489887763034 -0.9542502367454082 0
    endloop
  endfacet
  facet normal 0 0 -1
    outer loop
      vertex -29 -0.41051620561819485 0
      vertex -26.991640162002902 -0.31924933308195735 0
      vertex -26.966583561746468 -0.6376236259326862 0
    endloop
  endfacet
  facet normal 0 0 -1
    outer loop
      vertex -29 -0.41051620561819485 0
      vertex -27 0 0
      vertex -26.991640162002902 -0.31924933308195735 0
    endloop
  endfacet
  facet normal 0 0 -1
    outer loop
      vertex -29 -0.41051620561819485 0
      vertex -26.991640162002902 0.31924933308195735 0
      vertex -27 0 0
    endloop
  endfacet
  facet normal 0 0 -1
    outer loop
      vertex -29 -0.41051620561819485 0
      vertex -26.966583561746468 0.6376236259326862 0
      vertex -26.991640162002902 0.31924933308195735 0
    endloop
  endfacet
  facet normal 0 0 -1
    outer loop
      vertex -29 -0.41051620561819485 0
      vertex -26.92489887763034 0.9542502367454082 0
      vertex -26.966583561746468 0.6376236259326862 0
    endloop
  endfacet
  facet normal 0 0 -1
    outer loop
      vertex -24 -7.480310417944892 0
      vertex -24.222298113591666 -5.115890464467086 0
      vertex -24 -5.252114923678079 0
    endloop
  endfacet
  facet normal 0 0 -1
    outer loop
      vertex -29 -0.41051620561819485 0
      vertex -26.866700364476216 1.2682613139883319 0
      vertex -26.92489887763034 0.9542502367454082 0
    endloop
  endfacet
  facet normal 0 0 -1
    outer loop
      vertex -29 -0.41051620561819485 0
      vertex -26.792147540363317 1.5787961751253765 0
      vertex -26.866700364476216 1.2682613139883319 0
    endloop
  endfacet
  facet normal 0 0 -1
    outer loop
      vertex -29 -0.41051620561819485 0
      vertex -26.701444749400437 1.885003665687179 0
      vertex -26.792147540363317 1.5787961751253765 0
    endloop
  endfacet
  facet normal 0 0 -1
    outer loop
      vertex -29 -0.41051620561819485 0
      vertex -26.59484060163293 2.1860444922263316 0
      vertex -26.701444749400437 1.885003665687179 0
    endloop
  endfacet
  facet normal 0 0 -1
    outer loop
      vertex -29 -0.41051620561819485 0
      vertex -26.472627291619865 2.481093522762381 0
      vertex -26.59484060163293 2.1860444922263316 0
    endloop
  endfacet
  facet normal 0 0 -1
    outer loop
      vertex -29 -0.41051620561819485 0
      vertex -26.335139797549044 2.769342048411235 0
      vertex -26.472627291619865 2.481093522762381 0
    endloop
  endfacet
  facet normal 0 0 -1
    outer loop
      vertex -29 -0.41051620561819485 0
      vertex -26.182754963085074 3.05 0
      vertex -26.335139797549044 2.769342048411235 0
    endloop
  endfacet
  facet normal 0 0 -1
    outer loop
      vertex -29 -0.41051620561819485 0
      vertex -26.015890464467088 3.322298113591665 0
      vertex -26.182754963085074 3.05 0
    endloop
  endfacet
  facet normal 0 0 -1
    outer loop
      vertex -29 -0.41051620561819485 0
      vertex -25.83500366568718 3.585490038984086 0
      vertex -26.015890464467088 3.322298113591665 0
    endloop
  endfacet
  facet normal 0 0 -1
    outer loop
      vertex -29 -0.41051620561819485 0
      vertex -29 0.3507155411663689 0
      vertex -24 7.483314774930477 0
    endloop
  endfacet
  facet normal 0 0 -1
    outer loop
      vertex -29 -0.41051620561819485 0
      vertex -25.640590364887522 3.838854385404008 0
      vertex -25.83500366568718 3.585490038984086 0
    endloop
  endfacet
  facet normal 0 0 -1
    outer loop
      vertex -29 -0.41051620561819485 0
      vertex -24 7.483314774930477 0
      vertex -25.640590364887522 3.838854385404008 0
    endloop
  endfacet
  facet normal 0 0 -1
    outer loop
      vertex -29 0.3507155411663689 0
      vertex -28.990000000000002 8.996966629549862 0
      vertex -24 7.483314774930477 0
    endloop
  endfacet
  facet normal 0 0 -1
    outer loop
      vertex -25.640590364887522 3.838854385404008 0
      vertex -24 7.483314774930477 0
      vertex -25.433183435412104 4.081696698789035 0
    endloop
  endfacet
  facet normal 0 0 -1
    outer loop
      vertex -25.433183435412104 4.081696698789035 0
      vertex -24 7.483314774930477 0
      vertex -25.21335136523794 4.31335136523794 0
    endloop
  endfacet
  facet normal 0 0 -1
    outer loop
      vertex -25.21335136523794 4.31335136523794 0
      vertex -24 7.483314774930477 0
      vertex -24.981696698789037 4.533183435412105 0
    endloop
  endfacet
  facet normal 0 0 -1
    outer loop
      vertex -24.981696698789037 4.533183435412105 0
      vertex -24 7.480310417944892 0
      vertex -24.738854385404007 4.740590364887522 0
    endloop
  endfacet
  facet normal 0 0 -1
    outer loop
      vertex -24.738854385404007 4.740590364887522 0
      vertex -24 7.480310417944892 0
      vertex -24.485490038984086 4.935003665687179 0
    endloop
  endfacet
  facet normal 0 0 -1
    outer loop
      vertex -24.485490038984086 4.935003665687179 0
      vertex -24 7.480310417944892 0
      vertex -24.222298113591666 5.115890464467086 0
    endloop
  endfacet
  facet normal 0 0 -1
    outer loop
      vertex -24.222298113591666 5.115890464467086 0
      vertex -24 7.480310417944892 0
      vertex -24 5.252114923678079 0
    endloop
  endfacet
  facet normal 0 0 -1
    outer loop
      vertex -24.981696698789037 4.533183435412105 0
      vertex -24 7.483314774930477 0
      vertex -24 7.480310417944892 0
    endloop
  endfacet
  facet normal 0 0 1
    outer loop
      vertex -28.990000000000002 -8.996966629549862 12
      vertex -24 -7.483314774930477 12
      vertex -28.990000000000002 -8.96703337045014 12
    endloop
  endfacet
  facet normal 0 0 1
    outer loop
      vertex -28.990000000000002 -8.96703337045014 12
      vertex -29 0.41051620561819485 12
      vertex -29 -0.3507155411663689 12
    endloop
  endfacet
  facet normal 0 0 1
    outer loop
      vertex -28.990000000000002 -8.96703337045014 12
      vertex -24 -7.483314774930477 12
      vertex -29 0.41051620561819485 12
    endloop
  endfacet
  facet normal 0 0 1
    outer loop
      vertex -24 -7.480310417944892 12
      vertex -25.433183435412104 -4.081696698789035 12
      vertex -25.640590364887522 -3.838854385404008 12
    endloop
  endfacet
  facet normal 0 0 1
    outer loop
      vertex -24 -7.480310417944892 12
      vertex -25.21335136523794 -4.31335136523794 12
      vertex -25.433183435412104 -4.081696698789035 12
    endloop
  endfacet
  facet normal 0 0 1
    outer loop
      vertex -24 -7.483314774930477 12
      vertex -24 -7.480310417944892 12
      vertex -29 0.41051620561819485 12
    endloop
  endfacet
  facet normal 0 0 1
    outer loop
      vertex -24 -7.480310417944892 12
      vertex -25.640590364887522 -3.838854385404008 12
      vertex -29 0.41051620561819485 12
    endloop
  endfacet
  facet normal 0 0 1
    outer loop
      vertex -25.640590364887522 -3.838854385404008 12
      vertex -25.83500366568718 -3.585490038984086 12
      vertex -29 0.41051620561819485 12
    endloop
  endfacet
  facet normal 0 0 1
    outer loop
      vertex -25.83500366568718 -3.585490038984086 12
      vertex -26.015890464467088 -3.322298113591665 12
      vertex -29 0.41051620561819485 12
    endloop
  endfacet
  facet normal 0 0 1
    outer loop
      vertex -26.182754963085074 -3.05 12
      vertex -29 0.41051620561819485 12
      vertex -26.015890464467088 -3.322298113591665 12
    endloop
  endfacet
  facet normal 0 0 1
    outer loop
      vertex -26.182754963085074 -3.05 12
      vertex -26.335139797549044 -2.769342048411235 12
      vertex -29 0.41051620561819485 12
    endloop
  endfacet
  facet normal 0 0 1
    outer loop
      vertex -29 0.41051620561819485 12
      vertex -26.335139797549044 -2.769342048411235 12
      vertex -26.472627291619865 -2.481093522762381 12
    endloop
  endfacet
  facet normal 0 0 1
    outer loop
      vertex -29 0.41051620561819485 12
      vertex -26.472627291619865 -2.481093522762381 12
      vertex -26.59484060163293 -2.1860444922263316 12
    endloop
  endfacet
  facet normal 0 0 1
    outer loop
      vertex -29 0.41051620561819485 12
      vertex -26.701444749400437 -1.885003665687179 12
      vertex -26.792147540363317 -1.5787961751253765 12
    endloop
  endfacet
  facet normal 0 0 1
    outer loop
      vertex -29 0.41051620561819485 12
      vertex -26.792147540363317 -1.5787961751253765 12
      vertex -26.866700364476216 -1.2682613139883319 12
    endloop
  endfacet
  facet normal 0 0 1
    outer loop
      vertex -29 0.41051620561819485 12
      vertex -26.866700364476216 -1.2682613139883319 12
      vertex -26.92489887763034 -0.9542502367454082 12
    endloop
  endfacet
  facet normal 0 0 1
    outer loop
      vertex -29 0.41051620561819485 12
      vertex -26.92489887763034 -0.9542502367454082 12
      vertex -26.966583561746468 -0.6376236259326862 12
    endloop
  endfacet
  facet normal 0 0 1
    outer loop
      vertex -29 0.41051620561819485 12
      vertex -26.59484060163293 -2.1860444922263316 12
      vertex -26.701444749400437 -1.885003665687179 12
    endloop
  endfacet
  facet normal 0 0 1
    outer loop
      vertex -29 0.41051620561819485 12
      vertex -26.966583561746468 -0.6376236259326862 12
      vertex -26.991640162002902 -0.31924933308195735 12
    endloop
  endfacet
  facet normal 0 0 1
    outer loop
      vertex -29 0.41051620561819485 12
      vertex -26.991640162002902 -0.31924933308195735 12
      vertex -27 0 12
    endloop
  endfacet
  facet normal 0 0 1
    outer loop
      vertex -29 0.41051620561819485 12
      vertex -27 0 12
      vertex -26.991640162002902 0.31924933308195735 12
    endloop
  endfacet
  facet normal 0 0 1
    outer loop
      vertex -29 0.41051620561819485 12
      vertex -26.991640162002902 0.31924933308195735 12
      vertex -26.966583561746468 0.6376236259326862 12
    endloop
  endfacet
  facet normal 0 0 1
    outer loop
      vertex -24 -7.480310417944892 12
      vertex -24.738854385404007 -4.740590364887522 12
      vertex -24.981696698789037 -4.533183435412105 12
    endloop
  endfacet
  facet normal 0 0 1
    outer loop
      vertex -24 -7.480310417944892 12
      vertex -24.485490038984086 -4.935003665687179 12
      vertex -24.738854385404007 -4.740590364887522 12
    endloop
  endfacet
  facet normal 0 0 1
    outer loop
      vertex -24 -7.480310417944892 12
      vertex -24.222298113591666 -5.115890464467086 12
      vertex -24.485490038984086 -4.935003665687179 12
    endloop
  endfacet
  facet normal 0 0 1
    outer loop
      vertex -24 -7.480310417944892 12
      vertex -24.030524093621835 -5.233409735049362 12
      vertex -24.222298113591666 -5.115890464467086 12
    endloop
  endfacet
  facet normal 0 0 1
    outer loop
      vertex -24 -7.480310417944892 12
      vertex -24.981696698789037 -4.533183435412105 12
      vertex -25.21335136523794 -4.31335136523794 12
    endloop
  endfacet
  facet normal 0 0 1
    outer loop
      vertex -29 0.41051620561819485 12
      vertex -26.966583561746468 0.6376236259326862 12
      vertex -26.92489887763034 0.9542502367454082 12
    endloop
  endfacet
  facet normal 0 0 1
    outer loop
      vertex -29 0.41051620561819485 12
      vertex -26.92489887763034 0.9542502367454082 12
      vertex -26.866700364476216 1.2682613139883319 12
    endloop
  endfacet
  facet normal 0 0 1
    outer loop
      vertex -29 0.41051620561819485 12
      vertex -26.866700364476216 1.2682613139883319 12
      vertex -26.792147540363317 1.5787961751253765 12
    endloop
  endfacet
  facet normal 0 0 1
    outer loop
      vertex -29 0.41051620561819485 12
      vertex -26.792147540363317 1.5787961751253765 12
      vertex -26.701444749400437 1.885003665687179 12
    endloop
  endfacet
  facet normal 0 0 1
    outer loop
      vertex -29 0.41051620561819485 12
      vertex -26.701444749400437 1.885003665687179 12
      vertex -28.990000000000002 8.996966629549862 12
    endloop
  endfacet
  facet normal 0 0 1
    outer loop
      vertex -26.701444749400437 1.885003665687179 12
      vertex -26.59484060163293 2.1860444922263316 12
      vertex -28.990000000000002 8.996966629549862 12
    endloop
  endfacet
  facet normal 0 0 1
    outer loop
      vertex -26.59484060163293 2.1860444922263316 12
      vertex -26.472627291619865 2.481093522762381 12
      vertex -28.990000000000002 8.996966629549862 12
    endloop
  endfacet
  facet normal 0 0 1
    outer loop
      vertex -26.472627291619865 2.481093522762381 12
      vertex -26.335139797549044 2.769342048411235 12
      vertex -28.990000000000002 8.996966629549862 12
    endloop
  endfacet
  facet normal 0 0 1
    outer loop
      vertex -26.335139797549044 2.769342048411235 12
      vertex -26.182754963085074 3.05 12
      vertex -28.990000000000002 8.996966629549862 12
    endloop
  endfacet
  facet normal 0 0 1
    outer loop
      vertex -26.182754963085074 3.05 12
      vertex -26.015890464467088 3.322298113591665 12
      vertex -28.990000000000002 8.996966629549862 12
    endloop
  endfacet
  facet normal 0 0 1
    outer loop
      vertex -26.015890464467088 3.322298113591665 12
      vertex -25.83500366568718 3.585490038984086 12
      vertex -28.990000000000002 8.996966629549862 12
    endloop
  endfacet
  facet normal 0 0 1
    outer loop
      vertex -25.83500366568718 3.585490038984086 12
      vertex -25.640590364887522 3.838854385404008 12
      vertex -28.990000000000002 8.996966629549862 12
    endloop
  endfacet
  facet normal 0 0 1
    outer loop
      vertex -25.640590364887522 3.838854385404008 12
      vertex -25.433183435412104 4.081696698789035 12
      vertex -28.990000000000002 8.996966629549862 12
    endloop
  endfacet
  facet normal 0 0 1
    outer loop
      vertex -25.433183435412104 4.081696698789035 12
      vertex -25.21335136523794 4.31335136523794 12
      vertex -28.990000000000002 8.996966629549862 12
    endloop
  endfacet
  facet normal 0 0 1
    outer loop
      vertex -25.21335136523794 4.31335136523794 12
      vertex -24.981696698789037 4.533183435412105 12
      vertex -28.990000000000002 8.996966629549862 12
    endloop
  endfacet
  facet normal 0 0 1
    outer loop
      vertex -24.981696698789037 4.533183435412105 12
      vertex -24.738854385404007 4.740590364887522 12
      vertex -28.990000000000002 8.996966629549862 12
    endloop
  endfacet
  facet normal 0 0 1
    outer loop
      vertex -24.738854385404007 4.740590364887522 12
      vertex -24.485490038984086 4.935003665687179 12
      vertex -28.990000000000002 8.996966629549862 12
    endloop
  endfacet
  facet normal 0 0 1
    outer loop
      vertex -24.485490038984086 4.935003665687179 12
      vertex -24.222298113591666 5.115890464467086 12
      vertex -28.990000000000002 8.996966629549862 12
    endloop
  endfacet
  facet normal 0 0 1
    outer loop
      vertex -24.222298113591666 5.115890464467086 12
      vertex -24.17154163839593 5.146994072470239 12
      vertex -28.990000000000002 8.996966629549862 12
    endloop
  endfacet
  facet normal 0 0 1
    outer loop
      vertex -24.17154163839593 5.146994072470239 12
      vertex -24.194566808913983 6.841893583713894 12
      vertex -28.990000000000002 8.996966629549862 12
    endloop
  endfacet
  facet normal 0.2902762308866738 0.9569428978691605 0
    outer loop
      vertex -28.990000000000002 8.996966629549862 0
      vertex -24 7.483314774930477 12
      vertex -24 7.483314774930477 0
    endloop
  endfacet
  facet normal 1 0 0
    outer loop
      vertex -24 7.483314774930477 0
      vertex -24 7.480310417944892 12
      vertex -24 7.480310417944892 0
    endloop
  endfacet
  facet normal 0.2902762308866738 0.9569428978691605 0
    outer loop
      vertex -28.990000000000002 8.996966629549862 0
      vertex -28.990000000000002 8.996966629549862 12
      vertex -24 7.483314774930477 12
    endloop
  endfacet
  facet normal 1 0 0
    outer loop
      vertex -24 7.483314774930477 0
      vertex -24 7.483314774930477 12
      vertex -24 7.480310417944892 12
    endloop
  endfacet
  facet normal 0 0 1
    outer loop
      vertex -24.194566808913983 6.841893583713894 12
      vertex -24.00104229305579 7.479878686025217 12
      vertex -28.990000000000002 8.996966629549862 12
    endloop
  endfacet
  facet normal 0 0 1
    outer loop
      vertex -28.990000000000002 8.996966629549862 12
      vertex -24.00104229305579 7.479878686025217 12
      vertex -24 7.483314774930477 12
    endloop
  endfacet
  facet normal 0 0 1
    outer loop
      vertex -24.00104229305579 7.479878686025217 12
      vertex -24 7.480310417944892 12
      vertex -24 7.483314774930477 12
    endloop
  endfacet
  facet normal 0.6494480483301788 0.7604059656000351 0
    outer loop
      vertex -24.981696698789037 -4.533183435412105 0
      vertex -24.981696698789037 -4.533183435412105 12
      vertex -24.738854385404007 -4.740590364887522 0
    endloop
  endfacet
  facet normal 0.6883545756937547 0.725374371012287 0
    outer loop
      vertex -24.981696698789037 -4.533183435412105 0
      vertex -25.21335136523794 -4.31335136523794 0
      vertex -25.21335136523794 -4.31335136523794 12
    endloop
  endfacet
  facet normal 0.725374371012291 0.6883545756937505 0
    outer loop
      vertex -25.21335136523794 -4.31335136523794 0
      vertex -25.433183435412104 -4.081696698789035 0
      vertex -25.433183435412104 -4.081696698789035 12
    endloop
  endfacet
  facet normal 0.7604059656000302 0.6494480483301845 0
    outer loop
      vertex -25.433183435412104 -4.081696698789035 0
      vertex -25.640590364887522 -3.838854385404008 0
      vertex -25.640590364887522 -3.838854385404008 12
    endloop
  endfacet
  facet normal 0.7933533402912358 0.6087614290087199 0
    outer loop
      vertex -25.640590364887522 -3.838854385404008 0
      vertex -25.83500366568718 -3.585490038984086 0
      vertex -25.83500366568718 -3.585490038984086 12
    endloop
  endfacet
  facet normal 0.8241261886220133 0.5664062369248365 0
    outer loop
      vertex -25.83500366568718 -3.585490038984086 0
      vertex -26.015890464467088 -3.322298113591665 0
      vertex -26.015890464467088 -3.322298113591665 12
    endloop
  endfacet
  facet normal 0.8526401643540962 0.5224985647159426 0
    outer loop
      vertex -26.182754963085074 -3.05 0
      vertex -26.182754963085074 -3.05 12
      vertex -26.015890464467088 -3.322298113591665 0
    endloop
  endfacet
  facet normal 0.942641491092179 0.3338068592337695 0
    outer loop
      vertex -26.59484060163293 -2.1860444922263316 0
      vertex -26.701444749400437 -1.885003665687179 0
      vertex -26.701444749400437 -1.885003665687179 12
    endloop
  endfacet
  facet normal 0.9588197348681933 0.284015344703922 0
    outer loop
      vertex -26.701444749400437 -1.885003665687179 0
      vertex -26.792147540363317 -1.5787961751253765 0
      vertex -26.792147540363317 -1.5787961751253765 12
    endloop
  endfacet
  facet normal 0.9723699203976754 0.23344536385591014 0
    outer loop
      vertex -26.792147540363317 -1.5787961751253765 0
      vertex -26.866700364476216 -1.2682613139883319 0
      vertex -26.866700364476216 -1.2682613139883319 12
    endloop
  endfacet
  facet normal 0.8788171126619638 0.47715876025961135 0
    outer loop
      vertex -26.182754963085074 -3.05 0
      vertex -26.335139797549044 -2.769342048411235 0
      vertex -26.335139797549044 -2.769342048411235 12
    endloop
  endfacet
  facet normal 0.9025852843498603 0.43051109680829586 0
    outer loop
      vertex -26.335139797549044 -2.769342048411235 0
      vertex -26.472627291619865 -2.481093522762381 0
      vertex -26.472627291619865 -2.481093522762381 12
    endloop
  endfacet
  facet normal 0.9238795325112855 0.3826834323650928 0
    outer loop
      vertex -26.59484060163293 -2.1860444922263316 0
      vertex -26.59484060163293 -2.1860444922263316 12
      vertex -26.472627291619865 -2.481093522762381 0
    endloop
  endfacet
  facet normal 0.9832549075639553 0.1822355254921437 0
    outer loop
      vertex -26.866700364476216 -1.2682613139883319 0
      vertex -26.92489887763034 -0.9542502367454082 0
      vertex -26.92489887763034 -0.9542502367454082 12
    endloop
  endfacet
  facet normal 0.9914448613738104 0.13052619222005205 0
    outer loop
      vertex -26.92489887763034 -0.9542502367454082 0
      vertex -26.966583561746468 -0.6376236259326862 0
      vertex -26.966583561746468 -0.6376236259326862 12
    endloop
  endfacet
  facet normal 0.9969173337331279 0.07845909572784746 0
    outer loop
      vertex -26.966583561746468 -0.6376236259326862 0
      vertex -26.991640162002902 -0.31924933308195735 0
      vertex -26.991640162002902 -0.31924933308195735 12
    endloop
  endfacet
  facet normal 0.9996573249755574 0.02617694830786868 0
    outer loop
      vertex -26.991640162002902 -0.31924933308195735 0
      vertex -27 0 0
      vertex -27 0 12
    endloop
  endfacet
  facet normal 0.9996573249755574 -0.02617694830786868 0
    outer loop
      vertex -27 0 0
      vertex -26.991640162002902 0.31924933308195735 0
      vertex -26.991640162002902 0.31924933308195735 12
    endloop
  endfacet
  facet normal 0.3826834323650909 0.9238795325112863 0
    outer loop
      vertex -23.38109352276238 -5.572627291619865 0
      vertex -23.38109352276238 -5.572627291619865 12
      vertex -23.086044492226332 -5.69484060163293 0
    endloop
  endfacet
  facet normal 0.33380685923376824 0.9426414910921794 0
    outer loop
      vertex -23.086044492226332 -5.69484060163293 0
      vertex -23.086044492226332 -5.69484060163293 12
      vertex -22.785003665687178 -5.801444749400436 0
    endloop
  endfacet
  facet normal 0.5224985647159462 0.8526401643540937 0
    outer loop
      vertex -24.222298113591666 -5.115890464467086 0
      vertex -24.222298113591666 -5.115890464467086 12
      vertex -24 -5.252114923678079 0
    endloop
  endfacet
  facet normal 0.5224985647159457 0.8526401643540942 5.700678297670076e-17
    outer loop
      vertex -24 -5.252114923678079 0
      vertex -24.030524093621835 -5.233409735049362 12
      vertex -23.95 -5.282754963085075 0
    endloop
  endfacet
  facet normal 0.5664062369248346 0.8241261886220144 0
    outer loop
      vertex -24.222298113591666 -5.115890464467086 0
      vertex -24.485490038984086 -4.935003665687179 0
      vertex -24.485490038984086 -4.935003665687179 12
    endloop
  endfacet
  facet normal 0.6087614290087222 0.7933533402912338 0
    outer loop
      vertex -24.485490038984086 -4.935003665687179 0
      vertex -24.738854385404007 -4.740590364887522 0
      vertex -24.738854385404007 -4.740590364887522 12
    endloop
  endfacet
  facet normal 0.4771587602596092 0.8788171126619649 0
    outer loop
      vertex -23.95 -5.282754963085075 0
      vertex -23.95 -5.282754963085075 12
      vertex -23.669342048411234 -5.435139797549044 0
    endloop
  endfacet
  facet normal 0.43051109680829414 0.9025852843498611 0
    outer loop
      vertex -23.38109352276238 -5.572627291619865 0
      vertex -23.669342048411234 -5.435139797549044 0
      vertex -23.669342048411234 -5.435139797549044 12
    endloop
  endfacet
  facet normal 0.18223552549214894 0.9832549075639543 0
    outer loop
      vertex -22.16826131398833 -5.966700364476214 0
      vertex -22.16826131398833 -5.966700364476214 12
      vertex -21.854250236745408 -6.02489887763034 0
    endloop
  endfacet
  facet normal 0.2840153447039238 0.9588197348681927 0
    outer loop
      vertex -22.785003665687178 -5.801444749400436 0
      vertex -22.785003665687178 -5.801444749400436 12
      vertex -22.478796175125375 -5.892147540363316 0
    endloop
  endfacet
  facet normal 0.233445363855906 0.9723699203976764 0
    outer loop
      vertex -22.478796175125375 -5.892147540363316 0
      vertex -22.478796175125375 -5.892147540363316 12
      vertex -22.16826131398833 -5.966700364476214 0
    endloop
  endfacet
  facet normal 0.13052619222005055 0.9914448613738105 0
    outer loop
      vertex -21.854250236745408 -6.02489887763034 0
      vertex -21.854250236745408 -6.02489887763034 12
      vertex -21.53762362593269 -6.066583561746467 0
    endloop
  endfacet
  facet normal 0.07845909572784422 0.996917333733128 0
    outer loop
      vertex -21.53762362593269 -6.066583561746467 0
      vertex -21.53762362593269 -6.066583561746467 12
      vertex -21.219249333081958 -6.0916401620029 0
    endloop
  endfacet
  facet normal 0.02617694830787407 0.9996573249755573 0
    outer loop
      vertex -21.219249333081958 -6.0916401620029 0
      vertex -21.219249333081958 -6.0916401620029 12
      vertex -20.9 -6.1 0
    endloop
  endfacet
  facet normal -0.02617694830787436 0.9996573249755573 0
    outer loop
      vertex -20.9 -6.1 0
      vertex -20.9 -6.1 12
      vertex -20.580750666918043 -6.0916401620029 0
    endloop
  endfacet
  facet normal -0.0784590957278451 0.996917333733128 0
    outer loop
      vertex -20.580750666918043 -6.0916401620029 0
      vertex -20.580750666918043 -6.0916401620029 12
      vertex -20.262376374067316 -6.066583561746467 0
    endloop
  endfacet
  facet normal -0.13052619222004913 0.9914448613738107 0
    outer loop
      vertex -20.262376374067316 -6.066583561746467 0
      vertex -20.262376374067316 -6.066583561746467 12
      vertex -19.945749763254593 -6.02489887763034 0
    endloop
  endfacet
  facet normal -0.18223552549214894 0.9832549075639543 0
    outer loop
      vertex -19.945749763254593 -6.02489887763034 0
      vertex -19.945749763254593 -6.02489887763034 12
      vertex -19.63173868601167 -5.966700364476214 0
    endloop
  endfacet
  facet normal -0.23344536385590348 0.9723699203976771 0
    outer loop
      vertex -19.63173868601167 -5.966700364476214 0
      vertex -19.63173868601167 -5.966700364476214 12
      vertex -19.321203824874623 -5.892147540363316 0
    endloop
  endfacet
  facet normal -0.2840153447039238 0.9588197348681927 0
    outer loop
      vertex -19.321203824874623 -5.892147540363316 0
      vertex -19.321203824874623 -5.892147540363316 12
      vertex -19.01499633431282 -5.801444749400436 0
    endloop
  endfacet
  facet normal -0.3338068592337717 0.9426414910921781 0
    outer loop
      vertex -19.01499633431282 -5.801444749400436 0
      vertex -19.01499633431282 -5.801444749400436 12
      vertex -18.71395550777367 -5.69484060163293 0
    endloop
  endfacet
  facet normal -0.3826834323650909 0.9238795325112863 0
    outer loop
      vertex -18.71395550777367 -5.69484060163293 0
      vertex -18.71395550777367 -5.69484060163293 12
      vertex -18.41890647723762 -5.572627291619865 0
    endloop
  endfacet
  facet normal -0.43051109680829414 0.9025852843498611 0
    outer loop
      vertex -18.41890647723762 -5.572627291619865 0
      vertex -18.41890647723762 -5.572627291619865 12
      vertex -18.130657951588766 -5.435139797549044 0
    endloop
  endfacet
  facet normal -0.4771587602596092 0.8788171126619649 0
    outer loop
      vertex -18.130657951588766 -5.435139797549044 0
      vertex -18.130657951588766 -5.435139797549044 12
      vertex -17.85 -5.282754963085075 0
    endloop
  endfacet
  facet normal -0.5224985647159462 0.8526401643540938 0
    outer loop
      vertex -17.85 -5.282754963085075 0
      vertex -17.85 -5.282754963085075 12
      vertex -17.577701886408335 -5.115890464467086 0
    endloop
  endfacet
  facet normal 0.9969173337331279 -0.07845909572784746 0
    outer loop
      vertex -26.991640162002902 0.31924933308195735 0
      vertex -26.966583561746468 0.6376236259326862 0
      vertex -26.966583561746468 0.6376236259326862 12
    endloop
  endfacet
  facet normal 0.9914448613738104 -0.13052619222005205 0
    outer loop
      vertex -26.966583561746468 0.6376236259326862 0
      vertex -26.92489887763034 0.9542502367454082 0
      vertex -26.92489887763034 0.9542502367454082 12
    endloop
  endfacet
  facet normal 0.9832549075639553 -0.1822355254921437 0
    outer loop
      vertex -26.92489887763034 0.9542502367454082 0
      vertex -26.866700364476216 1.2682613139883319 0
      vertex -26.866700364476216 1.2682613139883319 12
    endloop
  endfacet
  facet normal 0.9723699203976754 -0.23344536385591014 0
    outer loop
      vertex -26.866700364476216 1.2682613139883319 0
      vertex -26.792147540363317 1.5787961751253765 0
      vertex -26.792147540363317 1.5787961751253765 12
    endloop
  endfacet
  facet normal 0.9588197348681933 -0.284015344703922 0
    outer loop
      vertex -26.792147540363317 1.5787961751253765 0
      vertex -26.701444749400437 1.885003665687179 0
      vertex -26.701444749400437 1.885003665687179 12
    endloop
  endfacet
  facet normal 0.942641491092179 -0.3338068592337695 0
    outer loop
      vertex -26.701444749400437 1.885003665687179 0
      vertex -26.59484060163293 2.1860444922263316 0
      vertex -26.59484060163293 2.1860444922263316 12
    endloop
  endfacet
  facet normal 0.9238795325112855 -0.3826834323650928 0
    outer loop
      vertex -26.59484060163293 2.1860444922263316 0
      vertex -26.472627291619865 2.481093522762381 0
      vertex -26.472627291619865 2.481093522762381 12
    endloop
  endfacet
  facet normal 0.9025852843498603 -0.43051109680829586 0
    outer loop
      vertex -26.472627291619865 2.481093522762381 0
      vertex -26.335139797549044 2.769342048411235 0
      vertex -26.335139797549044 2.769342048411235 12
    endloop
  endfacet
  facet normal 0.8788171126619638 -0.47715876025961135 0
    outer loop
      vertex -26.335139797549044 2.769342048411235 0
      vertex -26.182754963085074 3.05 0
      vertex -26.182754963085074 3.05 12
    endloop
  endfacet
  facet normal 0.8526401643540962 -0.5224985647159426 0
    outer loop
      vertex -26.182754963085074 3.05 0
      vertex -26.015890464467088 3.322298113591665 0
      vertex -26.015890464467088 3.322298113591665 12
    endloop
  endfacet
  facet normal 0.8241261886220133 -0.5664062369248365 0
    outer loop
      vertex -26.015890464467088 3.322298113591665 0
      vertex -25.83500366568718 3.585490038984086 0
      vertex -25.83500366568718 3.585490038984086 12
    endloop
  endfacet
  facet normal 0.7933533402912358 -0.6087614290087199 0
    outer loop
      vertex -25.83500366568718 3.585490038984086 0
      vertex -25.640590364887522 3.838854385404008 0
      vertex -25.640590364887522 3.838854385404008 12
    endloop
  endfacet
  facet normal 0.7604059656000302 -0.6494480483301845 0
    outer loop
      vertex -25.640590364887522 3.838854385404008 0
      vertex -25.433183435412104 4.081696698789035 0
      vertex -25.433183435412104 4.081696698789035 12
    endloop
  endfacet
  facet normal 0.725374371012291 -0.6883545756937505 0
    outer loop
      vertex -25.433183435412104 4.081696698789035 0
      vertex -25.21335136523794 4.31335136523794 0
      vertex -25.21335136523794 4.31335136523794 12
    endloop
  endfacet
  facet normal 0.6883545756937547 -0.725374371012287 0
    outer loop
      vertex -25.21335136523794 4.31335136523794 0
      vertex -24.981696698789037 4.533183435412105 0
      vertex -24.981696698789037 4.533183435412105 12
    endloop
  endfacet
  facet normal 0.6494480483301788 -0.7604059656000351 0
    outer loop
      vertex -24.981696698789037 4.533183435412105 0
      vertex -24.738854385404007 4.740590364887522 0
      vertex -24.738854385404007 4.740590364887522 12
    endloop
  endfacet
  facet normal 0.6087614290087222 -0.7933533402912338 0
    outer loop
      vertex -24.738854385404007 4.740590364887522 0
      vertex -24.485490038984086 4.935003665687179 0
      vertex -24.485490038984086 4.935003665687179 12
    endloop
  endfacet
  facet normal 0.5664062369248346 -0.8241261886220144 0
    outer loop
      vertex -24.485490038984086 4.935003665687179 0
      vertex -24.222298113591666 5.115890464467086 0
      vertex -24.222298113591666 5.115890464467086 12
    endloop
  endfacet
  facet normal 0.5224985647159462 -0.8526401643540937 2.8000797266970005e-17
    outer loop
      vertex -24.222298113591666 5.115890464467086 0
      vertex -24 5.252114923678079 0
      vertex -24.17154163839593 5.146994072470239 12
    endloop
  endfacet
  facet normal 0.5224985647159457 -0.8526401643540942 0
    outer loop
      vertex -24 5.252114923678079 0
      vertex -23.95 5.282754963085075 0
      vertex -23.95 5.282754963085075 12
    endloop
  endfacet
  facet normal 0.4771587602596092 -0.8788171126619649 0
    outer loop
      vertex -23.95 5.282754963085075 0
      vertex -23.669342048411234 5.435139797549044 0
      vertex -23.669342048411234 5.435139797549044 12
    endloop
  endfacet
  facet normal 0.43051109680829414 -0.9025852843498611 0
    outer loop
      vertex -23.669342048411234 5.435139797549044 0
      vertex -23.38109352276238 5.572627291619865 0
      vertex -23.38109352276238 5.572627291619865 12
    endloop
  endfacet
  facet normal 0.3826834323650909 -0.9238795325112863 0
    outer loop
      vertex -23.38109352276238 5.572627291619865 0
      vertex -23.086044492226332 5.69484060163293 0
      vertex -23.086044492226332 5.69484060163293 12
    endloop
  endfacet
  facet normal 0.33380685923376824 -0.9426414910921794 0
    outer loop
      vertex -23.086044492226332 5.69484060163293 0
      vertex -22.785003665687178 5.801444749400436 0
      vertex -22.785003665687178 5.801444749400436 12
    endloop
  endfacet
  facet normal 0.2840153447039238 -0.9588197348681927 0
    outer loop
      vertex -22.785003665687178 5.801444749400436 0
      vertex -22.478796175125375 5.892147540363316 0
      vertex -22.478796175125375 5.892147540363316 12
    endloop
  endfacet
  facet normal 0.233445363855906 -0.9723699203976764 0
    outer loop
      vertex -22.478796175125375 5.892147540363316 0
      vertex -22.16826131398833 5.966700364476214 0
      vertex -22.16826131398833 5.966700364476214 12
    endloop
  endfacet
  facet normal 0.18223552549214894 -0.9832549075639543 0
    outer loop
      vertex -22.16826131398833 5.966700364476214 0
      vertex -21.854250236745408 6.02489887763034 0
      vertex -21.854250236745408 6.02489887763034 12
    endloop
  endfacet
  facet normal 0.13052619222005055 -0.9914448613738105 0
    outer loop
      vertex -21.854250236745408 6.02489887763034 0
      vertex -21.53762362593269 6.066583561746467 0
      vertex -21.53762362593269 6.066583561746467 12
    endloop
  endfacet
  facet normal 0.07845909572784422 -0.996917333733128 0
    outer loop
      vertex -21.53762362593269 6.066583561746467 0
      vertex -21.219249333081958 6.0916401620029 0
      vertex -21.219249333081958 6.0916401620029 12
    endloop
  endfacet
  facet normal -0.3826834323650909 -0.9238795325112863 0
    outer loop
      vertex -18.41890647723762 5.572627291619865 0
      vertex -18.41890647723762 5.572627291619865 12
      vertex -18.71395550777367 5.69484060163293 0
    endloop
  endfacet
  facet normal -0.5224985647159462 -0.8526401643540938 0
    outer loop
      vertex -17.577701886408335 5.115890464467086 0
      vertex -17.577701886408335 5.115890464467086 12
      vertex -17.85 5.282754963085075 0
    endloop
  endfacet
  facet normal -0.43051109680829414 -0.9025852843498611 0
    outer loop
      vertex -18.130657951588766 5.435139797549044 0
      vertex -18.130657951588766 5.435139797549044 12
      vertex -18.41890647723762 5.572627291619865 0
    endloop
  endfacet
  facet normal -0.4771587602596092 -0.8788171126619649 0
    outer loop
      vertex -18.130657951588766 5.435139797549044 0
      vertex -17.85 5.282754963085075 0
      vertex -17.85 5.282754963085075 12
    endloop
  endfacet
  facet normal 0.02617694830787407 -0.9996573249755573 0
    outer loop
      vertex -21.219249333081958 6.0916401620029 0
      vertex -20.9 6.1 0
      vertex -20.9 6.1 12
    endloop
  endfacet
  facet normal -0.02617694830787436 -0.9996573249755573 0
    outer loop
      vertex -20.9 6.1 0
      vertex -20.580750666918043 6.0916401620029 0
      vertex -20.580750666918043 6.0916401620029 12
    endloop
  endfacet
  facet normal -0.0784590957278451 -0.996917333733128 0
    outer loop
      vertex -20.580750666918043 6.0916401620029 0
      vertex -20.262376374067316 6.066583561746467 0
      vertex -20.262376374067316 6.066583561746467 12
    endloop
  endfacet
  facet normal -0.13052619222004913 -0.9914448613738107 0
    outer loop
      vertex -20.262376374067316 6.066583561746467 0
      vertex -19.945749763254593 6.02489887763034 0
      vertex -19.945749763254593 6.02489887763034 12
    endloop
  endfacet
  facet normal -0.18223552549214894 -0.9832549075639543 0
    outer loop
      vertex -19.945749763254593 6.02489887763034 0
      vertex -19.63173868601167 5.966700364476214 0
      vertex -19.63173868601167 5.966700364476214 12
    endloop
  endfacet
  facet normal -0.23344536385590348 -0.9723699203976771 0
    outer loop
      vertex -19.63173868601167 5.966700364476214 0
      vertex -19.321203824874623 5.892147540363316 0
      vertex -19.321203824874623 5.892147540363316 12
    endloop
  endfacet
  facet normal -0.2840153447039238 -0.9588197348681927 0
    outer loop
      vertex -19.01499633431282 5.801444749400436 0
      vertex -19.01499633431282 5.801444749400436 12
      vertex -19.321203824874623 5.892147540363316 0
    endloop
  endfacet
  facet normal -0.3338068592337717 -0.9426414910921781 0
    outer loop
      vertex -19.01499633431282 5.801444749400436 0
      vertex -18.71395550777367 5.69484060163293 0
      vertex -18.71395550777367 5.69484060163293 12
    endloop
  endfacet
  facet normal -0.5664062369248346 0.8241261886220144 0
    outer loop
      vertex -17.577701886408335 -5.115890464467086 0
      vertex -17.577701886408335 -5.115890464467086 12
      vertex -17.314509961015915 -4.935003665687179 0
    endloop
  endfacet
  facet normal -0.6087614290087222 0.7933533402912338 0
    outer loop
      vertex -17.314509961015915 -4.935003665687179 0
      vertex -17.314509961015915 -4.935003665687179 12
      vertex -17.061145614595993 -4.740590364887522 0
    endloop
  endfacet
  facet normal -0.6494480483301843 0.7604059656000304 0
    outer loop
      vertex -17.061145614595993 -4.740590364887522 0
      vertex -17.061145614595993 -4.740590364887522 12
      vertex -16.818303301210968 -4.533183435412105 0
    endloop
  endfacet
  facet normal -0.6883545756937491 0.7253743710122922 0
    outer loop
      vertex -16.818303301210968 -4.533183435412105 0
      vertex -16.818303301210968 -4.533183435412105 12
      vertex -16.58664863476206 -4.31335136523794 0
    endloop
  endfacet
  facet normal -0.725374371012291 0.6883545756937505 0
    outer loop
      vertex -16.58664863476206 -4.31335136523794 0
      vertex -16.58664863476206 -4.31335136523794 12
      vertex -16.366816564587896 -4.081696698789035 0
    endloop
  endfacet
  facet normal -0.7604059656000302 0.6494480483301845 0
    outer loop
      vertex -16.366816564587896 -4.081696698789035 0
      vertex -16.366816564587896 -4.081696698789035 12
      vertex -16.15940963511248 -3.838854385404008 0
    endloop
  endfacet
  facet normal -0.7933533402912358 0.6087614290087199 0
    outer loop
      vertex -16.15940963511248 -3.838854385404008 0
      vertex -16.15940963511248 -3.838854385404008 12
      vertex -15.964996334312822 -3.585490038984086 0
    endloop
  endfacet
  facet normal -0.8241261886220133 0.5664062369248365 0
    outer loop
      vertex -15.964996334312822 -3.585490038984086 0
      vertex -15.964996334312822 -3.585490038984086 12
      vertex -15.784109535532913 -3.322298113591665 0
    endloop
  endfacet
  facet normal -0.8526401643540911 0.5224985647159507 0
    outer loop
      vertex -15.784109535532913 -3.322298113591665 0
      vertex -15.784109535532913 -3.322298113591665 12
      vertex -15.617245036914923 -3.05 0
    endloop
  endfacet
  facet normal -0.8788171126619693 0.4771587602596012 0
    outer loop
      vertex -15.617245036914923 -3.05 0
      vertex -15.617245036914923 -3.05 12
      vertex -15.490264122918148 -2.816130249518817 0
    endloop
  endfacet
  facet normal -0.8241261886220133 -0.5664062369248365 0
    outer loop
      vertex -15.784109535532913 3.322298113591665 0
      vertex -15.784109535532913 3.322298113591665 12
      vertex -15.964996334312822 3.585490038984086 0
    endloop
  endfacet
  facet normal -0.7604059656000302 -0.6494480483301845 0
    outer loop
      vertex -16.15940963511248 3.838854385404008 0
      vertex -16.15940963511248 3.838854385404008 12
      vertex -16.366816564587896 4.081696698789035 0
    endloop
  endfacet
  facet normal -0.7933533402912358 -0.6087614290087199 0
    outer loop
      vertex -15.964996334312822 3.585490038984086 0
      vertex -15.964996334312822 3.585490038984086 12
      vertex -16.15940963511248 3.838854385404008 0
    endloop
  endfacet
  facet normal -0.8788171126619693 -0.4771587602596012 0
    outer loop
      vertex -15.490264122918148 2.816130249518817 0
      vertex -15.490264122918148 2.816130249518817 12
      vertex -15.617245036914923 3.05 0
    endloop
  endfacet
  facet normal -0.8526401643540911 -0.5224985647159507 0
    outer loop
      vertex -15.784109535532913 3.322298113591665 0
      vertex -15.617245036914923 3.05 0
      vertex -15.617245036914923 3.05 12
    endloop
  endfacet
  facet normal -0.6087614290087222 -0.7933533402912338 0
    outer loop
      vertex -17.061145614595993 4.740590364887522 0
      vertex -17.061145614595993 4.740590364887522 12
      vertex -17.314509961015915 4.935003665687179 0
    endloop
  endfacet
  facet normal -0.6883545756937491 -0.7253743710122922 0
    outer loop
      vertex -16.818303301210968 4.533183435412105 0
      vertex -16.58664863476206 4.31335136523794 0
      vertex -16.58664863476206 4.31335136523794 12
    endloop
  endfacet
  facet normal -0.6494480483301843 -0.7604059656000304 0
    outer loop
      vertex -16.818303301210968 4.533183435412105 0
      vertex -16.818303301210968 4.533183435412105 12
      vertex -17.061145614595993 4.740590364887522 0
    endloop
  endfacet
  facet normal -0.725374371012291 -0.6883545756937505 0
    outer loop
      vertex -16.366816564587896 4.081696698789035 0
      vertex -16.366816564587896 4.081696698789035 12
      vertex -16.58664863476206 4.31335136523794 0
    endloop
  endfacet
  facet normal -0.5664062369248346 -0.8241261886220144 0
    outer loop
      vertex -17.577701886408335 5.115890464467086 0
      vertex -17.314509961015915 4.935003665687179 0
      vertex -17.314509961015915 4.935003665687179 12
    endloop
  endfacet
  facet normal 0.6883545756937547 0.725374371012287 0
    outer loop
      vertex -24.981696698789037 -4.533183435412105 0
      vertex -25.21335136523794 -4.31335136523794 12
      vertex -24.981696698789037 -4.533183435412105 12
    endloop
  endfacet
  facet normal 0.6494480483301788 0.7604059656000351 0
    outer loop
      vertex -24.738854385404007 -4.740590364887522 0
      vertex -24.981696698789037 -4.533183435412105 12
      vertex -24.738854385404007 -4.740590364887522 12
    endloop
  endfacet
  facet normal 0.725374371012291 0.6883545756937505 0
    outer loop
      vertex -25.21335136523794 -4.31335136523794 0
      vertex -25.433183435412104 -4.081696698789035 12
      vertex -25.21335136523794 -4.31335136523794 12
    endloop
  endfacet
  facet normal 0.7604059656000302 0.6494480483301845 0
    outer loop
      vertex -25.433183435412104 -4.081696698789035 0
      vertex -25.640590364887522 -3.838854385404008 12
      vertex -25.433183435412104 -4.081696698789035 12
    endloop
  endfacet
  facet normal 0.7933533402912358 0.6087614290087199 0
    outer loop
      vertex -25.640590364887522 -3.838854385404008 0
      vertex -25.83500366568718 -3.585490038984086 12
      vertex -25.640590364887522 -3.838854385404008 12
    endloop
  endfacet
  facet normal 0.8241261886220133 0.5664062369248365 0
    outer loop
      vertex -25.83500366568718 -3.585490038984086 0
      vertex -26.015890464467088 -3.322298113591665 12
      vertex -25.83500366568718 -3.585490038984086 12
    endloop
  endfacet
  facet normal 0.8788171126619638 0.47715876025961135 0
    outer loop
      vertex -26.182754963085074 -3.05 0
      vertex -26.335139797549044 -2.769342048411235 12
      vertex -26.182754963085074 -3.05 12
    endloop
  endfacet
  facet normal 0.8526401643540962 0.5224985647159426 0
    outer loop
      vertex -26.015890464467088 -3.322298113591665 0
      vertex -26.182754963085074 -3.05 12
      vertex -26.015890464467088 -3.322298113591665 12
    endloop
  endfacet
  facet normal 0.942641491092179 0.3338068592337695 0
    outer loop
      vertex -26.59484060163293 -2.1860444922263316 0
      vertex -26.701444749400437 -1.885003665687179 12
      vertex -26.59484060163293 -2.1860444922263316 12
    endloop
  endfacet
  facet normal 0.9588197348681933 0.284015344703922 0
    outer loop
      vertex -26.701444749400437 -1.885003665687179 0
      vertex -26.792147540363317 -1.5787961751253765 12
      vertex -26.701444749400437 -1.885003665687179 12
    endloop
  endfacet
  facet normal 0.9723699203976754 0.23344536385591014 0
    outer loop
      vertex -26.792147540363317 -1.5787961751253765 0
      vertex -26.866700364476216 -1.2682613139883319 12
      vertex -26.792147540363317 -1.5787961751253765 12
    endloop
  endfacet
  facet normal 0.9025852843498603 0.43051109680829586 0
    outer loop
      vertex -26.335139797549044 -2.769342048411235 0
      vertex -26.472627291619865 -2.481093522762381 12
      vertex -26.335139797549044 -2.769342048411235 12
    endloop
  endfacet
  facet normal 0.9238795325112855 0.3826834323650928 0
    outer loop
      vertex -26.472627291619865 -2.481093522762381 0
      vertex -26.59484060163293 -2.1860444922263316 12
      vertex -26.472627291619865 -2.481093522762381 12
    endloop
  endfacet
  facet normal 0.9832549075639553 0.1822355254921437 0
    outer loop
      vertex -26.866700364476216 -1.2682613139883319 0
      vertex -26.92489887763034 -0.9542502367454082 12
      vertex -26.866700364476216 -1.2682613139883319 12
    endloop
  endfacet
  facet normal 0.9914448613738104 0.13052619222005205 0
    outer loop
      vertex -26.92489887763034 -0.9542502367454082 0
      vertex -26.966583561746468 -0.6376236259326862 12
      vertex -26.92489887763034 -0.9542502367454082 12
    endloop
  endfacet
  facet normal 0.9969173337331279 0.07845909572784746 0
    outer loop
      vertex -26.966583561746468 -0.6376236259326862 0
      vertex -26.991640162002902 -0.31924933308195735 12
      vertex -26.966583561746468 -0.6376236259326862 12
    endloop
  endfacet
  facet normal 0.9996573249755574 0.02617694830786868 0
    outer loop
      vertex -26.991640162002902 -0.31924933308195735 0
      vertex -27 0 12
      vertex -26.991640162002902 -0.31924933308195735 12
    endloop
  endfacet
  facet normal 0.9996573249755574 -0.02617694830786868 0
    outer loop
      vertex -27 0 0
      vertex -26.991640162002902 0.31924933308195735 12
      vertex -27 0 12
    endloop
  endfacet
  facet normal 0.9969173337331279 -0.07845909572784746 0
    outer loop
      vertex -26.991640162002902 0.31924933308195735 0
      vertex -26.966583561746468 0.6376236259326862 12
      vertex -26.991640162002902 0.31924933308195735 12
    endloop
  endfacet
  facet normal 0.3826834323650909 0.9238795325112863 0
    outer loop
      vertex -23.086044492226332 -5.69484060163293 0
      vertex -23.38109352276238 -5.572627291619865 12
      vertex -23.086044492226332 -5.69484060163293 12
    endloop
  endfacet
  facet normal 0.5224985647159395 0.852640164354098 0
    outer loop
      vertex -23.95 -5.282754963085075 0
      vertex -24.030524093621835 -5.233409735049362 12
      vertex -23.95 -5.282754963085075 12
    endloop
  endfacet
  facet normal 0.5224985647159489 0.8526401643540921 6.877154830423782e-17
    outer loop
      vertex -24 -5.252114923678079 0
      vertex -24.222298113591666 -5.115890464467086 12
      vertex -24.030524093621835 -5.233409735049362 12
    endloop
  endfacet
  facet normal 0.6087614290087222 0.7933533402912338 0
    outer loop
      vertex -24.485490038984086 -4.935003665687179 0
      vertex -24.738854385404007 -4.740590364887522 12
      vertex -24.485490038984086 -4.935003665687179 12
    endloop
  endfacet
  facet normal 0.5664062369248346 0.8241261886220144 0
    outer loop
      vertex -24.222298113591666 -5.115890464467086 0
      vertex -24.485490038984086 -4.935003665687179 12
      vertex -24.222298113591666 -5.115890464467086 12
    endloop
  endfacet
  facet normal 0.4771587602596092 0.8788171126619649 0
    outer loop
      vertex -23.669342048411234 -5.435139797549044 0
      vertex -23.95 -5.282754963085075 12
      vertex -23.669342048411234 -5.435139797549044 12
    endloop
  endfacet
  facet normal 0.43051109680829414 0.9025852843498611 0
    outer loop
      vertex -23.38109352276238 -5.572627291619865 0
      vertex -23.669342048411234 -5.435139797549044 12
      vertex -23.38109352276238 -5.572627291619865 12
    endloop
  endfacet
  facet normal 0.33380685923376824 0.9426414910921794 0
    outer loop
      vertex -22.785003665687178 -5.801444749400436 0
      vertex -23.086044492226332 -5.69484060163293 12
      vertex -22.785003665687178 -5.801444749400436 12
    endloop
  endfacet
  facet normal 0.2840153447039238 0.9588197348681927 0
    outer loop
      vertex -22.478796175125375 -5.892147540363316 0
      vertex -22.785003665687178 -5.801444749400436 12
      vertex -22.478796175125375 -5.892147540363316 12
    endloop
  endfacet
  facet normal 0.233445363855906 0.9723699203976764 0
    outer loop
      vertex -22.16826131398833 -5.966700364476214 0
      vertex -22.478796175125375 -5.892147540363316 12
      vertex -22.16826131398833 -5.966700364476214 12
    endloop
  endfacet
  facet normal 0.18223552549214894 0.9832549075639543 0
    outer loop
      vertex -21.854250236745408 -6.02489887763034 0
      vertex -22.16826131398833 -5.966700364476214 12
      vertex -21.854250236745408 -6.02489887763034 12
    endloop
  endfacet
  facet normal 0.13052619222005055 0.9914448613738105 0
    outer loop
      vertex -21.53762362593269 -6.066583561746467 0
      vertex -21.854250236745408 -6.02489887763034 12
      vertex -21.53762362593269 -6.066583561746467 12
    endloop
  endfacet
  facet normal 0.07845909572784422 0.996917333733128 0
    outer loop
      vertex -21.219249333081958 -6.0916401620029 0
      vertex -21.53762362593269 -6.066583561746467 12
      vertex -21.219249333081958 -6.0916401620029 12
    endloop
  endfacet
  facet normal 0.02617694830787407 0.9996573249755573 0
    outer loop
      vertex -20.9 -6.1 0
      vertex -21.219249333081958 -6.0916401620029 12
      vertex -20.9 -6.1 12
    endloop
  endfacet
  facet normal -0.02617694830787436 0.9996573249755573 0
    outer loop
      vertex -20.580750666918043 -6.0916401620029 0
      vertex -20.9 -6.1 12
      vertex -20.580750666918043 -6.0916401620029 12
    endloop
  endfacet
  facet normal -0.0784590957278451 0.996917333733128 0
    outer loop
      vertex -20.262376374067316 -6.066583561746467 0
      vertex -20.580750666918043 -6.0916401620029 12
      vertex -20.262376374067316 -6.066583561746467 12
    endloop
  endfacet
  facet normal -0.13052619222004913 0.9914448613738107 0
    outer loop
      vertex -19.945749763254593 -6.02489887763034 0
      vertex -20.262376374067316 -6.066583561746467 12
      vertex -19.945749763254593 -6.02489887763034 12
    endloop
  endfacet
  facet normal -0.18223552549214894 0.9832549075639543 0
    outer loop
      vertex -19.63173868601167 -5.966700364476214 0
      vertex -19.945749763254593 -6.02489887763034 12
      vertex -19.63173868601167 -5.966700364476214 12
    endloop
  endfacet
  facet normal -0.23344536385590348 0.9723699203976771 0
    outer loop
      vertex -19.321203824874623 -5.892147540363316 0
      vertex -19.63173868601167 -5.966700364476214 12
      vertex -19.321203824874623 -5.892147540363316 12
    endloop
  endfacet
  facet normal -0.2840153447039238 0.9588197348681927 0
    outer loop
      vertex -19.01499633431282 -5.801444749400436 0
      vertex -19.321203824874623 -5.892147540363316 12
      vertex -19.01499633431282 -5.801444749400436 12
    endloop
  endfacet
  facet normal -0.3338068592337717 0.9426414910921781 0
    outer loop
      vertex -18.71395550777367 -5.69484060163293 0
      vertex -19.01499633431282 -5.801444749400436 12
      vertex -18.71395550777367 -5.69484060163293 12
    endloop
  endfacet
  facet normal -0.3826834323650909 0.9238795325112863 0
    outer loop
      vertex -18.41890647723762 -5.572627291619865 0
      vertex -18.71395550777367 -5.69484060163293 12
      vertex -18.41890647723762 -5.572627291619865 12
    endloop
  endfacet
  facet normal -0.43051109680829414 0.9025852843498611 0
    outer loop
      vertex -18.130657951588766 -5.435139797549044 0
      vertex -18.41890647723762 -5.572627291619865 12
      vertex -18.130657951588766 -5.435139797549044 12
    endloop
  endfacet
  facet normal -0.4771587602596092 0.8788171126619649 0
    outer loop
      vertex -17.85 -5.282754963085075 0
      vertex -18.130657951588766 -5.435139797549044 12
      vertex -17.85 -5.282754963085075 12
    endloop
  endfacet
  facet normal -0.5224985647159462 0.8526401643540938 0
    outer loop
      vertex -17.577701886408335 -5.115890464467086 0
      vertex -17.85 -5.282754963085075 12
      vertex -17.577701886408335 -5.115890464467086 12
    endloop
  endfacet
  facet normal 0.9914448613738104 -0.13052619222005205 0
    outer loop
      vertex -26.966583561746468 0.6376236259326862 0
      vertex -26.92489887763034 0.9542502367454082 12
      vertex -26.966583561746468 0.6376236259326862 12
    endloop
  endfacet
  facet normal 0.9832549075639553 -0.1822355254921437 0
    outer loop
      vertex -26.92489887763034 0.9542502367454082 0
      vertex -26.866700364476216 1.2682613139883319 12
      vertex -26.92489887763034 0.9542502367454082 12
    endloop
  endfacet
  facet normal 0.9723699203976754 -0.23344536385591014 0
    outer loop
      vertex -26.866700364476216 1.2682613139883319 0
      vertex -26.792147540363317 1.5787961751253765 12
      vertex -26.866700364476216 1.2682613139883319 12
    endloop
  endfacet
  facet normal 0.9588197348681933 -0.284015344703922 0
    outer loop
      vertex -26.792147540363317 1.5787961751253765 0
      vertex -26.701444749400437 1.885003665687179 12
      vertex -26.792147540363317 1.5787961751253765 12
    endloop
  endfacet
  facet normal 0.942641491092179 -0.3338068592337695 0
    outer loop
      vertex -26.701444749400437 1.885003665687179 0
      vertex -26.59484060163293 2.1860444922263316 12
      vertex -26.701444749400437 1.885003665687179 12
    endloop
  endfacet
  facet normal 0.9238795325112855 -0.3826834323650928 0
    outer loop
      vertex -26.59484060163293 2.1860444922263316 0
      vertex -26.472627291619865 2.481093522762381 12
      vertex -26.59484060163293 2.1860444922263316 12
    endloop
  endfacet
  facet normal 0.9025852843498603 -0.43051109680829586 0
    outer loop
      vertex -26.472627291619865 2.481093522762381 0
      vertex -26.335139797549044 2.769342048411235 12
      vertex -26.472627291619865 2.481093522762381 12
    endloop
  endfacet
  facet normal 0.8788171126619638 -0.47715876025961135 0
    outer loop
      vertex -26.335139797549044 2.769342048411235 0
      vertex -26.182754963085074 3.05 12
      vertex -26.335139797549044 2.769342048411235 12
    endloop
  endfacet
  facet normal 0.8526401643540962 -0.5224985647159426 0
    outer loop
      vertex -26.182754963085074 3.05 0
      vertex -26.015890464467088 3.322298113591665 12
      vertex -26.182754963085074 3.05 12
    endloop
  endfacet
  facet normal 0.8241261886220133 -0.5664062369248365 0
    outer loop
      vertex -26.015890464467088 3.322298113591665 0
      vertex -25.83500366568718 3.585490038984086 12
      vertex -26.015890464467088 3.322298113591665 12
    endloop
  endfacet
  facet normal 0.7933533402912358 -0.6087614290087199 0
    outer loop
      vertex -25.83500366568718 3.585490038984086 0
      vertex -25.640590364887522 3.838854385404008 12
      vertex -25.83500366568718 3.585490038984086 12
    endloop
  endfacet
  facet normal 0.7604059656000302 -0.6494480483301845 0
    outer loop
      vertex -25.640590364887522 3.838854385404008 0
      vertex -25.433183435412104 4.081696698789035 12
      vertex -25.640590364887522 3.838854385404008 12
    endloop
  endfacet
  facet normal 0.725374371012291 -0.6883545756937505 0
    outer loop
      vertex -25.433183435412104 4.081696698789035 0
      vertex -25.21335136523794 4.31335136523794 12
      vertex -25.433183435412104 4.081696698789035 12
    endloop
  endfacet
  facet normal 0.6883545756937547 -0.725374371012287 0
    outer loop
      vertex -25.21335136523794 4.31335136523794 0
      vertex -24.981696698789037 4.533183435412105 12
      vertex -25.21335136523794 4.31335136523794 12
    endloop
  endfacet
  facet normal 0.6494480483301788 -0.7604059656000351 0
    outer loop
      vertex -24.981696698789037 4.533183435412105 0
      vertex -24.738854385404007 4.740590364887522 12
      vertex -24.981696698789037 4.533183435412105 12
    endloop
  endfacet
  facet normal 0.6087614290087222 -0.7933533402912338 0
    outer loop
      vertex -24.738854385404007 4.740590364887522 0
      vertex -24.485490038984086 4.935003665687179 12
      vertex -24.738854385404007 4.740590364887522 12
    endloop
  endfacet
  facet normal 0.5664062369248346 -0.8241261886220144 0
    outer loop
      vertex -24.485490038984086 4.935003665687179 0
      vertex -24.222298113591666 5.115890464467086 12
      vertex -24.485490038984086 4.935003665687179 12
    endloop
  endfacet
  facet normal 0.5224985647159511 -0.8526401643540908 0
    outer loop
      vertex -24.222298113591666 5.115890464467086 0
      vertex -24.17154163839593 5.146994072470239 12
      vertex -24.222298113591666 5.115890464467086 12
    endloop
  endfacet
  facet normal 0.522498564715945 -0.8526401643540945 3.61636943376966e-18
    outer loop
      vertex -24 5.252114923678079 0
      vertex -23.95 5.282754963085075 12
      vertex -24.17154163839593 5.146994072470239 12
    endloop
  endfacet
  facet normal 0.4771587602596092 -0.8788171126619649 0
    outer loop
      vertex -23.95 5.282754963085075 0
      vertex -23.669342048411234 5.435139797549044 12
      vertex -23.95 5.282754963085075 12
    endloop
  endfacet
  facet normal 0.43051109680829414 -0.9025852843498611 0
    outer loop
      vertex -23.669342048411234 5.435139797549044 0
      vertex -23.38109352276238 5.572627291619865 12
      vertex -23.669342048411234 5.435139797549044 12
    endloop
  endfacet
  facet normal 0.3826834323650909 -0.9238795325112863 0
    outer loop
      vertex -23.38109352276238 5.572627291619865 0
      vertex -23.086044492226332 5.69484060163293 12
      vertex -23.38109352276238 5.572627291619865 12
    endloop
  endfacet
  facet normal 0.33380685923376824 -0.9426414910921794 0
    outer loop
      vertex -23.086044492226332 5.69484060163293 0
      vertex -22.785003665687178 5.801444749400436 12
      vertex -23.086044492226332 5.69484060163293 12
    endloop
  endfacet
  facet normal 0.2840153447039238 -0.9588197348681927 0
    outer loop
      vertex -22.785003665687178 5.801444749400436 0
      vertex -22.478796175125375 5.892147540363316 12
      vertex -22.785003665687178 5.801444749400436 12
    endloop
  endfacet
  facet normal 0.233445363855906 -0.9723699203976764 0
    outer loop
      vertex -22.478796175125375 5.892147540363316 0
      vertex -22.16826131398833 5.966700364476214 12
      vertex -22.478796175125375 5.892147540363316 12
    endloop
  endfacet
  facet normal 0.18223552549214894 -0.9832549075639543 0
    outer loop
      vertex -22.16826131398833 5.966700364476214 0
      vertex -21.854250236745408 6.02489887763034 12
      vertex -22.16826131398833 5.966700364476214 12
    endloop
  endfacet
  facet normal 0.13052619222005055 -0.9914448613738105 0
    outer loop
      vertex -21.854250236745408 6.02489887763034 0
      vertex -21.53762362593269 6.066583561746467 12
      vertex -21.854250236745408 6.02489887763034 12
    endloop
  endfacet
  facet normal 0.07845909572784422 -0.996917333733128 0
    outer loop
      vertex -21.53762362593269 6.066583561746467 0
      vertex -21.219249333081958 6.0916401620029 12
      vertex -21.53762362593269 6.066583561746467 12
    endloop
  endfacet
  facet normal -0.3826834323650909 -0.9238795325112863 0
    outer loop
      vertex -18.71395550777367 5.69484060163293 0
      vertex -18.41890647723762 5.572627291619865 12
      vertex -18.71395550777367 5.69484060163293 12
    endloop
  endfacet
  facet normal -0.5224985647159462 -0.8526401643540938 0
    outer loop
      vertex -17.85 5.282754963085075 0
      vertex -17.577701886408335 5.115890464467086 12
      vertex -17.85 5.282754963085075 12
    endloop
  endfacet
  facet normal -0.4771587602596092 -0.8788171126619649 0
    outer loop
      vertex -18.130657951588766 5.435139797549044 0
      vertex -17.85 5.282754963085075 12
      vertex -18.130657951588766 5.435139797549044 12
    endloop
  endfacet
  facet normal -0.43051109680829414 -0.9025852843498611 0
    outer loop
      vertex -18.41890647723762 5.572627291619865 0
      vertex -18.130657951588766 5.435139797549044 12
      vertex -18.41890647723762 5.572627291619865 12
    endloop
  endfacet
  facet normal 0.02617694830787407 -0.9996573249755573 0
    outer loop
      vertex -21.219249333081958 6.0916401620029 0
      vertex -20.9 6.1 12
      vertex -21.219249333081958 6.0916401620029 12
    endloop
  endfacet
  facet normal -0.02617694830787436 -0.9996573249755573 0
    outer loop
      vertex -20.9 6.1 0
      vertex -20.580750666918043 6.0916401620029 12
      vertex -20.9 6.1 12
    endloop
  endfacet
  facet normal -0.0784590957278451 -0.996917333733128 0
    outer loop
      vertex -20.580750666918043 6.0916401620029 0
      vertex -20.262376374067316 6.066583561746467 12
      vertex -20.580750666918043 6.0916401620029 12
    endloop
  endfacet
  facet normal -0.13052619222004913 -0.9914448613738107 0
    outer loop
      vertex -20.262376374067316 6.066583561746467 0
      vertex -19.945749763254593 6.02489887763034 12
      vertex -20.262376374067316 6.066583561746467 12
    endloop
  endfacet
  facet normal -0.18223552549214894 -0.9832549075639543 0
    outer loop
      vertex -19.945749763254593 6.02489887763034 0
      vertex -19.63173868601167 5.966700364476214 12
      vertex -19.945749763254593 6.02489887763034 12
    endloop
  endfacet
  facet normal -0.23344536385590348 -0.9723699203976771 0
    outer loop
      vertex -19.63173868601167 5.966700364476214 0
      vertex -19.321203824874623 5.892147540363316 12
      vertex -19.63173868601167 5.966700364476214 12
    endloop
  endfacet
  facet normal -0.2840153447039238 -0.9588197348681927 0
    outer loop
      vertex -19.321203824874623 5.892147540363316 0
      vertex -19.01499633431282 5.801444749400436 12
      vertex -19.321203824874623 5.892147540363316 12
    endloop
  endfacet
  facet normal -0.3338068592337717 -0.9426414910921781 0
    outer loop
      vertex -19.01499633431282 5.801444749400436 0
      vertex -18.71395550777367 5.69484060163293 12
      vertex -19.01499633431282 5.801444749400436 12
    endloop
  endfacet
  facet normal -0.5664062369248346 0.8241261886220144 0
    outer loop
      vertex -17.314509961015915 -4.935003665687179 0
      vertex -17.577701886408335 -5.115890464467086 12
      vertex -17.314509961015915 -4.935003665687179 12
    endloop
  endfacet
  facet normal -0.6087614290087222 0.7933533402912338 0
    outer loop
      vertex -17.061145614595993 -4.740590364887522 0
      vertex -17.314509961015915 -4.935003665687179 12
      vertex -17.061145614595993 -4.740590364887522 12
    endloop
  endfacet
  facet normal -0.6494480483301843 0.7604059656000304 0
    outer loop
      vertex -16.818303301210968 -4.533183435412105 0
      vertex -17.061145614595993 -4.740590364887522 12
      vertex -16.818303301210968 -4.533183435412105 12
    endloop
  endfacet
  facet normal -0.6883545756937491 0.7253743710122922 0
    outer loop
      vertex -16.58664863476206 -4.31335136523794 0
      vertex -16.818303301210968 -4.533183435412105 12
      vertex -16.58664863476206 -4.31335136523794 12
    endloop
  endfacet
  facet normal -0.725374371012291 0.6883545756937505 0
    outer loop
      vertex -16.366816564587896 -4.081696698789035 0
      vertex -16.58664863476206 -4.31335136523794 12
      vertex -16.366816564587896 -4.081696698789035 12
    endloop
  endfacet
  facet normal -0.7604059656000302 0.6494480483301845 0
    outer loop
      vertex -16.15940963511248 -3.838854385404008 0
      vertex -16.366816564587896 -4.081696698789035 12
      vertex -16.15940963511248 -3.838854385404008 12
    endloop
  endfacet
  facet normal -0.7933533402912358 0.6087614290087199 0
    outer loop
      vertex -15.964996334312822 -3.585490038984086 0
      vertex -16.15940963511248 -3.838854385404008 12
      vertex -15.964996334312822 -3.585490038984086 12
    endloop
  endfacet
  facet normal -0.8241261886220133 0.5664062369248365 0
    outer loop
      vertex -15.784109535532913 -3.322298113591665 0
      vertex -15.964996334312822 -3.585490038984086 12
      vertex -15.784109535532913 -3.322298113591665 12
    endloop
  endfacet
  facet normal -0.8526401643540911 0.5224985647159507 0
    outer loop
      vertex -15.617245036914923 -3.05 0
      vertex -15.784109535532913 -3.322298113591665 12
      vertex -15.617245036914923 -3.05 12
    endloop
  endfacet
  facet normal -0.8788171126619693 0.4771587602596012 0
    outer loop
      vertex -15.490264122918148 -2.816130249518817 0
      vertex -15.617245036914923 -3.05 12
      vertex -15.490264122918148 -2.816130249518817 12
    endloop
  endfacet
  facet normal -0.8526401643540911 -0.5224985647159507 0
    outer loop
      vertex -15.784109535532913 3.322298113591665 0
      vertex -15.617245036914923 3.05 12
      vertex -15.784109535532913 3.322298113591665 12
    endloop
  endfacet
  facet normal -0.8241261886220133 -0.5664062369248365 0
    outer loop
      vertex -15.964996334312822 3.585490038984086 0
      vertex -15.784109535532913 3.322298113591665 12
      vertex -15.964996334312822 3.585490038984086 12
    endloop
  endfacet
  facet normal -0.7933533402912358 -0.6087614290087199 0
    outer loop
      vertex -16.15940963511248 3.838854385404008 0
      vertex -15.964996334312822 3.585490038984086 12
      vertex -16.15940963511248 3.838854385404008 12
    endloop
  endfacet
  facet normal -0.8788171126619693 -0.4771587602596012 0
    outer loop
      vertex -15.617245036914923 3.05 0
      vertex -15.490264122918148 2.816130249518817 12
      vertex -15.617245036914923 3.05 12
    endloop
  endfacet
  facet normal -0.6883545756937491 -0.7253743710122922 0
    outer loop
      vertex -16.818303301210968 4.533183435412105 0
      vertex -16.58664863476206 4.31335136523794 12
      vertex -16.818303301210968 4.533183435412105 12
    endloop
  endfacet
  facet normal -0.6494480483301843 -0.7604059656000304 0
    outer loop
      vertex -17.061145614595993 4.740590364887522 0
      vertex -16.818303301210968 4.533183435412105 12
      vertex -17.061145614595993 4.740590364887522 12
    endloop
  endfacet
  facet normal -0.7604059656000302 -0.6494480483301845 0
    outer loop
      vertex -16.366816564587896 4.081696698789035 0
      vertex -16.15940963511248 3.838854385404008 12
      vertex -16.366816564587896 4.081696698789035 12
    endloop
  endfacet
  facet normal -0.725374371012291 -0.6883545756937505 0
    outer loop
      vertex -16.58664863476206 4.31335136523794 0
      vertex -16.366816564587896 4.081696698789035 12
      vertex -16.58664863476206 4.31335136523794 12
    endloop
  endfacet
  facet normal -0.6087614290087222 -0.7933533402912338 0
    outer loop
      vertex -17.314509961015915 4.935003665687179 0
      vertex -17.061145614595993 4.740590364887522 12
      vertex -17.314509961015915 4.935003665687179 12
    endloop
  endfacet
  facet normal -0.5664062369248346 -0.8241261886220144 0
    outer loop
      vertex -17.577701886408335 5.115890464467086 0
      vertex -17.314509961015915 4.935003665687179 12
      vertex -17.577701886408335 5.115890464467086 12
    endloop
  endfacet
  facet normal 0.4617486131992154 0.8870108331968676 0
    outer loop
      vertex -13.71658022879295 -3.739451642803675 0
      vertex -15.490264122918148 -2.816130249518817 0
      vertex -13.71658022879295 -3.739451642803675 12
    endloop
  endfacet
  facet normal 0.4617486131992154 -0.8870108331968676 0
    outer loop
      vertex -15.490264122918148 2.816130249518817 0
      vertex -13.71658022879295 3.739451642803675 0
      vertex -15.490264122918148 2.816130249518817 12
    endloop
  endfacet
  facet normal 0.4617486131992154 0.8870108331968676 0
    outer loop
      vertex -15.490264122918148 -2.816130249518817 0
      vertex -15.490264122918148 -2.816130249518817 12
      vertex -13.71658022879295 -3.739451642803675 12
    endloop
  endfacet
  facet normal 0.4617486131992154 -0.8870108331968676 0
    outer loop
      vertex -13.71658022879295 3.739451642803675 0
      vertex -13.71658022879295 3.739451642803675 12
      vertex -15.490264122918148 2.816130249518817 12
    endloop
  endfacet
  facet normal 0 0 -1
    outer loop
      vertex 12 -11.995208977877653 0
      vertex 12 -11.926173277160506 0
      vertex 12.341216655911097 -12.136545544463623 0
    endloop
  endfacet
  facet normal 0 0 -1
    outer loop
      vertex 12.341216655911097 -12.136545544463623 0
      vertex 12 -11.926173277160506 0
      vertex 12.982779073125684 -12.363734711836996 0
    endloop
  endfacet
  facet normal 0 0 -1
    outer loop
      vertex 13.635352413667231 -12.557035741757888 0
      vertex 12.982779073125684 -12.363734711836996 0
      vertex 14.297148019369128 -12.715918809539474 0
    endloop
  endfacet
  facet normal 0 0 -1
    outer loop
      vertex 14.297148019369128 -12.715918809539474 0
      vertex 12.982779073125684 -12.363734711836996 0
      vertex 14.966351954476998 -12.839948427736791 0
    endloop
  endfacet
  facet normal 0 0 -1
    outer loop
      vertex 14.966351954476998 -12.839948427736791 0
      vertex 12.982779073125684 -12.363734711836996 0
      vertex 15.954715367323466 -9.945218953682733 0
    endloop
  endfacet
  facet normal 0 0 -1
    outer loop
      vertex 12 -11.926173277160506 0
      vertex 13.909830056250525 -9.510565162951535 0
      vertex 12.982779073125684 -12.363734711836996 0
    endloop
  endfacet
  facet normal 0 0 -1
    outer loop
      vertex 16.31963256884173 -12.98218395180946 0
      vertex 15.641129977520505 -12.928784639787553 0
      vertex 17 -13 0
    endloop
  endfacet
  facet normal 0 0 -1
    outer loop
      vertex 17 -13 0
      vertex 15.641129977520505 -12.928784639787553 0
      vertex 17.68036743115827 -12.98218395180946 0
    endloop
  endfacet
  facet normal 0 0 -1
    outer loop
      vertex 14.966351954476998 -12.839948427736791 0
      vertex 15.954715367323466 -9.945218953682733 0
      vertex 15.641129977520505 -12.928784639787553 0
    endloop
  endfacet
  facet normal 0 0 -1
    outer loop
      vertex 17.68036743115827 -12.98218395180946 0
      vertex 15.641129977520505 -12.928784639787553 0
      vertex 17.686783813144253 -12.928784639787553 0
    endloop
  endfacet
  facet normal 0 0 -1
    outer loop
      vertex 17.68036743115827 -12.98218395180946 0
      vertex 17.686783813144253 -12.928784639787553 0
      vertex 18.358870022479493 -12.928784639787553 0
    endloop
  endfacet
  facet normal 0 0 -1
    outer loop
      vertex 18.045284632676534 -9.945218953682733 0
      vertex 17.686783813144253 -12.928784639787553 0
      vertex 15.641129977520505 -12.928784639787553 0
    endloop
  endfacet
  facet normal 0 0 -1
    outer loop
      vertex 19.033648045523 -12.839948427736791 0
      vertex 18.358870022479493 -12.928784639787553 0
      vertex 19.70285198063087 -12.715918809539474 0
    endloop
  endfacet
  facet normal 0 0 -1
    outer loop
      vertex 19.70285198063087 -12.715918809539474 0
      vertex 18.358870022479493 -12.928784639787553 0
      vertex 19.71188142917138 -12.641193187280805 0
    endloop
  endfacet
  facet normal 0 0 -1
    outer loop
      vertex 19.70285198063087 -12.715918809539474 0
      vertex 19.71188142917138 -12.641193187280805 0
      vertex 20.36464758633277 -12.557035741757888 0
    endloop
  endfacet
  facet normal 0 0 -1
    outer loop
      vertex 20.36464758633277 -12.557035741757888 0
      vertex 19.71188142917138 -12.641193187280805 0
      vertex 20.359821413726767 -12.503469291995184 0
    endloop
  endfacet
  facet normal 0 0 -1
    outer loop
      vertex 20.090169943749473 -9.510565162951535 0
      vertex 19.71188142917138 -12.641193187280805 0
      vertex 18.358870022479493 -12.928784639787553 0
    endloop
  endfacet
  facet normal 0 0 -1
    outer loop
      vertex 20.36464758633277 -12.557035741757888 0
      vertex 20.359821413726767 -12.503469291995184 0
      vertex 21.017220926874316 -12.363734711836996 0
    endloop
  endfacet
  facet normal 0 0 -1
    outer loop
      vertex 21.658783344088903 -12.136545544463623 0
      vertex 21.017220926874316 -12.363734711836996 0
      vertex 21.66478299659965 -12.075421502877509 0
    endloop
  endfacet
  facet normal 0 0 -1
    outer loop
      vertex 21.658783344088903 -12.136545544463623 0
      vertex 21.66478299659965 -12.075421502877509 0
      vertex 22.2875763599854 -11.876090949353811 0
    endloop
  endfacet
  facet normal 0 0 -1
    outer loop
      vertex 22.2875763599854 -11.876090949353811 0
      vertex 21.66478299659965 -12.075421502877509 0
      vertex 22.28087216294004 -11.801120933314946 0
    endloop
  endfacet
  facet normal 0 0 -1
    outer loop
      vertex 20.359821413726767 -12.503469291995184 0
      vertex 20.090169943749473 -9.510565162951535 0
      vertex 21.017220926874316 -12.363734711836996 0
    endloop
  endfacet
  facet normal 0 0 -1
    outer loop
      vertex 22 -8.660254037844386 0
      vertex 21.66478299659965 -12.075421502877509 0
      vertex 21.017220926874316 -12.363734711836996 0
    endloop
  endfacet
  facet normal 0 0 -1
    outer loop
      vertex 22.2875763599854 -11.876090949353811 0
      vertex 22.28087216294004 -11.801120933314946 0
      vertex 22.901876496614108 -11.583084814448783 0
    endloop
  endfacet
  facet normal 0 0 -1
    outer loop
      vertex 22.28087216294004 -11.801120933314946 0
      vertex 22 -8.660254037844386 0
      vertex 22.901876496614108 -11.583084814448783 0
    endloop
  endfacet
  facet normal 0 0 -1
    outer loop
      vertex 22.901876496614108 -11.583084814448783 0
      vertex 22 -8.660254037844386 0
      vertex 23.5 -11.258330249197702 0
    endloop
  endfacet
  facet normal 0 0 -1
    outer loop
      vertex 24.080307455195353 -10.902717383290513 0
      vertex 23.5 -11.258330249197702 0
      vertex 24.64120827980215 -10.517220926874316 0
    endloop
  endfacet
  facet normal 0 0 -1
    outer loop
      vertex 24.64120827980215 -10.517220926874316 0
      vertex 23.5 -11.258330249197702 0
      vertex 25.181165083647887 -10.10289749894062 0
    endloop
  endfacet
  facet normal 0 0 -1
    outer loop
      vertex 25.181165083647887 -10.10289749894062 0
      vertex 23.5 -11.258330249197702 0
      vertex 25.090169943749473 -5.877852522924732 0
    endloop
  endfacet
  facet normal 0 0 -1
    outer loop
      vertex 25.181165083647887 -10.10289749894062 0
      vertex 25.090169943749473 -5.877852522924732 0
      vertex 25.698697882665158 -9.660882731206126 0
    endloop
  endfacet
  facet normal 0 0 -1
    outer loop
      vertex 25.698697882665158 -9.660882731206126 0
      vertex 25.090169943749473 -5.877852522924732 0
      vertex 25.668395232143332 -5.987028017001184 0
    endloop
  endfacet
  facet normal -0.3826834323650895 -0.9238795325112868 0
    outer loop
      vertex 12 -11.995208977877653 0
      vertex 12.341216655911097 -12.136545544463623 0
      vertex 12.341216655911097 -12.136545544463623 16
    endloop
  endfacet
  facet normal -0.3338068592337701 -0.9426414910921787 0
    outer loop
      vertex 12.341216655911097 -12.136545544463623 0
      vertex 12.982779073125684 -12.363734711836996 0
      vertex 12.982779073125684 -12.363734711836996 16
    endloop
  endfacet
  facet normal -0.2840153447039238 -0.9588197348681927 0
    outer loop
      vertex 13.635352413667231 -12.557035741757888 0
      vertex 13.635352413667231 -12.557035741757888 16
      vertex 12.982779073125684 -12.363734711836996 0
    endloop
  endfacet
  facet normal -0.23344536385590647 -0.9723699203976764 0
    outer loop
      vertex 13.635352413667231 -12.557035741757888 0
      vertex 14.297148019369128 -12.715918809539474 0
      vertex 14.297148019369128 -12.715918809539474 16
    endloop
  endfacet
  facet normal -0.18223552549214803 -0.9832549075639545 0
    outer loop
      vertex 14.297148019369128 -12.715918809539474 0
      vertex 14.966351954476998 -12.839948427736791 0
      vertex 14.966351954476998 -12.839948427736791 16
    endloop
  endfacet
  facet normal -0.1305261922200495 -0.9914448613738107 0
    outer loop
      vertex 14.966351954476998 -12.839948427736791 0
      vertex 15.641129977520505 -12.928784639787553 0
      vertex 15.641129977520505 -12.928784639787553 16
    endloop
  endfacet
  facet normal -0.07845909572784593 -0.9969173337331279 0
    outer loop
      vertex 16.31963256884173 -12.98218395180946 0
      vertex 16.31963256884173 -12.98218395180946 16
      vertex 15.641129977520505 -12.928784639787553 0
    endloop
  endfacet
  facet normal -0.026176948307872764 -0.9996573249755573 0
    outer loop
      vertex 16.31963256884173 -12.98218395180946 0
      vertex 17 -13 0
      vertex 17 -13 16
    endloop
  endfacet
  facet normal 0.026176948307872764 -0.9996573249755573 0
    outer loop
      vertex 17 -13 0
      vertex 17.68036743115827 -12.98218395180946 0
      vertex 17.68036743115827 -12.98218395180946 16
    endloop
  endfacet
  facet normal 0.07845909572784614 -0.9969173337331279 0
    outer loop
      vertex 17.68036743115827 -12.98218395180946 0
      vertex 18.358870022479493 -12.928784639787553 0
      vertex 18.358870022479493 -12.928784639787553 16
    endloop
  endfacet
  facet normal 0.13052619222004916 -0.9914448613738108 0
    outer loop
      vertex 19.033648045523 -12.839948427736791 0
      vertex 19.033648045523 -12.839948427736791 16
      vertex 18.358870022479493 -12.928784639787553 0
    endloop
  endfacet
  facet normal 0.18223552549214803 -0.9832549075639545 0
    outer loop
      vertex 19.033648045523 -12.839948427736791 0
      vertex 19.70285198063087 -12.715918809539474 0
      vertex 19.70285198063087 -12.715918809539474 16
    endloop
  endfacet
  facet normal 0.23344536385590647 -0.9723699203976764 0
    outer loop
      vertex 19.70285198063087 -12.715918809539474 0
      vertex 20.36464758633277 -12.557035741757888 0
      vertex 20.36464758633277 -12.557035741757888 16
    endloop
  endfacet
  facet normal 0.2840153447039238 -0.9588197348681927 0
    outer loop
      vertex 20.36464758633277 -12.557035741757888 0
      vertex 21.017220926874316 -12.363734711836996 0
      vertex 21.017220926874316 -12.363734711836996 16
    endloop
  endfacet
  facet normal 0.3338068592337701 -0.9426414910921787 0
    outer loop
      vertex 21.658783344088903 -12.136545544463623 0
      vertex 21.658783344088903 -12.136545544463623 16
      vertex 21.017220926874316 -12.363734711836996 0
    endloop
  endfacet
  facet normal 0.38268343236509056 -0.9238795325112864 0
    outer loop
      vertex 21.658783344088903 -12.136545544463623 0
      vertex 22.2875763599854 -11.876090949353811 0
      vertex 22.2875763599854 -11.876090949353811 16
    endloop
  endfacet
  facet normal 0.4305110968082924 -0.9025852843498618 0
    outer loop
      vertex 22.2875763599854 -11.876090949353811 0
      vertex 22.901876496614108 -11.583084814448783 0
      vertex 22.901876496614108 -11.583084814448783 16
    endloop
  endfacet
  facet normal 0.4771587602596105 -0.8788171126619643 0
    outer loop
      vertex 22.901876496614108 -11.583084814448783 0
      vertex 23.5 -11.258330249197702 0
      vertex 23.5 -11.258330249197702 16
    endloop
  endfacet
  facet normal 0.5224985647159466 -0.8526401643540935 0
    outer loop
      vertex 24.080307455195353 -10.902717383290513 0
      vertex 24.080307455195353 -10.902717383290513 16
      vertex 23.5 -11.258330249197702 0
    endloop
  endfacet
  facet normal 0.566406236924835 -0.8241261886220141 0
    outer loop
      vertex 24.080307455195353 -10.902717383290513 0
      vertex 24.64120827980215 -10.517220926874316 0
      vertex 24.64120827980215 -10.517220926874316 16
    endloop
  endfacet
  facet normal 0.6087614290087203 -0.7933533402912354 0
    outer loop
      vertex 24.64120827980215 -10.517220926874316 0
      vertex 25.181165083647887 -10.10289749894062 0
      vertex 25.181165083647887 -10.10289749894062 16
    endloop
  endfacet
  facet normal 0.6494480483301815 -0.7604059656000327 0
    outer loop
      vertex 25.181165083647887 -10.10289749894062 0
      vertex 25.698697882665158 -9.660882731206126 0
      vertex 25.698697882665158 -9.660882731206126 16
    endloop
  endfacet
  facet normal -0.3826834323650895 -0.9238795325112868 0
    outer loop
      vertex 12 -11.995208977877653 0
      vertex 12.341216655911097 -12.136545544463623 16
      vertex 12 -11.995208977877653 14.961671993429556
    endloop
  endfacet
  facet normal -0.3338068592337701 -0.9426414910921787 0
    outer loop
      vertex 12.341216655911097 -12.136545544463623 0
      vertex 12.982779073125684 -12.363734711836996 16
      vertex 12.341216655911097 -12.136545544463623 16
    endloop
  endfacet
  facet normal -0.2840153447039238 -0.9588197348681927 0
    outer loop
      vertex 13.635352413667231 -12.557035741757888 16
      vertex 12.982779073125684 -12.363734711836996 16
      vertex 12.982779073125684 -12.363734711836996 0
    endloop
  endfacet
  facet normal -0.23344536385590647 -0.9723699203976764 0
    outer loop
      vertex 13.635352413667231 -12.557035741757888 0
      vertex 14.297148019369128 -12.715918809539474 16
      vertex 13.635352413667231 -12.557035741757888 16
    endloop
  endfacet
  facet normal -0.18223552549214803 -0.9832549075639545 0
    outer loop
      vertex 14.297148019369128 -12.715918809539474 0
      vertex 14.966351954476998 -12.839948427736791 16
      vertex 14.297148019369128 -12.715918809539474 16
    endloop
  endfacet
  facet normal -0.1305261922200495 -0.9914448613738107 0
    outer loop
      vertex 14.966351954476998 -12.839948427736791 0
      vertex 15.641129977520505 -12.928784639787553 16
      vertex 14.966351954476998 -12.839948427736791 16
    endloop
  endfacet
  facet normal -0.07845909572784593 -0.9969173337331279 0
    outer loop
      vertex 16.31963256884173 -12.98218395180946 16
      vertex 15.641129977520505 -12.928784639787553 16
      vertex 15.641129977520505 -12.928784639787553 0
    endloop
  endfacet
  facet normal -0.026176948307872764 -0.9996573249755573 0
    outer loop
      vertex 16.31963256884173 -12.98218395180946 0
      vertex 17 -13 16
      vertex 16.31963256884173 -12.98218395180946 16
    endloop
  endfacet
  facet normal 0.026176948307872764 -0.9996573249755573 0
    outer loop
      vertex 17 -13 0
      vertex 17.68036743115827 -12.98218395180946 16
      vertex 17 -13 16
    endloop
  endfacet
  facet normal 0.07845909572784614 -0.9969173337331279 0
    outer loop
      vertex 17.68036743115827 -12.98218395180946 0
      vertex 18.358870022479493 -12.928784639787553 16
      vertex 17.68036743115827 -12.98218395180946 16
    endloop
  endfacet
  facet normal 0.13052619222004916 -0.9914448613738108 0
    outer loop
      vertex 19.033648045523 -12.839948427736791 16
      vertex 18.358870022479493 -12.928784639787553 16
      vertex 18.358870022479493 -12.928784639787553 0
    endloop
  endfacet
  facet normal 0.18223552549214803 -0.9832549075639545 0
    outer loop
      vertex 19.033648045523 -12.839948427736791 0
      vertex 19.70285198063087 -12.715918809539474 16
      vertex 19.033648045523 -12.839948427736791 16
    endloop
  endfacet
  facet normal 0.23344536385590647 -0.9723699203976764 0
    outer loop
      vertex 19.70285198063087 -12.715918809539474 0
      vertex 20.36464758633277 -12.557035741757888 16
      vertex 19.70285198063087 -12.715918809539474 16
    endloop
  endfacet
  facet normal 0.2840153447039238 -0.9588197348681927 0
    outer loop
      vertex 20.36464758633277 -12.557035741757888 0
      vertex 21.017220926874316 -12.363734711836996 16
      vertex 20.36464758633277 -12.557035741757888 16
    endloop
  endfacet
  facet normal 0.3338068592337701 -0.9426414910921787 0
    outer loop
      vertex 21.658783344088903 -12.136545544463623 16
      vertex 21.017220926874316 -12.363734711836996 16
      vertex 21.017220926874316 -12.363734711836996 0
    endloop
  endfacet
  facet normal 0.38268343236509056 -0.9238795325112864 0
    outer loop
      vertex 21.658783344088903 -12.136545544463623 0
      vertex 22.2875763599854 -11.876090949353811 16
      vertex 21.658783344088903 -12.136545544463623 16
    endloop
  endfacet
  facet normal 0.4305110968082924 -0.9025852843498618 0
    outer loop
      vertex 22.2875763599854 -11.876090949353811 0
      vertex 22.901876496614108 -11.583084814448783 16
      vertex 22.2875763599854 -11.876090949353811 16
    endloop
  endfacet
  facet normal 0.4771587602596105 -0.8788171126619643 0
    outer loop
      vertex 22.901876496614108 -11.583084814448783 0
      vertex 23.5 -11.258330249197702 16
      vertex 22.901876496614108 -11.583084814448783 16
    endloop
  endfacet
  facet normal 0.5224985647159466 -0.8526401643540935 0
    outer loop
      vertex 24.080307455195353 -10.902717383290513 16
      vertex 23.5 -11.258330249197702 16
      vertex 23.5 -11.258330249197702 0
    endloop
  endfacet
  facet normal 0.566406236924835 -0.8241261886220141 0
    outer loop
      vertex 24.080307455195353 -10.902717383290513 0
      vertex 24.64120827980215 -10.517220926874316 16
      vertex 24.080307455195353 -10.902717383290513 16
    endloop
  endfacet
  facet normal 0.6087614290087203 -0.7933533402912354 0
    outer loop
      vertex 24.64120827980215 -10.517220926874316 0
      vertex 25.181165083647887 -10.10289749894062 16
      vertex 24.64120827980215 -10.517220926874316 16
    endloop
  endfacet
  facet normal 0.6494480483301815 -0.7604059656000327 0
    outer loop
      vertex 25.181165083647887 -10.10289749894062 0
      vertex 25.698697882665158 -9.660882731206126 16
      vertex 25.181165083647887 -10.10289749894062 16
    endloop
  endfacet
  facet normal 0.688354575693752 -0.7253743710122895 0
    outer loop
      vertex 26.19238815542512 -9.19238815542512 16
      vertex 25.698697882665158 -9.660882731206126 16
      vertex 25.698697882665158 -9.660882731206126 0
    endloop
  endfacet
  facet normal 0 0 -1
    outer loop
      vertex 25.647366865067806 5.021029954637781 0
      vertex 25.437317395634196 6.130069910207678 0
      vertex 25.708882347250643 5.107230015043449 0
    endloop
  endfacet
  facet normal 0 0 -1
    outer loop
      vertex 25.437317395634196 6.130069910207678 0
      vertex 25.670975301319814 6.299832315692945 0
      vertex 25.708882347250643 5.107230015043449 0
    endloop
  endfacet
  facet normal 0 0 -1
    outer loop
      vertex 26.19238815542512 9.19238815542512 0
      vertex 25.708882347250643 5.107230015043449 0
      vertex 25.670975301319814 6.299832315692945 0
    endloop
  endfacet
  facet normal -0.38268343236508945 -0.9238795325112867 0
    outer loop
      vertex 12 -11.995208977877653 16
      vertex 12 -11.995208977877653 14.961671993429556
      vertex 12.341216655911097 -12.136545544463623 16
    endloop
  endfacet
  facet normal 0 0 1
    outer loop
      vertex 12 -11.995208977877653 16
      vertex 12.341216655911097 -12.136545544463623 16
      vertex 12.335217003400349 -12.07542150287751 16
    endloop
  endfacet
  facet normal 0 0 1
    outer loop
      vertex 12 -11.995208977877653 16
      vertex 12 -11.926173277160506 16
      vertex 11.999121203818895 -11.924848658214339 16
    endloop
  endfacet
  facet normal 0 0 1
    outer loop
      vertex 12 -11.995208977877653 16
      vertex 12.335217003400349 -12.07542150287751 16
      vertex 12 -11.926173277160506 16
    endloop
  endfacet
  facet normal 0 0 1
    outer loop
      vertex 13.635352413667231 -12.557035741757888 16
      vertex 13.63158590118796 -12.501642860397945 16
      vertex 12.982779073125684 -12.363734711836996 16
    endloop
  endfacet
  facet normal 0 0 1
    outer loop
      vertex 13.635352413667231 -12.557035741757888 16
      vertex 13.640178586273231 -12.503469291995184 16
      vertex 13.63158590118796 -12.501642860397945 16
    endloop
  endfacet
  facet normal 0 0 1
    outer loop
      vertex 13.635352413667231 -12.557035741757888 16
      vertex 14.288118570828619 -12.641193187280805 16
      vertex 13.640178586273231 -12.503469291995184 16
    endloop
  endfacet
  facet normal 0 0 1
    outer loop
      vertex 13.635352413667231 -12.557035741757888 16
      vertex 14.297148019369128 -12.715918809539474 16
      vertex 14.288118570828619 -12.641193187280805 16
    endloop
  endfacet
  facet normal 0 0 1
    outer loop
      vertex 14.297148019369128 -12.715918809539474 16
      vertex 14.966351954476998 -12.839948427736791 16
      vertex 15.641129977520505 -12.928784639787553 16
    endloop
  endfacet
  facet normal 0 0 1
    outer loop
      vertex 13.640178586273231 -12.503469291995184 16
      vertex 13.511551769381882 -10.736339689661525 16
      vertex 13.63158590118796 -12.501642860397945 16
    endloop
  endfacet
  facet normal 0 0 1
    outer loop
      vertex 14.297148019369128 -12.715918809539474 16
      vertex 15.641129977520505 -12.928784639787553 16
      vertex 14.382388486787047 -10.44356840020583 16
    endloop
  endfacet
  facet normal 0 0 1
    outer loop
      vertex 14.297148019369128 -12.715918809539474 16
      vertex 14.382388486787047 -10.44356840020583 16
      vertex 14.288118570828619 -12.641193187280805 16
    endloop
  endfacet
  facet normal 0 0 1
    outer loop
      vertex 12 -8.660254037844386 16
      vertex 11.999121203818895 -11.924848658214339 16
      vertex 12 -11.926173277160506 16
    endloop
  endfacet
  facet normal 0 0 1
    outer loop
      vertex 12 -8.660254037844386 16
      vertex 11.998977076917322 -11.913309219280974 16
      vertex 11.999121203818895 -11.924848658214339 16
    endloop
  endfacet
  facet normal 0 0 1
    outer loop
      vertex 12.341216655911097 -12.136545544463623 16
      vertex 12.412083734293939 -10.213140325065048 16
      vertex 12.335217003400349 -12.07542150287751 16
    endloop
  endfacet
  facet normal 0 0 1
    outer loop
      vertex 12.341216655911097 -12.136545544463623 16
      vertex 12.982779073125684 -12.363734711836996 16
      vertex 12.412083734293939 -10.213140325065048 16
    endloop
  endfacet
  facet normal 0 0 1
    outer loop
      vertex 16.31963256884173 -12.98218395180946 16
      vertex 16.313216186855747 -12.928784639787553 16
      vertex 15.641129977520505 -12.928784639787553 16
    endloop
  endfacet
  facet normal 0 0 1
    outer loop
      vertex 16.31963256884173 -12.98218395180946 16
      vertex 16.446789510717473 -10.555884963084903 16
      vertex 16.313216186855747 -12.928784639787553 16
    endloop
  endfacet
  facet normal 0 0 1
    outer loop
      vertex 16.31963256884173 -12.98218395180946 16
      vertex 17.630175888264063 -12.024472261277145 16
      vertex 16.446789510717473 -10.555884963084903 16
    endloop
  endfacet
  facet normal 0 0 1
    outer loop
      vertex 17.68036743115827 -12.98218395180946 16
      vertex 17.67756889179996 -12.928784639787553 16
      vertex 17 -13 16
    endloop
  endfacet
  facet normal 0 0 1
    outer loop
      vertex 16.31963256884173 -12.98218395180946 16
      vertex 17 -13 16
      vertex 17.630175888264063 -12.024472261277145 16
    endloop
  endfacet
  facet normal 0 0 1
    outer loop
      vertex 17 -13 16
      vertex 17.67756889179996 -12.928784639787553 16
      vertex 17.630175888264063 -12.024472261277145 16
    endloop
  endfacet
  facet normal 0 0 1
    outer loop
      vertex 17.68036743115827 -12.98218395180946 16
      vertex 18.358870022479493 -12.928784639787553 16
      vertex 17.67756889179996 -12.928784639787553 16
    endloop
  endfacet
  facet normal 0 0 1
    outer loop
      vertex 19.033648045523 -12.839948427736791 16
      vertex 18.045284632676534 -9.945218953682733 16
      vertex 18.358870022479493 -12.928784639787553 16
    endloop
  endfacet
  facet normal 0 0 1
    outer loop
      vertex 19.033648045523 -12.839948427736791 16
      vertex 19.70285198063087 -12.715918809539474 16
      vertex 20.29422183536488 -11.775369241365569 16
    endloop
  endfacet
  facet normal 0 0 1
    outer loop
      vertex 20.36464758633277 -12.557035741757888 16
      vertex 20.359821413726767 -12.503469291995184 16
      vertex 19.70285198063087 -12.715918809539474 16
    endloop
  endfacet
  facet normal 0 0 1
    outer loop
      vertex 19.70285198063087 -12.715918809539474 16
      vertex 20.359821413726767 -12.503469291995184 16
      vertex 20.29422183536488 -11.775369241365569 16
    endloop
  endfacet
  facet normal 0 0 1
    outer loop
      vertex 20.36464758633277 -12.557035741757888 16
      vertex 21.017220926874316 -12.363734711836996 16
      vertex 20.359821413726767 -12.503469291995184 16
    endloop
  endfacet
  facet normal 0 0 1
    outer loop
      vertex 19.033648045523 -12.839948427736791 16
      vertex 20.29422183536488 -11.775369241365569 16
      vertex 18.045284632676534 -9.945218953682733 16
    endloop
  endfacet
  facet normal 0 0 1
    outer loop
      vertex 21.658783344088903 -12.136545544463623 16
      vertex 20.788082284975175 -9.868291736749141 16
      vertex 21.017220926874316 -12.363734711836996 16
    endloop
  endfacet
  facet normal 0 0 1
    outer loop
      vertex 21.658783344088903 -12.136545544463623 16
      vertex 22.897518881215632 -10.94951853507617 16
      vertex 20.788082284975175 -9.868291736749141 16
    endloop
  endfacet
  facet normal 0 0 1
    outer loop
      vertex 20.090169943749473 -9.510565162951535 16
      vertex 21.017220926874316 -12.363734711836996 16
      vertex 20.64977083054813 -9.797397901253618 16
    endloop
  endfacet
  facet normal 0 0 1
    outer loop
      vertex 21.658783344088903 -12.136545544463623 16
      vertex 22.2875763599854 -11.876090949353811 16
      vertex 22.897518881215632 -10.94951853507617 16
    endloop
  endfacet
  facet normal 0 0 1
    outer loop
      vertex 22.901876496614108 -11.583084814448783 16
      vertex 22.901475690389578 -11.524810440690748 16
      vertex 22.2875763599854 -11.876090949353811 16
    endloop
  endfacet
  facet normal 0 0 1
    outer loop
      vertex 22.2875763599854 -11.876090949353811 16
      vertex 22.901475690389578 -11.524810440690748 16
      vertex 22.897518881215632 -10.94951853507617 16
    endloop
  endfacet
  facet normal 0 0 1
    outer loop
      vertex 22.901876496614108 -11.583084814448783 16
      vertex 23.5 -11.258330249197702 16
      vertex 22.901475690389578 -11.524810440690748 16
    endloop
  endfacet
  facet normal 0 0 1
    outer loop
      vertex 24.080307455195353 -10.902717383290513 16
      vertex 23.627282352749173 -9.10049151222516 16
      vertex 23.5 -11.258330249197702 16
    endloop
  endfacet
  facet normal 0 0 1
    outer loop
      vertex 24.080307455195353 -10.902717383290513 16
      vertex 24.64120827980215 -10.517220926874316 16
      vertex 25.168556483726498 -9.51746071833961 16
    endloop
  endfacet
  facet normal 0 0 1
    outer loop
      vertex 25.181165083647887 -10.10289749894062 16
      vertex 25.179765425977088 -10.037909230152307 16
      vertex 24.64120827980215 -10.517220926874316 16
    endloop
  endfacet
  facet normal 0 0 1
    outer loop
      vertex 24.64120827980215 -10.517220926874316 16
      vertex 25.179765425977088 -10.037909230152307 16
      vertex 25.168556483726498 -9.51746071833961 16
    endloop
  endfacet
  facet normal 0 0 1
    outer loop
      vertex 25.181165083647887 -10.10289749894062 16
      vertex 25.698697882665158 -9.660882731206126 16
      vertex 25.179765425977088 -10.037909230152307 16
    endloop
  endfacet
  facet normal 0 0 1
    outer loop
      vertex 22 -8.660254037844386 16
      vertex 22.644427805134548 -9.776435738147518 16
      vertex 22.50483323767318 -8.796829297301505 16
    endloop
  endfacet
  facet normal 0 0 1
    outer loop
      vertex 24.080307455195353 -10.902717383290513 16
      vertex 25.168556483726498 -9.51746071833961 16
      vertex 23.627282352749173 -9.10049151222516 16
    endloop
  endfacet
  facet normal 0 0 1
    outer loop
      vertex 25.698697882665158 -9.660882731206126 16
      vertex 25.437317395634196 -6.130069910207678 16
      vertex 25.090169943749473 -5.877852522924732 16
    endloop
  endfacet
  facet normal 0 0 -1
    outer loop
      vertex 12.341216655911097 12.136545544463623 0
      vertex 12 8.660254037844386 0
      vertex 12 11.926173277160506 0
    endloop
  endfacet
  facet normal 0 0 -1
    outer loop
      vertex 12.341216655911097 12.136545544463623 0
      vertex 12.982779073125684 12.363734711836996 0
      vertex 12 8.660254037844386 0
    endloop
  endfacet
  facet normal 0 0 -1
    outer loop
      vertex 12.341216655911097 12.136545544463623 0
      vertex 12 11.926173277160506 0
      vertex 12 11.995208977877653 0
    endloop
  endfacet
  facet normal -0.38268343236508956 0.923879532511287 0
    outer loop
      vertex 12.341216655911097 12.136545544463623 0
      vertex 12 11.995208977877653 0
      vertex 12 11.995208977877653 1.0383280065704439
    endloop
  endfacet
  facet normal 0 0 -1
    outer loop
      vertex 13.635352413667231 12.557035741757888 0
      vertex 13.909830056250525 9.510565162951535 0
      vertex 12.982779073125684 12.363734711836996 0
    endloop
  endfacet
  facet normal 0 0 -1
    outer loop
      vertex 13.635352413667231 12.557035741757888 0
      vertex 14.297148019369128 12.715918809539474 0
      vertex 13.909830056250525 9.510565162951535 0
    endloop
  endfacet
  facet normal 0 0 -1
    outer loop
      vertex 14.297148019369128 12.715918809539474 0
      vertex 15.641129977520505 12.928784639787553 0
      vertex 13.909830056250525 9.510565162951535 0
    endloop
  endfacet
  facet normal 0 0 -1
    outer loop
      vertex 14.297148019369128 12.715918809539474 0
      vertex 14.966351954476998 12.839948427736791 0
      vertex 15.641129977520505 12.928784639787553 0
    endloop
  endfacet
  facet normal 0 0 -1
    outer loop
      vertex 16.31963256884173 12.98218395180946 0
      vertex 15.954715367323466 9.945218953682733 0
      vertex 15.641129977520505 12.928784639787553 0
    endloop
  endfacet
  facet normal 0 0 -1
    outer loop
      vertex 16.31963256884173 12.98218395180946 0
      vertex 18.358870022479493 12.928784639787553 0
      vertex 15.954715367323466 9.945218953682733 0
    endloop
  endfacet
  facet normal 0 0 -1
    outer loop
      vertex 19.033648045523 12.839948427736791 0
      vertex 18.045284632676534 9.945218953682733 0
      vertex 18.358870022479493 12.928784639787553 0
    endloop
  endfacet
  facet normal 0 0 -1
    outer loop
      vertex 16.31963256884173 12.98218395180946 0
      vertex 17 13 0
      vertex 18.358870022479493 12.928784639787553 0
    endloop
  endfacet
  facet normal 0 0 -1
    outer loop
      vertex 17 13 0
      vertex 17.68036743115827 12.98218395180946 0
      vertex 18.358870022479493 12.928784639787553 0
    endloop
  endfacet
  facet normal 0 0 -1
    outer loop
      vertex 25.698697882665158 9.660882731206126 0
      vertex 25.090169943749473 5.877852522924732 0
      vertex 25.15872968559251 9.061187293927489 0
    endloop
  endfacet
  facet normal 0 0 -1
    outer loop
      vertex 23.886193757459118 9.170536211416618 0
      vertex 25.15872968559251 9.061187293927489 0
      vertex 23.691306063588584 7.431448254773942 0
    endloop
  endfacet
  facet normal 0 0 -1
    outer loop
      vertex 26.19238815542512 9.19238815542512 0
      vertex 25.670975301319814 6.299832315692945 0
      vertex 25.698697882665158 9.660882731206126 0
    endloop
  endfacet
  facet normal 0 0 -1
    outer loop
      vertex 22.670472113522823 10.833141939476889 0
      vertex 23.045337808358042 8.943054914931762 0
      vertex 22 8.660254037844386 0
    endloop
  endfacet
  facet normal 0 0 -1
    outer loop
      vertex 24.080307455195353 10.902717383290513 0
      vertex 23.886193757459118 9.170536211416618 0
      vertex 23.367862599260974 9.030309286696083 0
    endloop
  endfacet
  facet normal 0 0 -1
    outer loop
      vertex 22.901876496614108 11.583084814448783 0
      vertex 23.045337808358042 8.943054914931762 0
      vertex 22.670472113522823 10.833141939476889 0
    endloop
  endfacet
  facet normal 0 0 -1
    outer loop
      vertex 22.901876496614108 11.583084814448783 0
      vertex 23.5 11.258330249197702 0
      vertex 23.045337808358042 8.943054914931762 0
    endloop
  endfacet
  facet normal 0 0 -1
    outer loop
      vertex 24.080307455195353 10.902717383290513 0
      vertex 23.367862599260974 9.030309286696083 0
      vertex 23.5 11.258330249197702 0
    endloop
  endfacet
  facet normal 0 0 -1
    outer loop
      vertex 24.080307455195353 10.902717383290513 0
      vertex 25.15872968559251 9.061187293927489 0
      vertex 23.886193757459118 9.170536211416618 0
    endloop
  endfacet
  facet normal 0 0 -1
    outer loop
      vertex 25.181165083647887 10.10289749894062 0
      vertex 25.698697882665158 9.660882731206126 0
      vertex 25.15872968559251 9.061187293927489 0
    endloop
  endfacet
  facet normal 0 0 -1
    outer loop
      vertex 24.64120827980215 10.517220926874316 0
      vertex 25.181165083647887 10.10289749894062 0
      vertex 25.15872968559251 9.061187293927489 0
    endloop
  endfacet
  facet normal 0 0 -1
    outer loop
      vertex 24.64120827980215 10.517220926874316 0
      vertex 25.15872968559251 9.061187293927489 0
      vertex 24.080307455195353 10.902717383290513 0
    endloop
  endfacet
  facet normal 0 0 -1
    outer loop
      vertex 19.033648045523 12.839948427736791 0
      vertex 20.29422183536488 11.775369241365569 0
      vertex 18.045284632676534 9.945218953682733 0
    endloop
  endfacet
  facet normal 0 0 -1
    outer loop
      vertex 19.033648045523 12.839948427736791 0
      vertex 19.70285198063087 12.715918809539474 0
      vertex 20.29422183536488 11.775369241365569 0
    endloop
  endfacet
  facet normal 0 0 -1
    outer loop
      vertex 20.36464758633277 12.557035741757888 0
      vertex 20.29422183536488 11.775369241365569 0
      vertex 19.70285198063087 12.715918809539474 0
    endloop
  endfacet
  facet normal 0 0 -1
    outer loop
      vertex 21.017220926874316 12.363734711836996 0
      vertex 20.090169943749473 9.510565162951535 0
      vertex 20.29422183536488 11.775369241365569 0
    endloop
  endfacet
  facet normal 0 0 -1
    outer loop
      vertex 22.670472113522823 10.833141939476889 0
      vertex 20.64977083054813 9.797397901253618 0
      vertex 21.017220926874316 12.363734711836996 0
    endloop
  endfacet
  facet normal 0 0 -1
    outer loop
      vertex 21.658783344088903 12.136545544463623 0
      vertex 22.2875763599854 11.876090949353811 0
      vertex 22.670472113522823 10.833141939476889 0
    endloop
  endfacet
  facet normal 0 0 -1
    outer loop
      vertex 20.36464758633277 12.557035741757888 0
      vertex 21.017220926874316 12.363734711836996 0
      vertex 20.29422183536488 11.775369241365569 0
    endloop
  endfacet
  facet normal 0 0 -1
    outer loop
      vertex 21.658783344088903 12.136545544463623 0
      vertex 22.670472113522823 10.833141939476889 0
      vertex 21.017220926874316 12.363734711836996 0
    endloop
  endfacet
  facet normal 0 0 -1
    outer loop
      vertex 22.901876496614108 11.583084814448783 0
      vertex 22.670472113522823 10.833141939476889 0
      vertex 22.2875763599854 11.876090949353811 0
    endloop
  endfacet
  facet normal -0.3338068592337701 0.9426414910921787 0
    outer loop
      vertex 12.341216655911097 12.136545544463623 0
      vertex 12.341216655911097 12.136545544463623 16
      vertex 12.982779073125684 12.363734711836996 0
    endloop
  endfacet
  facet normal -0.2840153447039238 0.9588197348681927 0
    outer loop
      vertex 13.635352413667231 12.557035741757888 0
      vertex 12.982779073125684 12.363734711836996 0
      vertex 12.982779073125684 12.363734711836996 16
    endloop
  endfacet
  facet normal -0.23344536385590647 0.9723699203976764 0
    outer loop
      vertex 13.635352413667231 12.557035741757888 0
      vertex 13.635352413667231 12.557035741757888 16
      vertex 14.297148019369128 12.715918809539474 0
    endloop
  endfacet
  facet normal -0.18223552549214803 0.9832549075639545 0
    outer loop
      vertex 14.297148019369128 12.715918809539474 0
      vertex 14.297148019369128 12.715918809539474 16
      vertex 14.966351954476998 12.839948427736791 0
    endloop
  endfacet
  facet normal -0.1305261922200495 0.9914448613738107 0
    outer loop
      vertex 14.966351954476998 12.839948427736791 0
      vertex 14.966351954476998 12.839948427736791 16
      vertex 15.641129977520505 12.928784639787553 0
    endloop
  endfacet
  facet normal -0.07845909572784593 0.9969173337331279 0
    outer loop
      vertex 16.31963256884173 12.98218395180946 0
      vertex 15.641129977520505 12.928784639787553 0
      vertex 15.641129977520505 12.928784639787553 16
    endloop
  endfacet
  facet normal -0.026176948307872764 0.9996573249755573 0
    outer loop
      vertex 16.31963256884173 12.98218395180946 0
      vertex 16.31963256884173 12.98218395180946 16
      vertex 17 13 0
    endloop
  endfacet
  facet normal 0.026176948307872764 0.9996573249755573 0
    outer loop
      vertex 17 13 0
      vertex 17 13 16
      vertex 17.68036743115827 12.98218395180946 0
    endloop
  endfacet
  facet normal 0.07845909572784614 0.9969173337331279 0
    outer loop
      vertex 17.68036743115827 12.98218395180946 0
      vertex 17.68036743115827 12.98218395180946 16
      vertex 18.358870022479493 12.928784639787553 0
    endloop
  endfacet
  facet normal 0.13052619222004916 0.9914448613738108 0
    outer loop
      vertex 19.033648045523 12.839948427736791 0
      vertex 18.358870022479493 12.928784639787553 0
      vertex 18.358870022479493 12.928784639787553 16
    endloop
  endfacet
  facet normal 0.688354575693752 0.7253743710122895 0
    outer loop
      vertex 26.19238815542512 9.19238815542512 0
      vertex 25.698697882665158 9.660882731206126 0
      vertex 25.698697882665158 9.660882731206126 16
    endloop
  endfacet
  facet normal 0.6494480483301815 0.7604059656000327 0
    outer loop
      vertex 25.181165083647887 10.10289749894062 0
      vertex 25.181165083647887 10.10289749894062 16
      vertex 25.698697882665158 9.660882731206126 0
    endloop
  endfacet
  facet normal 0.6087614290087203 0.7933533402912354 0
    outer loop
      vertex 24.64120827980215 10.517220926874316 0
      vertex 24.64120827980215 10.517220926874316 16
      vertex 25.181165083647887 10.10289749894062 0
    endloop
  endfacet
  facet normal 0.566406236924835 0.8241261886220141 0
    outer loop
      vertex 24.64120827980215 10.517220926874316 0
      vertex 24.080307455195353 10.902717383290513 0
      vertex 24.080307455195353 10.902717383290513 16
    endloop
  endfacet
  facet normal 0.2840153447039238 0.9588197348681927 0
    outer loop
      vertex 20.36464758633277 12.557035741757888 0
      vertex 20.36464758633277 12.557035741757888 16
      vertex 21.017220926874316 12.363734711836996 0
    endloop
  endfacet
  facet normal 0.3338068592337701 0.9426414910921787 0
    outer loop
      vertex 21.658783344088903 12.136545544463623 0
      vertex 21.017220926874316 12.363734711836996 0
      vertex 21.017220926874316 12.363734711836996 16
    endloop
  endfacet
  facet normal 0.38268343236509056 0.9238795325112864 0
    outer loop
      vertex 21.658783344088903 12.136545544463623 0
      vertex 21.658783344088903 12.136545544463623 16
      vertex 22.2875763599854 11.876090949353811 0
    endloop
  endfacet
  facet normal 0.18223552549214803 0.9832549075639545 0
    outer loop
      vertex 19.033648045523 12.839948427736791 0
      vertex 19.033648045523 12.839948427736791 16
      vertex 19.70285198063087 12.715918809539474 0
    endloop
  endfacet
  facet normal 0.23344536385590647 0.9723699203976764 0
    outer loop
      vertex 20.36464758633277 12.557035741757888 0
      vertex 19.70285198063087 12.715918809539474 0
      vertex 19.70285198063087 12.715918809539474 16
    endloop
  endfacet
  facet normal 0.4771587602596105 0.8788171126619643 0
    outer loop
      vertex 22.901876496614108 11.583084814448783 0
      vertex 22.901876496614108 11.583084814448783 16
      vertex 23.5 11.258330249197702 0
    endloop
  endfacet
  facet normal 0.5224985647159466 0.8526401643540935 0
    outer loop
      vertex 24.080307455195353 10.902717383290513 0
      vertex 23.5 11.258330249197702 0
      vertex 23.5 11.258330249197702 16
    endloop
  endfacet
  facet normal 0.4305110968082924 0.9025852843498618 0
    outer loop
      vertex 22.901876496614108 11.583084814448783 0
      vertex 22.2875763599854 11.876090949353811 0
      vertex 22.2875763599854 11.876090949353811 16
    endloop
  endfacet
  facet normal -0.3826834323650895 0.9238795325112868 0
    outer loop
      vertex 12.341216655911097 12.136545544463623 0
      vertex 12 11.995208977877653 1.0383280065704439
      vertex 12 11.995208977877653 16
    endloop
  endfacet
  facet normal -0.3826834323650895 0.9238795325112868 0
    outer loop
      vertex 12.341216655911097 12.136545544463623 0
      vertex 12 11.995208977877653 16
      vertex 12.341216655911097 12.136545544463623 16
    endloop
  endfacet
  facet normal -0.3338068592337701 0.9426414910921787 0
    outer loop
      vertex 12.341216655911097 12.136545544463623 16
      vertex 12.982779073125684 12.363734711836996 16
      vertex 12.982779073125684 12.363734711836996 0
    endloop
  endfacet
  facet normal -0.2840153447039238 0.9588197348681927 0
    outer loop
      vertex 13.635352413667231 12.557035741757888 0
      vertex 12.982779073125684 12.363734711836996 16
      vertex 13.635352413667231 12.557035741757888 16
    endloop
  endfacet
  facet normal -0.23344536385590647 0.9723699203976764 0
    outer loop
      vertex 14.297148019369128 12.715918809539474 0
      vertex 13.635352413667231 12.557035741757888 16
      vertex 14.297148019369128 12.715918809539474 16
    endloop
  endfacet
  facet normal -0.18223552549214803 0.9832549075639545 0
    outer loop
      vertex 14.966351954476998 12.839948427736791 0
      vertex 14.297148019369128 12.715918809539474 16
      vertex 14.966351954476998 12.839948427736791 16
    endloop
  endfacet
  facet normal -0.1305261922200495 0.9914448613738107 0
    outer loop
      vertex 14.966351954476998 12.839948427736791 16
      vertex 15.641129977520505 12.928784639787553 16
      vertex 15.641129977520505 12.928784639787553 0
    endloop
  endfacet
  facet normal -0.07845909572784593 0.9969173337331279 0
    outer loop
      vertex 16.31963256884173 12.98218395180946 0
      vertex 15.641129977520505 12.928784639787553 16
      vertex 16.31963256884173 12.98218395180946 16
    endloop
  endfacet
  facet normal -0.026176948307872764 0.9996573249755573 0
    outer loop
      vertex 17 13 0
      vertex 16.31963256884173 12.98218395180946 16
      vertex 17 13 16
    endloop
  endfacet
  facet normal 0.026176948307872764 0.9996573249755573 0
    outer loop
      vertex 17.68036743115827 12.98218395180946 0
      vertex 17 13 16
      vertex 17.68036743115827 12.98218395180946 16
    endloop
  endfacet
  facet normal 0.07845909572784614 0.9969173337331279 0
    outer loop
      vertex 17.68036743115827 12.98218395180946 16
      vertex 18.358870022479493 12.928784639787553 16
      vertex 18.358870022479493 12.928784639787553 0
    endloop
  endfacet
  facet normal 0.6494480483301815 0.7604059656000327 0
    outer loop
      vertex 25.181165083647887 10.10289749894062 16
      vertex 25.698697882665158 9.660882731206126 16
      vertex 25.698697882665158 9.660882731206126 0
    endloop
  endfacet
  facet normal 0.566406236924835 0.8241261886220141 0
    outer loop
      vertex 24.64120827980215 10.517220926874316 0
      vertex 24.080307455195353 10.902717383290513 16
      vertex 24.64120827980215 10.517220926874316 16
    endloop
  endfacet
  facet normal 0.6087614290087203 0.7933533402912354 0
    outer loop
      vertex 25.181165083647887 10.10289749894062 0
      vertex 24.64120827980215 10.517220926874316 16
      vertex 25.181165083647887 10.10289749894062 16
    endloop
  endfacet
  facet normal 0.2840153447039238 0.9588197348681927 0
    outer loop
      vertex 20.36464758633277 12.557035741757888 16
      vertex 21.017220926874316 12.363734711836996 16
      vertex 21.017220926874316 12.363734711836996 0
    endloop
  endfacet
  facet normal 0.38268343236509056 0.9238795325112864 0
    outer loop
      vertex 22.2875763599854 11.876090949353811 0
      vertex 21.658783344088903 12.136545544463623 16
      vertex 22.2875763599854 11.876090949353811 16
    endloop
  endfacet
  facet normal 0.3338068592337701 0.9426414910921787 0
    outer loop
      vertex 21.658783344088903 12.136545544463623 0
      vertex 21.017220926874316 12.363734711836996 16
      vertex 21.658783344088903 12.136545544463623 16
    endloop
  endfacet
  facet normal 0.13052619222004916 0.9914448613738108 0
    outer loop
      vertex 19.033648045523 12.839948427736791 0
      vertex 18.358870022479493 12.928784639787553 16
      vertex 19.033648045523 12.839948427736791 16
    endloop
  endfacet
  facet normal 0.18223552549214803 0.9832549075639545 0
    outer loop
      vertex 19.70285198063087 12.715918809539474 0
      vertex 19.033648045523 12.839948427736791 16
      vertex 19.70285198063087 12.715918809539474 16
    endloop
  endfacet
  facet normal 0.23344536385590647 0.9723699203976764 0
    outer loop
      vertex 20.36464758633277 12.557035741757888 0
      vertex 19.70285198063087 12.715918809539474 16
      vertex 20.36464758633277 12.557035741757888 16
    endloop
  endfacet
  facet normal 0.4305110968082924 0.9025852843498618 0
    outer loop
      vertex 22.901876496614108 11.583084814448783 0
      vertex 22.2875763599854 11.876090949353811 16
      vertex 22.901876496614108 11.583084814448783 16
    endloop
  endfacet
  facet normal 0.5224985647159466 0.8526401643540935 0
    outer loop
      vertex 24.080307455195353 10.902717383290513 0
      vertex 23.5 11.258330249197702 16
      vertex 24.080307455195353 10.902717383290513 16
    endloop
  endfacet
  facet normal 0.4771587602596105 0.8788171126619643 0
    outer loop
      vertex 22.901876496614108 11.583084814448783 16
      vertex 23.5 11.258330249197702 16
      vertex 23.5 11.258330249197702 0
    endloop
  endfacet
  facet normal 0 0 1
    outer loop
      vertex 12 10.21425995067919 16
      vertex 12 8.660254037844386 16
      vertex 12.235348605323118 9.547135978353326 16
    endloop
  endfacet
  facet normal 0 0 1
    outer loop
      vertex 11.987698475792758 10.249130102909456 16
      vertex 12 8.660254037844386 16
      vertex 12 10.21425995067919 16
    endloop
  endfacet
  facet normal 0 0 1
    outer loop
      vertex 12 10.21425995067919 16
      vertex 12.008077118650585 11.929769442078388 16
      vertex 11.974801199510253 11.914954048347104 16
    endloop
  endfacet
  facet normal 0 0 1
    outer loop
      vertex 11.974801199510253 11.914954048347104 16
      vertex 12.008077118650585 11.929769442078388 16
      vertex 12 11.983728610466354 16
    endloop
  endfacet
  facet normal 0 0 1
    outer loop
      vertex 12 11.983728610466354 16
      vertex 12.008077118650585 11.929769442078388 16
      vertex 12 11.995208977877653 16
    endloop
  endfacet
  facet normal 0 0 1
    outer loop
      vertex 12.341216655911097 12.136545544463623 16
      vertex 12 11.995208977877653 16
      vertex 12.008077118650585 11.929769442078388 16
    endloop
  endfacet
  facet normal 0 0 1
    outer loop
      vertex 12.341216655911097 12.136545544463623 16
      vertex 12.008077118650585 11.929769442078388 16
      vertex 12.360379519906626 12.086624577020656 16
    endloop
  endfacet
  facet normal 0 0 1
    outer loop
      vertex 12.684900837929586 11.241217640179025 16
      vertex 12.982779073125684 12.363734711836996 16
      vertex 12.360379519906626 12.086624577020656 16
    endloop
  endfacet
  facet normal 0 0 1
    outer loop
      vertex 12.341216655911097 12.136545544463623 16
      vertex 12.360379519906626 12.086624577020656 16
      vertex 12.982779073125684 12.363734711836996 16
    endloop
  endfacet
  facet normal 0 0 1
    outer loop
      vertex 13.635352413667231 12.557035741757888 16
      vertex 12.982779073125684 12.363734711836996 16
      vertex 14.297148019369128 12.715918809539474 16
    endloop
  endfacet
  facet normal 0 0 1
    outer loop
      vertex 14.297148019369128 12.715918809539474 16
      vertex 12.982779073125684 12.363734711836996 16
      vertex 14.966351954476998 12.839948427736791 16
    endloop
  endfacet
  facet normal 0 0 1
    outer loop
      vertex 14.966351954476998 12.839948427736791 16
      vertex 12.982779073125684 12.363734711836996 16
      vertex 15.641129977520505 12.928784639787553 16
    endloop
  endfacet
  facet normal 0 0 1
    outer loop
      vertex 17.68036743115827 12.98218395180946 16
      vertex 15.641129977520505 12.928784639787553 16
      vertex 18.045284632676534 9.945218953682733 16
    endloop
  endfacet
  facet normal 0 0 1
    outer loop
      vertex 17.68036743115827 12.98218395180946 16
      vertex 18.045284632676534 9.945218953682733 16
      vertex 18.358870022479493 12.928784639787553 16
    endloop
  endfacet
  facet normal 0 0 1
    outer loop
      vertex 16.31963256884173 12.98218395180946 16
      vertex 15.641129977520505 12.928784639787553 16
      vertex 17 13 16
    endloop
  endfacet
  facet normal 0 0 1
    outer loop
      vertex 17 13 16
      vertex 15.641129977520505 12.928784639787553 16
      vertex 17.68036743115827 12.98218395180946 16
    endloop
  endfacet
  facet normal 0 0 1
    outer loop
      vertex 25.181165083647887 10.10289749894062 16
      vertex 23.94965894261649 9.736870272748389 16
      vertex 24.82374017382445 6.779340724442056 16
    endloop
  endfacet
  facet normal 0 0 1
    outer loop
      vertex 25.181165083647887 10.10289749894062 16
      vertex 24.82374017382445 6.779340724442056 16
      vertex 25.179765425977088 10.037909230152307 16
    endloop
  endfacet
  facet normal 0 0 1
    outer loop
      vertex 23.5 11.258330249197702 16
      vertex 23.691306063588584 7.431448254773942 16
      vertex 23.94965894261649 9.736870272748389 16
    endloop
  endfacet
  facet normal 0 0 1
    outer loop
      vertex 24.080307455195353 10.902717383290513 16
      vertex 23.5 11.258330249197702 16
      vertex 23.94965894261649 9.736870272748389 16
    endloop
  endfacet
  facet normal 0 0 1
    outer loop
      vertex 25.181165083647887 10.10289749894062 16
      vertex 25.179765425977088 10.037909230152307 16
      vertex 25.698697882665158 9.660882731206126 16
    endloop
  endfacet
  facet normal 0 0 1
    outer loop
      vertex 24.64120827980215 10.517220926874316 16
      vertex 24.080307455195353 10.902717383290513 16
      vertex 23.94965894261649 9.736870272748389 16
    endloop
  endfacet
  facet normal 0 0 1
    outer loop
      vertex 24.64120827980215 10.517220926874316 16
      vertex 23.94965894261649 9.736870272748389 16
      vertex 25.181165083647887 10.10289749894062 16
    endloop
  endfacet
  facet normal 0 0 1
    outer loop
      vertex 18.358870022479493 12.928784639787553 16
      vertex 18.883623325887587 11.8927296269 16
      vertex 19.02528308883091 12.78713416975192 16
    endloop
  endfacet
  facet normal 0 0 1
    outer loop
      vertex 20.36464758633277 12.557035741757888 16
      vertex 19.02528308883091 12.78713416975192 16
      vertex 21.017220926874316 12.363734711836996 16
    endloop
  endfacet
  facet normal 0 0 1
    outer loop
      vertex 21.658783344088903 12.136545544463623 16
      vertex 21.017220926874316 12.363734711836996 16
      vertex 22 8.660254037844386 16
    endloop
  endfacet
  facet normal 0 0 1
    outer loop
      vertex 21.658783344088903 12.136545544463623 16
      vertex 22 8.660254037844386 16
      vertex 22.28087216294004 11.801120933314946 16
    endloop
  endfacet
  facet normal 0 0 1
    outer loop
      vertex 21.658783344088903 12.136545544463623 16
      vertex 22.28087216294004 11.801120933314946 16
      vertex 22.2875763599854 11.876090949353811 16
    endloop
  endfacet
  facet normal 0 0 1
    outer loop
      vertex 19.033648045523 12.839948427736791 16
      vertex 18.358870022479493 12.928784639787553 16
      vertex 19.02528308883091 12.78713416975192 16
    endloop
  endfacet
  facet normal 0 0 1
    outer loop
      vertex 19.033648045523 12.839948427736791 16
      vertex 19.02528308883091 12.78713416975192 16
      vertex 19.70285198063087 12.715918809539474 16
    endloop
  endfacet
  facet normal 0 0 1
    outer loop
      vertex 20.36464758633277 12.557035741757888 16
      vertex 19.70285198063087 12.715918809539474 16
      vertex 19.02528308883091 12.78713416975192 16
    endloop
  endfacet
  facet normal 0 0 1
    outer loop
      vertex 22.901876496614108 11.583084814448783 16
      vertex 22.28087216294004 11.801120933314946 16
      vertex 23.5 11.258330249197702 16
    endloop
  endfacet
  facet normal 0 0 1
    outer loop
      vertex 22.901876496614108 11.583084814448783 16
      vertex 22.2875763599854 11.876090949353811 16
      vertex 22.28087216294004 11.801120933314946 16
    endloop
  endfacet
  facet normal 0 0 -1
    outer loop
      vertex 26.19238815542512 -9.19238815542512 0
      vertex 25.698697882665158 -9.660882731206126 0
      vertex 28.25833024917931 -6.5000000000300115 0
    endloop
  endfacet
  facet normal 0 0 -1
    outer loop
      vertex 26.19238815542512 -9.19238815542512 0
      vertex 28.25833024917931 -6.5000000000300115 0
      vertex 26.660882731206126 -8.698697882665158 0
    endloop
  endfacet
  facet normal 0 0 -1
    outer loop
      vertex 28.25833024917931 -6.5000000000300115 0
      vertex 25.698697882665158 -9.660882731206126 0
      vertex 25.668395232143332 -5.987028017001184 0
    endloop
  endfacet
  facet normal 0 0 -1
    outer loop
      vertex 26.660882731206126 -8.698697882665158 0
      vertex 28.25833024917931 -6.5000000000300115 0
      vertex 27.10289749894062 -8.181165083647887 0
    endloop
  endfacet
  facet normal 0 0 -1
    outer loop
      vertex 27.10289749894062 -8.181165083647887 0
      vertex 28.25833024917931 -6.5000000000300115 0
      vertex 27.517220926874316 -7.641208279802151 0
    endloop
  endfacet
  facet normal 0 0 -1
    outer loop
      vertex 27.902717383290515 -7.080307455195352 0
      vertex 27.517220926874316 -7.641208279802151 0
      vertex 28.25833024917931 -6.5000000000300115 0
    endloop
  endfacet
  facet normal 0.688354575693752 -0.7253743710122895 0
    outer loop
      vertex 26.19238815542512 -9.19238815542512 0
      vertex 26.19238815542512 -9.19238815542512 16
      vertex 25.698697882665158 -9.660882731206126 0
    endloop
  endfacet
  facet normal 0.7253743710122896 -0.688354575693752 0
    outer loop
      vertex 26.19238815542512 -9.19238815542512 0
      vertex 26.660882731206126 -8.698697882665158 0
      vertex 26.19238815542512 -9.19238815542512 16
    endloop
  endfacet
  facet normal 0.7604059656000327 -0.6494480483301815 0
    outer loop
      vertex 26.660882731206126 -8.698697882665158 0
      vertex 27.10289749894062 -8.181165083647887 0
      vertex 26.660882731206126 -8.698697882665158 16
    endloop
  endfacet
  facet normal 0.7933533402912348 -0.6087614290087209 0
    outer loop
      vertex 27.10289749894062 -8.181165083647887 0
      vertex 27.517220926874316 -7.641208279802151 0
      vertex 27.10289749894062 -8.181165083647887 16
    endloop
  endfacet
  facet normal 0.8241261886220137 -0.5664062369248355 0
    outer loop
      vertex 27.902717383290515 -7.080307455195352 0
      vertex 27.517220926874316 -7.641208279802151 16
      vertex 27.517220926874316 -7.641208279802151 0
    endloop
  endfacet
  facet normal 0.8526401643540953 -0.522498564715944 0
    outer loop
      vertex 27.902717383290515 -7.080307455195352 0
      vertex 28.25833024917931 -6.5000000000300115 0
      vertex 28.25833024917931 -6.5000000000300115 16
    endloop
  endfacet
  facet normal 0.7253743710122896 -0.688354575693752 0
    outer loop
      vertex 26.660882731206126 -8.698697882665158 0
      vertex 26.660882731206126 -8.698697882665158 16
      vertex 26.19238815542512 -9.19238815542512 16
    endloop
  endfacet
  facet normal 0.7604059656000327 -0.6494480483301815 0
    outer loop
      vertex 27.10289749894062 -8.181165083647887 0
      vertex 27.10289749894062 -8.181165083647887 16
      vertex 26.660882731206126 -8.698697882665158 16
    endloop
  endfacet
  facet normal 0.7933533402912348 -0.6087614290087209 0
    outer loop
      vertex 27.10289749894062 -8.181165083647887 16
      vertex 27.517220926874316 -7.641208279802151 0
      vertex 27.517220926874316 -7.641208279802151 16
    endloop
  endfacet
  facet normal 0.8241261886220137 -0.5664062369248355 0
    outer loop
      vertex 27.902717383290515 -7.080307455195352 0
      vertex 27.902717383290515 -7.080307455195352 16
      vertex 27.517220926874316 -7.641208279802151 16
    endloop
  endfacet
  facet normal 0.8526401643540953 -0.522498564715944 0
    outer loop
      vertex 27.902717383290515 -7.080307455195352 0
      vertex 28.25833024917931 -6.5000000000300115 16
      vertex 27.902717383290515 -7.080307455195352 16
    endloop
  endfacet
  facet normal 0 0 -1
    outer loop
      vertex 28.25833024917931 -6.5000000000300115 0
      vertex 25.668395232143332 -5.987028017001184 0
      vertex 25.660254037844645 -5.000000000031402 0
    endloop
  endfacet
  facet normal 0 0 -1
    outer loop
      vertex 26.534110982644215 6.926937095614005 0
      vertex 25.708882347250643 5.107230015043449 0
      vertex 26.660882731206126 8.698697882665158 0
    endloop
  endfacet
  facet normal 0 0 -1
    outer loop
      vertex 28.25833024917931 6.5000000000300115 0
      vertex 28.196655938096566 6.464392319924082 0
      vertex 27.902717383290515 7.080307455195352 0
    endloop
  endfacet
  facet normal 0 0 -1
    outer loop
      vertex 27.902717383290515 7.080307455195352 0
      vertex 28.196655938096566 6.464392319924082 0
      vertex 27.517220926874316 7.641208279802151 0
    endloop
  endfacet
  facet normal 0.8526401643540953 0.522498564715944 0
    outer loop
      vertex 28.25833024917931 6.5000000000300115 0
      vertex 27.902717383290515 7.080307455195352 0
      vertex 27.902717383290515 7.080307455195352 16
    endloop
  endfacet
  facet normal 0.8241261886220137 0.5664062369248355 0
    outer loop
      vertex 27.902717383290515 7.080307455195352 0
      vertex 27.517220926874316 7.641208279802151 0
      vertex 27.902717383290515 7.080307455195352 16
    endloop
  endfacet
  facet normal 0.8526401643540953 0.522498564715944 0
    outer loop
      vertex 28.25833024917931 6.5000000000300115 0
      vertex 27.902717383290515 7.080307455195352 16
      vertex 28.25833024917931 6.5000000000300115 16
    endloop
  endfacet
  facet normal 0 0 1
    outer loop
      vertex 26.19238815542512 -9.19238815542512 16
      vertex 25.84091132195137 -6.423298061721767 16
      vertex 25.698697882665158 -9.660882731206126 16
    endloop
  endfacet
  facet normal 0 0 1
    outer loop
      vertex 27.10289749894062 -8.181165083647887 16
      vertex 27.07882902107485 -8.128091816782863 16
      vertex 26.660882731206126 -8.698697882665158 16
    endloop
  endfacet
  facet normal 0 0 1
    outer loop
      vertex 26.19238815542512 -9.19238815542512 16
      vertex 26.660882731206126 -8.698697882665158 16
      vertex 25.84091132195137 -6.423298061721767 16
    endloop
  endfacet
  facet normal 0 0 1
    outer loop
      vertex 26.660882731206126 -8.698697882665158 16
      vertex 27.07882902107485 -8.128091816782863 16
      vertex 26.534110982644215 -6.926937095614005 16
    endloop
  endfacet
  facet normal 0 0 1
    outer loop
      vertex 26.660882731206126 -8.698697882665158 16
      vertex 26.534110982644215 -6.926937095614005 16
      vertex 25.84091132195137 -6.423298061721767 16
    endloop
  endfacet
  facet normal 0 0 1
    outer loop
      vertex 27.10289749894062 -8.181165083647887 16
      vertex 27.517220926874316 -7.641208279802151 16
      vertex 27.07882902107485 -8.128091816782863 16
    endloop
  endfacet
  facet normal 0 0 1
    outer loop
      vertex 27.902717383290515 -7.080307455195352 16
      vertex 28.196655938096566 -6.464392319924082 16
      vertex 27.517220926874316 -7.641208279802151 16
    endloop
  endfacet
  facet normal 0 0 1
    outer loop
      vertex 27.902717383290515 -7.080307455195352 16
      vertex 28.25833024917931 -6.5000000000300115 16
      vertex 28.196655938096566 -6.464392319924082 16
    endloop
  endfacet
  facet normal 0 0 1
    outer loop
      vertex 28.25833024917931 6.5000000000300115 16
      vertex 25.698697882665158 9.660882731206126 16
      vertex 25.660254037844645 5.000000000031402 16
    endloop
  endfacet
  facet normal 0 0 1
    outer loop
      vertex 28.25833024917931 6.5000000000300115 16
      vertex 27.902717383290515 7.080307455195352 16
      vertex 27.517220926874316 7.641208279802151 16
    endloop
  endfacet
  facet normal 0 0 -1
    outer loop
      vertex 26.660882731206126 8.698697882665158 0
      vertex 25.708882347250643 5.107230015043449 0
      vertex 26.19238815542512 9.19238815542512 0
    endloop
  endfacet
  facet normal 0 0 -1
    outer loop
      vertex 27.10289749894062 8.181165083647887 0
      vertex 26.534110982644215 6.926937095614005 0
      vertex 26.660882731206126 8.698697882665158 0
    endloop
  endfacet
  facet normal 0 0 -1
    outer loop
      vertex 27.10289749894062 8.181165083647887 0
      vertex 27.517220926874316 7.641208279802151 0
      vertex 26.534110982644215 6.926937095614005 0
    endloop
  endfacet
  facet normal 0.7933533402912348 0.6087614290087209 0
    outer loop
      vertex 27.10289749894062 8.181165083647887 0
      vertex 27.517220926874316 7.641208279802151 16
      vertex 27.517220926874316 7.641208279802151 0
    endloop
  endfacet
  facet normal 0.7253743710122896 0.688354575693752 0
    outer loop
      vertex 26.660882731206126 8.698697882665158 0
      vertex 26.19238815542512 9.19238815542512 0
      vertex 26.660882731206126 8.698697882665158 16
    endloop
  endfacet
  facet normal 0.7604059656000327 0.6494480483301815 0
    outer loop
      vertex 27.10289749894062 8.181165083647887 0
      vertex 26.660882731206126 8.698697882665158 0
      vertex 27.10289749894062 8.181165083647887 16
    endloop
  endfacet
  facet normal 0.8241261886220137 0.5664062369248355 0
    outer loop
      vertex 27.902717383290515 7.080307455195352 16
      vertex 27.517220926874316 7.641208279802151 0
      vertex 27.517220926874316 7.641208279802151 16
    endloop
  endfacet
  facet normal 0.7933533402912348 0.6087614290087209 0
    outer loop
      vertex 27.10289749894062 8.181165083647887 0
      vertex 27.10289749894062 8.181165083647887 16
      vertex 27.517220926874316 7.641208279802151 16
    endloop
  endfacet
  facet normal 0.7253743710122896 0.688354575693752 0
    outer loop
      vertex 26.19238815542512 9.19238815542512 0
      vertex 26.19238815542512 9.19238815542512 16
      vertex 26.660882731206126 8.698697882665158 16
    endloop
  endfacet
  facet normal 0.7604059656000327 0.6494480483301815 0
    outer loop
      vertex 26.660882731206126 8.698697882665158 0
      vertex 26.660882731206126 8.698697882665158 16
      vertex 27.10289749894062 8.181165083647887 16
    endloop
  endfacet
  facet normal 0.688354575693752 0.7253743710122895 0
    outer loop
      vertex 26.19238815542512 9.19238815542512 0
      vertex 25.698697882665158 9.660882731206126 16
      vertex 26.19238815542512 9.19238815542512 16
    endloop
  endfacet
  facet normal 0 0 1
    outer loop
      vertex 28.25833024917931 6.5000000000300115 16
      vertex 27.517220926874316 7.641208279802151 16
      vertex 27.10289749894062 8.181165083647887 16
    endloop
  endfacet
  facet normal 0 0 1
    outer loop
      vertex 28.25833024917931 6.5000000000300115 16
      vertex 27.10289749894062 8.181165083647887 16
      vertex 26.660882731206126 8.698697882665158 16
    endloop
  endfacet
  facet normal 0 0 1
    outer loop
      vertex 28.25833024917931 6.5000000000300115 16
      vertex 26.660882731206126 8.698697882665158 16
      vertex 26.19238815542512 9.19238815542512 16
    endloop
  endfacet
  facet normal 0 0 1
    outer loop
      vertex 28.25833024917931 6.5000000000300115 16
      vertex 26.19238815542512 9.19238815542512 16
      vertex 25.698697882665158 9.660882731206126 16
    endloop
  endfacet
  facet normal 0 -1 0
    outer loop
      vertex 0 -15 0
      vertex 4.01 -15 0
      vertex 4.01 -15 16
    endloop
  endfacet
  facet normal 0 -1 0
    outer loop
      vertex 0 -15 0
      vertex 4.01 -15 16
      vertex 0 -15 16
    endloop
  endfacet
  facet normal 0 0 -1
    outer loop
      vertex 0 -15 0
      vertex 4 0.05749989480521182 0
      vertex 4 -0.1323128623862576 0
    endloop
  endfacet
  facet normal 0 0 -1
    outer loop
      vertex 0 -15 0
      vertex 0 15 0
      vertex 4.01 15 0
    endloop
  endfacet
  facet normal -1 0 0
    outer loop
      vertex 0 -15 0
      vertex 0 15 16
      vertex 0 15 0
    endloop
  endfacet
  facet normal -1 0 0
    outer loop
      vertex 0 -15 0
      vertex 0 -15 16
      vertex 0 15 16
    endloop
  endfacet
  facet normal 0 0 -1
    outer loop
      vertex 4.01 15 0
      vertex 4.01 14.99625 0
      vertex 4.009870589644939 14.806628575589569 0
    endloop
  endfacet
  facet normal 0 1 0
    outer loop
      vertex 0 15 0
      vertex 0 15 16
      vertex 4.01 15 0
    endloop
  endfacet
  facet normal 0 1 0
    outer loop
      vertex 4.01 15 0
      vertex 0 15 16
      vertex 4.01 15 16
    endloop
  endfacet
  facet normal 0 0 1
    outer loop
      vertex 0 15 16
      vertex 4.01 14.99625 16
      vertex 4.01 15 16
    endloop
  endfacet
  facet normal 0 0 -1
    outer loop
      vertex 4.01 -14.99625 0
      vertex 4.01 -14.96625 0
      vertex 12 -12 0
    endloop
  endfacet
  facet normal 0.35112344158839165 -0.9363291775690445 0
    outer loop
      vertex 4.01 -14.99625 0
      vertex 12 -12 0
      vertex 4.01 -14.99625 16
    endloop
  endfacet
  facet normal 0 0 -1
    outer loop
      vertex 12 -11.995208977877653 0
      vertex 12 -12 0
      vertex 4.01 -14.96625 0
    endloop
  endfacet
  facet normal 0 0 -1
    outer loop
      vertex 12 -11.995208977877653 0
      vertex 4.01 -14.96625 0
      vertex 12 -11.926173277160506 0
    endloop
  endfacet
  facet normal 0 0 -1
    outer loop
      vertex 12 -11.926173277160506 0
      vertex 4.01 -14.96625 0
      vertex 12 -8.660254037844386 0
    endloop
  endfacet
  facet normal 0 0 -1
    outer loop
      vertex 4.01 -14.96625 0
      vertex 4.569501848116765 -0.7122052000350276 0
      vertex 7.864545423573992 -4.067366430758002 0
    endloop
  endfacet
  facet normal 0.35112344158839165 -0.9363291775690445 0
    outer loop
      vertex 12 -12 0
      vertex 12 -12 16
      vertex 4.01 -14.99625 16
    endloop
  endfacet
  facet normal 0 0 -1
    outer loop
      vertex 4.01 -14.96625 0
      vertex 4 -0.1323128623862576 0
      vertex 4.569501848116765 -0.7122052000350276 0
    endloop
  endfacet
  facet normal 0 0 -1
    outer loop
      vertex 4.569501848116765 -0.7122052000350276 0
      vertex 4 -0.1323128623862576 0
      vertex 4.384277571458041 -0.3647526803049808 0
    endloop
  endfacet
  facet normal 0 0 -1
    outer loop
      vertex 4.569501848116765 -0.7122052000350276 0
      vertex 4.384277571458041 -0.3647526803049808 0
      vertex 7.218523992661943 -2.0791169081775935 0
    endloop
  endfacet
  facet normal 0 0 -1
    outer loop
      vertex 4.384277571458041 -0.3647526803049808 0
      vertex 4 -0.1323128623862576 0
      vertex 4.484184803009121 -0.11095823664956991 0
    endloop
  endfacet
  facet normal 0 0 -1
    outer loop
      vertex 4 -0.1323128623862576 0
      vertex 4.706060403364329 0.3528172778196604 0
      vertex 4.484184803009121 -0.11095823664956991 0
    endloop
  endfacet
  facet normal 0 0 -1
    outer loop
      vertex 4.384277571458041 -0.3647526803049808 0
      vertex 4.484184803009121 -0.11095823664956991 0
      vertex 7 0 0
    endloop
  endfacet
  facet normal 0 0 -1
    outer loop
      vertex 4 -0.1323128623862576 0
      vertex 6.277570903002901 2.342769278364784 0
      vertex 4.706060403364329 0.3528172778196604 0
    endloop
  endfacet
  facet normal 0 0 -1
    outer loop
      vertex 4.484184803009121 -0.11095823664956991 0
      vertex 4.706060403364329 0.3528172778196604 0
      vertex 7.218523992661943 2.0791169081775935 0
    endloop
  endfacet
  facet normal 0 0 -1
    outer loop
      vertex 4.706060403364329 0.3528172778196604 0
      vertex 6.277570903002901 2.342769278364784 0
      vertex 7.864545423573992 4.067366430758002 0
    endloop
  endfacet
  facet normal 0 0 -1
    outer loop
      vertex 4 -0.1323128623862576 0
      vertex 4 0.05749989480521182 0
      vertex 12 12 0
    endloop
  endfacet
  facet normal 0 0 -1
    outer loop
      vertex 6.277570903002901 2.342769278364784 0
      vertex 4 -0.1323128623862576 0
      vertex 12 12 0
    endloop
  endfacet
  facet normal 0 0 -1
    outer loop
      vertex 6.277570903002901 2.342769278364784 0
      vertex 12 12 0
      vertex 8.578821330275513 5.4726618820474044 0
    endloop
  endfacet
  facet normal 0 0 1
    outer loop
      vertex 12 -12 16
      vertex 4.01 -14.96625 16
      vertex 4.01 -14.99625 16
    endloop
  endfacet
  facet normal 0 0 1
    outer loop
      vertex 4.01 -14.96625 16
      vertex 4 -0.05749989480521182 16
      vertex 4.008944573317803 -13.422928669024033 16
    endloop
  endfacet
  facet normal 1 0 0
    outer loop
      vertex 12 -11.995208977877653 16
      vertex 12 -12 16
      vertex 12 -11.995208977877653 14.961671993429556
    endloop
  endfacet
  facet normal 0 0 1
    outer loop
      vertex 12 -11.995208977877653 16
      vertex 11.999121203818895 -11.924848658214339 16
      vertex 10.444535737047872 -9.581605245239437 16
    endloop
  endfacet
  facet normal 0 0 1
    outer loop
      vertex 4.01 -14.96625 16
      vertex 4.000094558619094 0.2728641993892291 16
      vertex 4 -0.05749989480521182 16
    endloop
  endfacet
  facet normal 0 0 1
    outer loop
      vertex 4 -0.05749989480521182 16
      vertex 4.000094558619094 0.2728641993892291 16
      vertex 4 0.1323128623862576 16
    endloop
  endfacet
  facet normal 0 0 -1
    outer loop
      vertex 4 0.05749989480521182 0
      vertex 4.009870589644939 14.806628575589569 0
      vertex 12 12 0
    endloop
  endfacet
  facet normal 0 0 -1
    outer loop
      vertex 8.578821330275513 5.4726618820474044 0
      vertex 12 12 0
      vertex 8.909830056250525 5.877852522924732 0
    endloop
  endfacet
  facet normal 0 0 -1
    outer loop
      vertex 12 12 0
      vertex 4.009870589644939 14.806628575589569 0
      vertex 4.01 14.99625 0
    endloop
  endfacet
  facet normal 0.35112344158839165 0.9363291775690445 0
    outer loop
      vertex 12 12 0
      vertex 4.01 14.99625 0
      vertex 12 12 16
    endloop
  endfacet
  facet normal 0 0 -1
    outer loop
      vertex 11.987277322279628 11.892362165657609 0
      vertex 12 11.926173277160506 0
      vertex 12 8.660254037844386 0
    endloop
  endfacet
  facet normal 1 0 0
    outer loop
      vertex 12 12 0
      vertex 12 11.995208977877653 1.0383280065704439
      vertex 12 11.995208977877653 0
    endloop
  endfacet
  facet normal 0.35112344158839165 0.9363291775690445 0
    outer loop
      vertex 4.01 14.99625 0
      vertex 4.01 14.99625 16
      vertex 12 12 16
    endloop
  endfacet
  facet normal 0 0 1
    outer loop
      vertex 11.712423640014597 11.029429785049265 16
      vertex 11.974801199510253 11.914954048347104 16
      vertex 4.01 14.99625 16
    endloop
  endfacet
  facet normal 0 0 1
    outer loop
      vertex 4.01 14.99625 16
      vertex 11.974801199510253 11.914954048347104 16
      vertex 11.99838184137111 11.994538714627495 16
    endloop
  endfacet
  facet normal 0.5000000000023445 0.8660254037830851 0
    outer loop
      vertex 28.25833024917931 -6.5000000000300115 0
      vertex 25.660254037844645 -5.000000000031402 0
      vertex 28.25833024917931 -6.5000000000300115 16
    endloop
  endfacet
  facet normal 0.5000000000023463 -0.8660254037830839 4.2627967814001617e-16
    outer loop
      vertex 28.25833024917931 6.5000000000300115 0
      vertex 25.660254037844645 5.000000000031402 16
      vertex 28.196655938096566 6.464392319924082 0
    endloop
  endfacet
  facet normal 0.5000000000023463 0.8660254037830839 -4.2627967814001617e-16
    outer loop
      vertex 28.25833024917931 -6.5000000000300115 16
      vertex 25.660254037844645 -5.000000000031402 0
      vertex 28.196655938096566 -6.464392319924082 16
    endloop
  endfacet
  facet normal 0.5000000000023445 -0.8660254037830851 0
    outer loop
      vertex 28.25833024917931 6.5000000000300115 0
      vertex 28.25833024917931 6.5000000000300115 16
      vertex 25.660254037844645 5.000000000031402 16
    endloop
  endfacet
  facet normal -0.23344536385591208 -0.9723699203976749 0
    outer loop
      vertex 31.544618164275683 21.15296679486336 0
      vertex 31.544618164275683 21.15296679486336 16
      vertex 31.188266684282354 21.238519215976524 0
    endloop
  endfacet
  facet normal -0.18223552549214447 -0.9832549075639551 0
    outer loop
      vertex 31.544618164275683 21.15296679486336 0
      vertex 31.904958744718385 21.086181615834036 0
      vertex 31.904958744718385 21.086181615834036 16
    endloop
  endfacet
  facet normal -0.13052619222004863 -0.9914448613738107 0
    outer loop
      vertex 31.904958744718385 21.086181615834036 0
      vertex 32.268300757126426 21.038346732422088 0
      vertex 32.268300757126426 21.038346732422088 16
    endloop
  endfacet
  facet normal -0.07845909572784497 -0.996917333733128 0
    outer loop
      vertex 32.268300757126426 21.038346732422088 0
      vertex 32.63364830629939 21.009593256717984 0
      vertex 32.63364830629939 21.009593256717984 16
    endloop
  endfacet
  facet normal -0.02617694830787718 -0.9996573249755573 0
    outer loop
      vertex 32.63364830629939 21.009593256717984 0
      vertex 33 21 0
      vertex 33 21 16
    endloop
  endfacet
  facet normal 0.02617694830787718 -0.9996573249755573 0
    outer loop
      vertex 33 21 0
      vertex 33.36635169370061 21.009593256717984 0
      vertex 33.36635169370061 21.009593256717984 16
    endloop
  endfacet
  facet normal 0.07845909572784497 -0.996917333733128 0
    outer loop
      vertex 33.36635169370061 21.009593256717984 0
      vertex 33.731699242873574 21.038346732422088 0
      vertex 33.731699242873574 21.038346732422088 16
    endloop
  endfacet
  facet normal 0.13052619222004863 -0.9914448613738107 0
    outer loop
      vertex 33.731699242873574 21.038346732422088 0
      vertex 34.095041255281615 21.086181615834036 0
      vertex 34.095041255281615 21.086181615834036 16
    endloop
  endfacet
  facet normal 0.18223552549214447 -0.9832549075639551 0
    outer loop
      vertex 34.095041255281615 21.086181615834036 0
      vertex 34.45538183572432 21.15296679486336 0
      vertex 34.45538183572432 21.15296679486336 16
    endloop
  endfacet
  facet normal -0.18223552549214447 -0.9832549075639551 0
    outer loop
      vertex 31.544618164275683 21.15296679486336 0
      vertex 31.904958744718385 21.086181615834036 16
      vertex 31.544618164275683 21.15296679486336 16
    endloop
  endfacet
  facet normal -0.13052619222004863 -0.9914448613738107 0
    outer loop
      vertex 31.904958744718385 21.086181615834036 0
      vertex 32.268300757126426 21.038346732422088 16
      vertex 31.904958744718385 21.086181615834036 16
    endloop
  endfacet
  facet normal -0.07845909572784497 -0.996917333733128 0
    outer loop
      vertex 32.268300757126426 21.038346732422088 0
      vertex 32.63364830629939 21.009593256717984 16
      vertex 32.268300757126426 21.038346732422088 16
    endloop
  endfacet
  facet normal -0.02617694830787718 -0.9996573249755573 0
    outer loop
      vertex 32.63364830629939 21.009593256717984 0
      vertex 33 21 16
      vertex 32.63364830629939 21.009593256717984 16
    endloop
  endfacet
  facet normal 0.02617694830787718 -0.9996573249755573 0
    outer loop
      vertex 33 21 0
      vertex 33.36635169370061 21.009593256717984 16
      vertex 33 21 16
    endloop
  endfacet
  facet normal 0.07845909572784497 -0.996917333733128 0
    outer loop
      vertex 33.36635169370061 21.009593256717984 0
      vertex 33.731699242873574 21.038346732422088 16
      vertex 33.36635169370061 21.009593256717984 16
    endloop
  endfacet
  facet normal 0.13052619222004863 -0.9914448613738107 0
    outer loop
      vertex 33.731699242873574 21.038346732422088 0
      vertex 34.095041255281615 21.086181615834036 16
      vertex 33.731699242873574 21.038346732422088 16
    endloop
  endfacet
  facet normal 0.18223552549214447 -0.9832549075639551 0
    outer loop
      vertex 34.095041255281615 21.086181615834036 0
      vertex 34.45538183572432 21.15296679486336 16
      vertex 34.095041255281615 21.086181615834036 16
    endloop
  endfacet
  facet normal 0.23344536385591208 -0.9723699203976749 0
    outer loop
      vertex 34.45538183572432 21.15296679486336 0
      vertex 34.811733315717646 21.238519215976524 16
      vertex 34.45538183572432 21.15296679486336 16
    endloop
  endfacet
  facet normal 0 0 -1
    outer loop
      vertex 29.18752675489481 22.129306024382032 0
      vertex 29.654346968205708 24.28427587261303 0
      vertex 29.5 21.93782217350893 0
    endloop
  endfacet
  facet normal 0 0 -1
    outer loop
      vertex 29 22.258189592249586 0
      vertex 29.114270192715146 24.85339804475081 0
      vertex 29.18752675489481 22.129306024382032 0
    endloop
  endfacet
  facet normal 0 0 -1
    outer loop
      vertex 29.18752675489481 22.129306024382032 0
      vertex 29.464466094067262 24.464466094067262 0
      vertex 29.654346968205708 24.28427587261303 0
    endloop
  endfacet
  facet normal 0 0 -1
    outer loop
      vertex 29.18752675489481 22.129306024382032 0
      vertex 29.28427587261303 24.654346968205708 0
      vertex 29.464466094067262 24.464466094067262 0
    endloop
  endfacet
  facet normal 0 0 -1
    outer loop
      vertex 29.18752675489481 22.129306024382032 0
      vertex 29.114270192715146 24.85339804475081 0
      vertex 29.28427587261303 24.654346968205708 0
    endloop
  endfacet
  facet normal 0 0 -1
    outer loop
      vertex 29 22.258189592249586 0
      vertex 29 25.002317859256646 0
      vertex 29.114270192715146 24.85339804475081 0
    endloop
  endfacet
  facet normal 0 0 -1
    outer loop
      vertex 30.83688103937537 21.342604385933925 0
      vertex 31.208160252273498 23.33209786751399 0
      vertex 31.188266684282354 21.238519215976524 0
    endloop
  endfacet
  facet normal 0 0 -1
    outer loop
      vertex 30.152843498469398 21.605181796501796 0
      vertex 30.5 23.66987298107781 0
      vertex 30.4914243531829 21.464937014519588 0
    endloop
  endfacet
  facet normal 0 0 -1
    outer loop
      vertex 30.152843498469398 21.605181796501796 0
      vertex 29.822066501823173 21.762954330681424 0
      vertex 30.276804824924866 23.80664716027288 0
    endloop
  endfacet
  facet normal 0 0 -1
    outer loop
      vertex 29.822066501823173 21.762954330681424 0
      vertex 29.5 21.93782217350893 0
      vertex 29.85339804475081 24.114270192715146 0
    endloop
  endfacet
  facet normal 0 0 -1
    outer loop
      vertex 30.83688103937537 21.342604385933925 0
      vertex 30.4914243531829 21.464937014519588 0
      vertex 30.966316784621 23.432272711786997 0
    endloop
  endfacet
  facet normal 0 0 -1
    outer loop
      vertex 30.4914243531829 21.464937014519588 0
      vertex 30.5 23.66987298107781 0
      vertex 30.730047501302266 23.54496737905816 0
    endloop
  endfacet
  facet normal 0 0 -1
    outer loop
      vertex 30.4914243531829 21.464937014519588 0
      vertex 30.730047501302266 23.54496737905816 0
      vertex 30.966316784621 23.432272711786997 0
    endloop
  endfacet
  facet normal 0 0 -1
    outer loop
      vertex 30.83688103937537 21.342604385933925 0
      vertex 30.966316784621 23.432272711786997 0
      vertex 31.208160252273498 23.33209786751399 0
    endloop
  endfacet
  facet normal 0 0 -1
    outer loop
      vertex 31.188266684282354 21.238519215976524 0
      vertex 31.208160252273498 23.33209786751399 0
      vertex 31.454915028125264 23.244717418524232 0
    endloop
  endfacet
  facet normal 0 0 -1
    outer loop
      vertex 31.544618164275683 21.15296679486336 0
      vertex 31.188266684282354 21.238519215976524 0
      vertex 31.705904774487397 23.17037086855466 0
    endloop
  endfacet
  facet normal 0 0 -1
    outer loop
      vertex 31.544618164275683 21.15296679486336 0
      vertex 31.960441545911202 23.10926199633097 0
      vertex 31.904958744718385 21.086181615834036 0
    endloop
  endfacet
  facet normal 0 0 -1
    outer loop
      vertex 31.904958744718385 21.086181615834036 0
      vertex 32.47735768366174 23.027390523158633 0
      vertex 32.268300757126426 21.038346732422088 0
    endloop
  endfacet
  facet normal 0 0 -1
    outer loop
      vertex 32.268300757126426 21.038346732422088 0
      vertex 32.73832021878528 23.006852326227133 0
      vertex 32.63364830629939 21.009593256717984 0
    endloop
  endfacet
  facet normal 0 0 -1
    outer loop
      vertex 32.63364830629939 21.009593256717984 0
      vertex 32.73832021878528 23.006852326227133 0
      vertex 33 21 0
    endloop
  endfacet
  facet normal 0 0 -1
    outer loop
      vertex 31.544618164275683 21.15296679486336 0
      vertex 31.705904774487397 23.17037086855466 0
      vertex 31.960441545911202 23.10926199633097 0
    endloop
  endfacet
  facet normal 0 0 -1
    outer loop
      vertex 31.904958744718385 21.086181615834036 0
      vertex 31.960441545911202 23.10926199633097 0
      vertex 32.21782767479885 23.061558297024312 0
    endloop
  endfacet
  facet normal 0 0 -1
    outer loop
      vertex 31.904958744718385 21.086181615834036 0
      vertex 32.21782767479885 23.061558297024312 0
      vertex 32.47735768366174 23.027390523158633 0
    endloop
  endfacet
  facet normal 0 0 -1
    outer loop
      vertex 31.188266684282354 21.238519215976524 0
      vertex 31.454915028125264 23.244717418524232 0
      vertex 31.705904774487397 23.17037086855466 0
    endloop
  endfacet
  facet normal 0 0 -1
    outer loop
      vertex 32.268300757126426 21.038346732422088 0
      vertex 32.47735768366174 23.027390523158633 0
      vertex 32.73832021878528 23.006852326227133 0
    endloop
  endfacet
  facet normal 0 0 -1
    outer loop
      vertex 33 21 0
      vertex 32.73832021878528 23.006852326227133 0
      vertex 33 23 0
    endloop
  endfacet
  facet normal 0 0 -1
    outer loop
      vertex 33 21 0
      vertex 33 23 0
      vertex 33.26167978121472 23.006852326227133 0
    endloop
  endfacet
  facet normal 0 0 -1
    outer loop
      vertex 29.822066501823173 21.762954330681424 0
      vertex 29.85339804475081 24.114270192715146 0
      vertex 30.061073738537633 23.954915028125264 0
    endloop
  endfacet
  facet normal 0 0 -1
    outer loop
      vertex 30.152843498469398 21.605181796501796 0
      vertex 30.276804824924866 23.80664716027288 0
      vertex 30.5 23.66987298107781 0
    endloop
  endfacet
  facet normal 0 0 -1
    outer loop
      vertex 29.822066501823173 21.762954330681424 0
      vertex 30.061073738537633 23.954915028125264 0
      vertex 30.276804824924866 23.80664716027288 0
    endloop
  endfacet
  facet normal 0 0 -1
    outer loop
      vertex 29.5 21.93782217350893 0
      vertex 29.654346968205708 24.28427587261303 0
      vertex 29.85339804475081 24.114270192715146 0
    endloop
  endfacet
  facet normal 0 0 -1
    outer loop
      vertex 33 21 0
      vertex 33.26167978121472 23.006852326227133 0
      vertex 33.36635169370061 21.009593256717984 0
    endloop
  endfacet
  facet normal 0 0 -1
    outer loop
      vertex 33.36635169370061 21.009593256717984 0
      vertex 33.52264231633826 23.027390523158633 0
      vertex 33.731699242873574 21.038346732422088 0
    endloop
  endfacet
  facet normal 0 0 -1
    outer loop
      vertex 33.731699242873574 21.038346732422088 0
      vertex 34.0395584540888 23.10926199633097 0
      vertex 34.095041255281615 21.086181615834036 0
    endloop
  endfacet
  facet normal 0 0 -1
    outer loop
      vertex 34.095041255281615 21.086181615834036 0
      vertex 34.294095225512606 23.17037086855466 0
      vertex 34.45538183572432 21.15296679486336 0
    endloop
  endfacet
  facet normal 0 0 -1
    outer loop
      vertex 34.45538183572432 21.15296679486336 0
      vertex 34.545084971874736 23.244717418524232 0
      vertex 34.811733315717646 21.238519215976524 0
    endloop
  endfacet
  facet normal 0 0 -1
    outer loop
      vertex 33.36635169370061 21.009593256717984 0
      vertex 33.26167978121472 23.006852326227133 0
      vertex 33.52264231633826 23.027390523158633 0
    endloop
  endfacet
  facet normal 0 0 -1
    outer loop
      vertex 33.731699242873574 21.038346732422088 0
      vertex 33.52264231633826 23.027390523158633 0
      vertex 33.78217232520115 23.061558297024312 0
    endloop
  endfacet
  facet normal 0 0 -1
    outer loop
      vertex 33.731699242873574 21.038346732422088 0
      vertex 33.78217232520115 23.061558297024312 0
      vertex 34.0395584540888 23.10926199633097 0
    endloop
  endfacet
  facet normal 0 0 -1
    outer loop
      vertex 34.095041255281615 21.086181615834036 0
      vertex 34.0395584540888 23.10926199633097 0
      vertex 34.294095225512606 23.17037086855466 0
    endloop
  endfacet
  facet normal 0 0 -1
    outer loop
      vertex 34.45538183572432 21.15296679486336 0
      vertex 34.294095225512606 23.17037086855466 0
      vertex 34.545084971874736 23.244717418524232 0
    endloop
  endfacet
  facet normal 0 0 -1
    outer loop
      vertex 34.811733315717646 21.238519215976524 0
      vertex 34.545084971874736 23.244717418524232 0
      vertex 34.7918397477265 23.33209786751399 0
    endloop
  endfacet
  facet normal 0 0 -1
    outer loop
      vertex 34.811733315717646 21.238519215976524 0
      vertex 34.7918397477265 23.33209786751399 0
      vertex 35.033683215379 23.432272711786997 0
    endloop
  endfacet
  facet normal 0 0 -1
    outer loop
      vertex 34.811733315717646 21.238519215976524 0
      vertex 35.033683215379 23.432272711786997 0
      vertex 35.16311896062463 21.342604385933925 0
    endloop
  endfacet
  facet normal 0 0 -1
    outer loop
      vertex 35.16311896062463 21.342604385933925 0
      vertex 35.269952498697734 23.54496737905816 0
      vertex 35.5085756468171 21.464937014519588 0
    endloop
  endfacet
  facet normal 0 0 -1
    outer loop
      vertex 35.5085756468171 21.464937014519588 0
      vertex 35.72319517507513 23.80664716027288 0
      vertex 35.847156501530606 21.605181796501796 0
    endloop
  endfacet
  facet normal 0 0 -1
    outer loop
      vertex 35.16311896062463 21.342604385933925 0
      vertex 35.033683215379 23.432272711786997 0
      vertex 35.269952498697734 23.54496737905816 0
    endloop
  endfacet
  facet normal 0 0 -1
    outer loop
      vertex 35.5085756468171 21.464937014519588 0
      vertex 35.269952498697734 23.54496737905816 0
      vertex 35.5 23.66987298107781 0
    endloop
  endfacet
  facet normal 0 0 -1
    outer loop
      vertex 35.847156501530606 21.605181796501796 0
      vertex 35.93892626146237 23.954915028125264 0
      vertex 36.17793349817683 21.762954330681424 0
    endloop
  endfacet
  facet normal 0 0 -1
    outer loop
      vertex 36.17793349817683 21.762954330681424 0
      vertex 36.34565303179429 24.28427587261303 0
      vertex 36.5 21.93782217350893 0
    endloop
  endfacet
  facet normal 0 0 -1
    outer loop
      vertex 36.5 21.93782217350893 0
      vertex 36.71572412738697 24.654346968205708 0
      vertex 36.81247324510519 22.129306024382032 0
    endloop
  endfacet
  facet normal 0 0 -1
    outer loop
      vertex 35.5085756468171 21.464937014519588 0
      vertex 35.5 23.66987298107781 0
      vertex 35.72319517507513 23.80664716027288 0
    endloop
  endfacet
  facet normal 0 0 -1
    outer loop
      vertex 35.847156501530606 21.605181796501796 0
      vertex 35.72319517507513 23.80664716027288 0
      vertex 35.93892626146237 23.954915028125264 0
    endloop
  endfacet
  facet normal 0 0 -1
    outer loop
      vertex 36.17793349817683 21.762954330681424 0
      vertex 35.93892626146237 23.954915028125264 0
      vertex 36.14660195524919 24.114270192715146 0
    endloop
  endfacet
  facet normal 0 0 -1
    outer loop
      vertex 36.17793349817683 21.762954330681424 0
      vertex 36.14660195524919 24.114270192715146 0
      vertex 36.34565303179429 24.28427587261303 0
    endloop
  endfacet
  facet normal 0 0 -1
    outer loop
      vertex 36.5 21.93782217350893 0
      vertex 36.34565303179429 24.28427587261303 0
      vertex 36.53553390593274 24.464466094067262 0
    endloop
  endfacet
  facet normal 0 0 -1
    outer loop
      vertex 36.5 21.93782217350893 0
      vertex 36.53553390593274 24.464466094067262 0
      vertex 36.71572412738697 24.654346968205708 0
    endloop
  endfacet
  facet normal 0 0 -1
    outer loop
      vertex 36.81247324510519 22.129306024382032 0
      vertex 36.885729807284854 24.85339804475081 0
      vertex 37.11449676604731 22.336881039375367 0
    endloop
  endfacet
  facet normal 0 0 -1
    outer loop
      vertex 37.11449676604731 22.336881039375367 0
      vertex 37.19335283972712 25.276804824924866 0
      vertex 37.40524273734886 22.559978269801203 0
    endloop
  endfacet
  facet normal 0 0 -1
    outer loop
      vertex 37.40524273734886 22.559978269801203 0
      vertex 39.06217782606286 24.499999999301224 0
      vertex 37.68391424451201 22.797986221658242 0
    endloop
  endfacet
  facet normal 0 0 -1
    outer loop
      vertex 37.68391424451201 22.797986221658242 0
      vertex 39.06217782606286 24.499999999301224 0
      vertex 37.94974746830583 23.050252531694166 0
    endloop
  endfacet
  facet normal 0 0 -1
    outer loop
      vertex 37.94974746830583 23.050252531694166 0
      vertex 39.06217782606286 24.499999999301224 0
      vertex 38.20201377834176 23.316085755487993 0
    endloop
  endfacet
  facet normal 0 0 -1
    outer loop
      vertex 36.81247324510519 22.129306024382032 0
      vertex 36.71572412738697 24.654346968205708 0
      vertex 36.885729807284854 24.85339804475081 0
    endloop
  endfacet
  facet normal 0 0 -1
    outer loop
      vertex 37.11449676604731 22.336881039375367 0
      vertex 36.885729807284854 24.85339804475081 0
      vertex 37.045084971874736 25.061073738537633 0
    endloop
  endfacet
  facet normal 0 0 -1
    outer loop
      vertex 37.11449676604731 22.336881039375367 0
      vertex 37.045084971874736 25.061073738537633 0
      vertex 37.19335283972712 25.276804824924866 0
    endloop
  endfacet
  facet normal 0 0 -1
    outer loop
      vertex 37.40524273734886 22.559978269801203 0
      vertex 37.19335283972712 25.276804824924866 0
      vertex 39.06217782606286 24.499999999301224 0
    endloop
  endfacet
  facet normal 0 0 -1
    outer loop
      vertex 38.20201377834176 23.316085755487993 0
      vertex 39.06217782606286 24.499999999301224 0
      vertex 38.440021730198794 23.59475726265114 0
    endloop
  endfacet
  facet normal 0 0 -1
    outer loop
      vertex 38.440021730198794 23.59475726265114 0
      vertex 39.06217782606286 24.499999999301224 0
      vertex 38.66311896062463 23.88550323395269 0
    endloop
  endfacet
  facet normal 0 0 -1
    outer loop
      vertex 38.66311896062463 23.88550323395269 0
      vertex 39.06217782606286 24.499999999301224 0
      vertex 38.87069397561797 24.18752675489481 0
    endloop
  endfacet
  facet normal 0 0 -1
    outer loop
      vertex 39.06217782606286 24.499999999301224 0
      vertex 37.19335283972712 25.276804824924866 0
      vertex 37.330127018616324 25.499999999500872 0
    endloop
  endfacet
  facet normal -0.5224985647159489 -0.8526401643540922 0
    outer loop
      vertex 29.18752675489481 22.129306024382032 0
      vertex 29.5 21.93782217350893 0
      vertex 29.5 21.93782217350893 16
    endloop
  endfacet
  facet normal -0.566406236924827 -0.8241261886220197 0
    outer loop
      vertex 29 22.258189592249586 0
      vertex 29.18752675489481 22.129306024382032 0
      vertex 29.18752675489481 22.129306024382032 16
    endloop
  endfacet
  facet normal -0.38268343236509184 -0.923879532511286 0
    outer loop
      vertex 30.152843498469398 21.605181796501796 0
      vertex 30.4914243531829 21.464937014519588 0
      vertex 30.4914243531829 21.464937014519588 16
    endloop
  endfacet
  facet normal -0.47715876025961196 -0.8788171126619635 0
    outer loop
      vertex 29.822066501823173 21.762954330681424 0
      vertex 29.822066501823173 21.762954330681424 16
      vertex 29.5 21.93782217350893 0
    endloop
  endfacet
  facet normal -0.4305110968082891 -0.9025852843498636 0
    outer loop
      vertex 30.152843498469398 21.605181796501796 0
      vertex 30.152843498469398 21.605181796501796 16
      vertex 29.822066501823173 21.762954330681424 0
    endloop
  endfacet
  facet normal -0.3338068592337726 -0.9426414910921778 0
    outer loop
      vertex 30.83688103937537 21.342604385933925 0
      vertex 30.83688103937537 21.342604385933925 16
      vertex 30.4914243531829 21.464937014519588 0
    endloop
  endfacet
  facet normal -0.2840153447039189 -0.9588197348681942 0
    outer loop
      vertex 30.83688103937537 21.342604385933925 0
      vertex 31.188266684282354 21.238519215976524 0
      vertex 31.188266684282354 21.238519215976524 16
    endloop
  endfacet
  facet normal 0.23344536385591208 -0.9723699203976749 0
    outer loop
      vertex 34.45538183572432 21.15296679486336 0
      vertex 34.811733315717646 21.238519215976524 0
      vertex 34.811733315717646 21.238519215976524 16
    endloop
  endfacet
  facet normal 0.2840153447039189 -0.9588197348681942 0
    outer loop
      vertex 34.811733315717646 21.238519215976524 0
      vertex 35.16311896062463 21.342604385933925 0
      vertex 35.16311896062463 21.342604385933925 16
    endloop
  endfacet
  facet normal 0.3338068592337726 -0.9426414910921778 0
    outer loop
      vertex 35.16311896062463 21.342604385933925 0
      vertex 35.5085756468171 21.464937014519588 0
      vertex 35.5085756468171 21.464937014519588 16
    endloop
  endfacet
  facet normal 0.3826834323650884 -0.9238795325112873 0
    outer loop
      vertex 35.5085756468171 21.464937014519588 0
      vertex 35.847156501530606 21.605181796501796 0
      vertex 35.847156501530606 21.605181796501796 16
    endloop
  endfacet
  facet normal 0.4305110968082928 -0.9025852843498617 0
    outer loop
      vertex 35.847156501530606 21.605181796501796 0
      vertex 36.17793349817683 21.762954330681424 0
      vertex 36.17793349817683 21.762954330681424 16
    endloop
  endfacet
  facet normal 0.47715876025961196 -0.8788171126619635 0
    outer loop
      vertex 36.17793349817683 21.762954330681424 0
      vertex 36.5 21.93782217350893 0
      vertex 36.5 21.93782217350893 16
    endloop
  endfacet
  facet normal 0.5224985647159489 -0.8526401643540922 0
    outer loop
      vertex 36.5 21.93782217350893 0
      vertex 36.81247324510519 22.129306024382032 0
      vertex 36.81247324510519 22.129306024382032 16
    endloop
  endfacet
  facet normal 0.5664062369248312 -0.8241261886220168 0
    outer loop
      vertex 36.81247324510519 22.129306024382032 0
      vertex 37.11449676604731 22.336881039375367 0
      vertex 37.11449676604731 22.336881039375367 16
    endloop
  endfacet
  facet normal 0.608761429008725 -0.7933533402912317 0
    outer loop
      vertex 37.11449676604731 22.336881039375367 0
      vertex 37.40524273734886 22.559978269801203 0
      vertex 37.40524273734886 22.559978269801203 16
    endloop
  endfacet
  facet normal 0.6494480483301768 -0.7604059656000367 0
    outer loop
      vertex 37.40524273734886 22.559978269801203 0
      vertex 37.68391424451201 22.797986221658242 0
      vertex 37.68391424451201 22.797986221658242 16
    endloop
  endfacet
  facet normal 0.6883545756937581 -0.7253743710122839 0
    outer loop
      vertex 37.68391424451201 22.797986221658242 0
      vertex 37.94974746830583 23.050252531694166 0
      vertex 37.94974746830583 23.050252531694166 16
    endloop
  endfacet
  facet normal 0.7253743710122882 -0.6883545756937535 0
    outer loop
      vertex 37.94974746830583 23.050252531694166 0
      vertex 38.20201377834176 23.316085755487993 0
      vertex 37.94974746830583 23.050252531694166 16
    endloop
  endfacet
  facet normal 0.7604059656000334 -0.6494480483301808 0
    outer loop
      vertex 38.20201377834176 23.316085755487993 0
      vertex 38.440021730198794 23.59475726265114 0
      vertex 38.20201377834176 23.316085755487993 16
    endloop
  endfacet
  facet normal 0.7933533402912355 -0.6087614290087203 0
    outer loop
      vertex 38.440021730198794 23.59475726265114 0
      vertex 38.66311896062463 23.88550323395269 0
      vertex 38.440021730198794 23.59475726265114 16
    endloop
  endfacet
  facet normal 0.8241261886220121 -0.5664062369248377 0
    outer loop
      vertex 38.66311896062463 23.88550323395269 0
      vertex 38.87069397561797 24.18752675489481 0
      vertex 38.66311896062463 23.88550323395269 16
    endloop
  endfacet
  facet normal 0.852640164354094 -0.5224985647159458 0
    outer loop
      vertex 38.87069397561797 24.18752675489481 0
      vertex 39.06217782606286 24.499999999301224 0
      vertex 39.06217782606286 24.499999999301224 16
    endloop
  endfacet
  facet normal 0 0 -1
    outer loop
      vertex 29 30.997682140743354 0
      vertex 29 33.741810407750414 0
      vertex 29.114270192715146 31.14660195524919 0
    endloop
  endfacet
  facet normal 0 0 -1
    outer loop
      vertex 29.114270192715146 31.14660195524919 0
      vertex 29.18752675489481 33.87069397561797 0
      vertex 29.28427587261303 31.345653031794292 0
    endloop
  endfacet
  facet normal 0 0 -1
    outer loop
      vertex 29.28427587261303 31.345653031794292 0
      vertex 29.5 34.06217782649107 0
      vertex 29.464466094067262 31.535533905932738 0
    endloop
  endfacet
  facet normal 0 0 -1
    outer loop
      vertex 29.114270192715146 31.14660195524919 0
      vertex 29 33.741810407750414 0
      vertex 29.18752675489481 33.87069397561797 0
    endloop
  endfacet
  facet normal 0 0 -1
    outer loop
      vertex 29.28427587261303 31.345653031794292 0
      vertex 29.18752675489481 33.87069397561797 0
      vertex 29.5 34.06217782649107 0
    endloop
  endfacet
  facet normal 0 0 -1
    outer loop
      vertex 29.464466094067262 31.535533905932738 0
      vertex 29.5 34.06217782649107 0
      vertex 29.654346968205708 31.71572412738697 0
    endloop
  endfacet
  facet normal 0 0 -1
    outer loop
      vertex 29.654346968205708 31.71572412738697 0
      vertex 29.822066501823173 34.237045669318576 0
      vertex 29.85339804475081 31.885729807284854 0
    endloop
  endfacet
  facet normal 0 0 -1
    outer loop
      vertex 29.85339804475081 31.885729807284854 0
      vertex 29.822066501823173 34.237045669318576 0
      vertex 30.061073738537633 32.045084971874736 0
    endloop
  endfacet
  facet normal 0 0 -1
    outer loop
      vertex 30.061073738537633 32.045084971874736 0
      vertex 30.152843498469398 34.394818203498204 0
      vertex 30.276804824924866 32.19335283972712 0
    endloop
  endfacet
  facet normal 0 0 -1
    outer loop
      vertex 30.276804824924866 32.19335283972712 0
      vertex 30.4914243531829 34.53506298548041 0
      vertex 30.5 32.33012701892219 0
    endloop
  endfacet
  facet normal 0 0 -1
    outer loop
      vertex 30.5 32.33012701892219 0
      vertex 30.4914243531829 34.53506298548041 0
      vertex 30.730047501302266 32.455032620941836 0
    endloop
  endfacet
  facet normal 0 0 -1
    outer loop
      vertex 30.730047501302266 32.455032620941836 0
      vertex 30.83688103937537 34.657395614066075 0
      vertex 30.966316784621 32.56772728821301 0
    endloop
  endfacet
  facet normal 0 0 -1
    outer loop
      vertex 29.654346968205708 31.71572412738697 0
      vertex 29.5 34.06217782649107 0
      vertex 29.822066501823173 34.237045669318576 0
    endloop
  endfacet
  facet normal 0 0 -1
    outer loop
      vertex 30.061073738537633 32.045084971874736 0
      vertex 29.822066501823173 34.237045669318576 0
      vertex 30.152843498469398 34.394818203498204 0
    endloop
  endfacet
  facet normal 0 0 -1
    outer loop
      vertex 30.276804824924866 32.19335283972712 0
      vertex 30.152843498469398 34.394818203498204 0
      vertex 30.4914243531829 34.53506298548041 0
    endloop
  endfacet
  facet normal 0 0 -1
    outer loop
      vertex 30.966316784621 32.56772728821301 0
      vertex 31.188266684282354 34.761480784023476 0
      vertex 31.208160252273498 32.667902132486006 0
    endloop
  endfacet
  facet normal 0 0 -1
    outer loop
      vertex 31.208160252273498 32.667902132486006 0
      vertex 31.188266684282354 34.761480784023476 0
      vertex 31.454915028125264 32.75528258147577 0
    endloop
  endfacet
  facet normal 0 0 -1
    outer loop
      vertex 30.730047501302266 32.455032620941836 0
      vertex 30.4914243531829 34.53506298548041 0
      vertex 30.83688103937537 34.657395614066075 0
    endloop
  endfacet
  facet normal 0 0 -1
    outer loop
      vertex 30.966316784621 32.56772728821301 0
      vertex 30.83688103937537 34.657395614066075 0
      vertex 31.188266684282354 34.761480784023476 0
    endloop
  endfacet
  facet normal 0 0 -1
    outer loop
      vertex 31.454915028125264 32.75528258147577 0
      vertex 31.544618164275683 34.84703320513664 0
      vertex 31.705904774487397 32.829629131445344 0
    endloop
  endfacet
  facet normal 0 0 -1
    outer loop
      vertex 31.705904774487397 32.829629131445344 0
      vertex 31.904958744718385 34.913818384165964 0
      vertex 31.960441545911202 32.89073800366903 0
    endloop
  endfacet
  facet normal 0 0 -1
    outer loop
      vertex 31.960441545911202 32.89073800366903 0
      vertex 32.268300757126426 34.961653267577915 0
      vertex 32.21782767479885 32.93844170297569 0
    endloop
  endfacet
  facet normal 0 0 -1
    outer loop
      vertex 31.454915028125264 32.75528258147577 0
      vertex 31.188266684282354 34.761480784023476 0
      vertex 31.544618164275683 34.84703320513664 0
    endloop
  endfacet
  facet normal 0 0 -1
    outer loop
      vertex 32.21782767479885 32.93844170297569 0
      vertex 32.268300757126426 34.961653267577915 0
      vertex 32.47735768366174 32.97260947684137 0
    endloop
  endfacet
  facet normal 0 0 -1
    outer loop
      vertex 32.47735768366174 32.97260947684137 0
      vertex 32.63364830629939 34.990406743282016 0
      vertex 32.73832021878528 32.99314767377287 0
    endloop
  endfacet
  facet normal 0 0 -1
    outer loop
      vertex 32.73832021878528 32.99314767377287 0
      vertex 33 35 0
      vertex 33 33 0
    endloop
  endfacet
  facet normal 0 0 -1
    outer loop
      vertex 33 33 0
      vertex 33 35 0
      vertex 33.26167978121472 32.99314767377287 0
    endloop
  endfacet
  facet normal 0 0 -1
    outer loop
      vertex 31.705904774487397 32.829629131445344 0
      vertex 31.544618164275683 34.84703320513664 0
      vertex 31.904958744718385 34.913818384165964 0
    endloop
  endfacet
  facet normal 0 0 -1
    outer loop
      vertex 31.960441545911202 32.89073800366903 0
      vertex 31.904958744718385 34.913818384165964 0
      vertex 32.268300757126426 34.961653267577915 0
    endloop
  endfacet
  facet normal 0 0 -1
    outer loop
      vertex 32.47735768366174 32.97260947684137 0
      vertex 32.268300757126426 34.961653267577915 0
      vertex 32.63364830629939 34.990406743282016 0
    endloop
  endfacet
  facet normal 0 0 -1
    outer loop
      vertex 32.73832021878528 32.99314767377287 0
      vertex 32.63364830629939 34.990406743282016 0
      vertex 33 35 0
    endloop
  endfacet
  facet normal 0 0 -1
    outer loop
      vertex 37.330127018616324 30.500000000499128 0
      vertex 38.87069397561797 31.81247324510519 0
      vertex 39.06217782606286 31.500000000698776 0
    endloop
  endfacet
  facet normal 0 0 -1
    outer loop
      vertex 37.330127018616324 30.500000000499128 0
      vertex 38.66311896062463 32.11449676604731 0
      vertex 38.87069397561797 31.81247324510519 0
    endloop
  endfacet
  facet normal 0 0 -1
    outer loop
      vertex 36.71572412738697 31.345653031794292 0
      vertex 36.53553390593274 31.535533905932738 0
      vertex 36.81247324510519 33.87069397561797 0
    endloop
  endfacet
  facet normal 0 0 -1
    outer loop
      vertex 36.53553390593274 31.535533905932738 0
      vertex 36.34565303179429 31.71572412738697 0
      vertex 36.81247324510519 33.87069397561797 0
    endloop
  endfacet
  facet normal 0 0 -1
    outer loop
      vertex 35.033683215379 32.56772728821301 0
      vertex 35.5085756468171 34.53506298548041 0
      vertex 35.269952498697734 32.455032620941836 0
    endloop
  endfacet
  facet normal 0 0 -1
    outer loop
      vertex 35.72319517507513 32.19335283972712 0
      vertex 35.5 32.33012701892219 0
      vertex 35.847156501530606 34.394818203498204 0
    endloop
  endfacet
  facet normal 0 0 -1
    outer loop
      vertex 35.5 32.33012701892219 0
      vertex 35.269952498697734 32.455032620941836 0
      vertex 35.5085756468171 34.53506298548041 0
    endloop
  endfacet
  facet normal 0 0 -1
    outer loop
      vertex 35.72319517507513 32.19335283972712 0
      vertex 36.17793349817683 34.237045669318576 0
      vertex 35.93892626146237 32.045084971874736 0
    endloop
  endfacet
  facet normal 0 0 -1
    outer loop
      vertex 36.14660195524919 31.885729807284854 0
      vertex 35.93892626146237 32.045084971874736 0
      vertex 36.17793349817683 34.237045669318576 0
    endloop
  endfacet
  facet normal 0 0 -1
    outer loop
      vertex 36.14660195524919 31.885729807284854 0
      vertex 36.5 34.06217782649107 0
      vertex 36.34565303179429 31.71572412738697 0
    endloop
  endfacet
  facet normal 0 0 -1
    outer loop
      vertex 36.34565303179429 31.71572412738697 0
      vertex 36.5 34.06217782649107 0
      vertex 36.81247324510519 33.87069397561797 0
    endloop
  endfacet
  facet normal 0 0 -1
    outer loop
      vertex 33.26167978121472 32.99314767377287 0
      vertex 33.731699242873574 34.961653267577915 0
      vertex 33.52264231633826 32.97260947684137 0
    endloop
  endfacet
  facet normal 0 0 -1
    outer loop
      vertex 33.78217232520115 32.93844170297569 0
      vertex 34.095041255281615 34.913818384165964 0
      vertex 34.0395584540888 32.89073800366903 0
    endloop
  endfacet
  facet normal 0 0 -1
    outer loop
      vertex 33.52264231633826 32.97260947684137 0
      vertex 34.095041255281615 34.913818384165964 0
      vertex 33.78217232520115 32.93844170297569 0
    endloop
  endfacet
  facet normal 0 0 -1
    outer loop
      vertex 34.294095225512606 32.829629131445344 0
      vertex 34.0395584540888 32.89073800366903 0
      vertex 34.45538183572432 34.84703320513664 0
    endloop
  endfacet
  facet normal 0 0 -1
    outer loop
      vertex 34.294095225512606 32.829629131445344 0
      vertex 34.811733315717646 34.761480784023476 0
      vertex 34.545084971874736 32.75528258147577 0
    endloop
  endfacet
  facet normal 0 0 -1
    outer loop
      vertex 34.545084971874736 32.75528258147577 0
      vertex 34.811733315717646 34.761480784023476 0
      vertex 34.7918397477265 32.667902132486006 0
    endloop
  endfacet
  facet normal 0 0 -1
    outer loop
      vertex 33 35 0
      vertex 33.36635169370061 34.990406743282016 0
      vertex 33.26167978121472 32.99314767377287 0
    endloop
  endfacet
  facet normal 0 0 -1
    outer loop
      vertex 33.26167978121472 32.99314767377287 0
      vertex 33.36635169370061 34.990406743282016 0
      vertex 33.731699242873574 34.961653267577915 0
    endloop
  endfacet
  facet normal 0 0 -1
    outer loop
      vertex 33.52264231633826 32.97260947684137 0
      vertex 33.731699242873574 34.961653267577915 0
      vertex 34.095041255281615 34.913818384165964 0
    endloop
  endfacet
  facet normal 0 0 -1
    outer loop
      vertex 34.0395584540888 32.89073800366903 0
      vertex 34.095041255281615 34.913818384165964 0
      vertex 34.45538183572432 34.84703320513664 0
    endloop
  endfacet
  facet normal 0 0 -1
    outer loop
      vertex 34.294095225512606 32.829629131445344 0
      vertex 34.45538183572432 34.84703320513664 0
      vertex 34.811733315717646 34.761480784023476 0
    endloop
  endfacet
  facet normal 0 0 -1
    outer loop
      vertex 34.7918397477265 32.667902132486006 0
      vertex 35.16311896062463 34.657395614066075 0
      vertex 35.033683215379 32.56772728821301 0
    endloop
  endfacet
  facet normal 0 0 -1
    outer loop
      vertex 35.033683215379 32.56772728821301 0
      vertex 35.16311896062463 34.657395614066075 0
      vertex 35.5085756468171 34.53506298548041 0
    endloop
  endfacet
  facet normal 0 0 -1
    outer loop
      vertex 34.7918397477265 32.667902132486006 0
      vertex 34.811733315717646 34.761480784023476 0
      vertex 35.16311896062463 34.657395614066075 0
    endloop
  endfacet
  facet normal 0 0 -1
    outer loop
      vertex 35.5 32.33012701892219 0
      vertex 35.5085756468171 34.53506298548041 0
      vertex 35.847156501530606 34.394818203498204 0
    endloop
  endfacet
  facet normal 0 0 -1
    outer loop
      vertex 35.72319517507513 32.19335283972712 0
      vertex 35.847156501530606 34.394818203498204 0
      vertex 36.17793349817683 34.237045669318576 0
    endloop
  endfacet
  facet normal 0 0 -1
    outer loop
      vertex 36.14660195524919 31.885729807284854 0
      vertex 36.17793349817683 34.237045669318576 0
      vertex 36.5 34.06217782649107 0
    endloop
  endfacet
  facet normal 0 0 -1
    outer loop
      vertex 37.045084971874736 30.938926261462367 0
      vertex 36.885729807284854 31.14660195524919 0
      vertex 37.11449676604731 33.66311896062463 0
    endloop
  endfacet
  facet normal 0 0 -1
    outer loop
      vertex 37.330127018616324 30.500000000499128 0
      vertex 37.19335283972712 30.723195175075134 0
      vertex 37.40524273734886 33.440021730198794 0
    endloop
  endfacet
  facet normal 0 0 -1
    outer loop
      vertex 37.045084971874736 30.938926261462367 0
      vertex 37.40524273734886 33.440021730198794 0
      vertex 37.19335283972712 30.723195175075134 0
    endloop
  endfacet
  facet normal 0 0 -1
    outer loop
      vertex 36.71572412738697 31.345653031794292 0
      vertex 37.11449676604731 33.66311896062463 0
      vertex 36.885729807284854 31.14660195524919 0
    endloop
  endfacet
  facet normal 0 0 -1
    outer loop
      vertex 37.330127018616324 30.500000000499128 0
      vertex 37.40524273734886 33.440021730198794 0
      vertex 37.68391424451201 33.20201377834176 0
    endloop
  endfacet
  facet normal 0 0 -1
    outer loop
      vertex 37.330127018616324 30.500000000499128 0
      vertex 38.20201377834176 32.68391424451201 0
      vertex 38.440021730198794 32.405242737348864 0
    endloop
  endfacet
  facet normal 0 0 -1
    outer loop
      vertex 37.330127018616324 30.500000000499128 0
      vertex 38.440021730198794 32.405242737348864 0
      vertex 38.66311896062463 32.11449676604731 0
    endloop
  endfacet
  facet normal 0 0 -1
    outer loop
      vertex 37.330127018616324 30.500000000499128 0
      vertex 37.94974746830583 32.94974746830583 0
      vertex 38.20201377834176 32.68391424451201 0
    endloop
  endfacet
  facet normal 0 0 -1
    outer loop
      vertex 37.330127018616324 30.500000000499128 0
      vertex 37.68391424451201 33.20201377834176 0
      vertex 37.94974746830583 32.94974746830583 0
    endloop
  endfacet
  facet normal 0 0 -1
    outer loop
      vertex 37.045084971874736 30.938926261462367 0
      vertex 37.11449676604731 33.66311896062463 0
      vertex 37.40524273734886 33.440021730198794 0
    endloop
  endfacet
  facet normal 0 0 -1
    outer loop
      vertex 36.71572412738697 31.345653031794292 0
      vertex 36.81247324510519 33.87069397561797 0
      vertex 37.11449676604731 33.66311896062463 0
    endloop
  endfacet
  facet normal -0.566406236924827 0.8241261886220197 0
    outer loop
      vertex 29 33.741810407750414 0
      vertex 29 33.741810407750414 16
      vertex 29.18752675489481 33.87069397561797 0
    endloop
  endfacet
  facet normal -0.5224985647159559 0.8526401643540878 0
    outer loop
      vertex 29.18752675489481 33.87069397561797 0
      vertex 29.18752675489481 33.87069397561797 16
      vertex 29.5 34.06217782649107 0
    endloop
  endfacet
  facet normal -0.4771587602596044 0.8788171126619675 0
    outer loop
      vertex 29.5 34.06217782649107 0
      vertex 29.5 34.06217782649107 16
      vertex 29.822066501823173 34.237045669318576 0
    endloop
  endfacet
  facet normal -0.4305110968082891 0.9025852843498636 0
    outer loop
      vertex 29.822066501823173 34.237045669318576 0
      vertex 29.822066501823173 34.237045669318576 16
      vertex 30.152843498469398 34.394818203498204 0
    endloop
  endfacet
  facet normal -0.38268343236508356 0.9238795325112893 0
    outer loop
      vertex 30.152843498469398 34.394818203498204 0
      vertex 30.152843498469398 34.394818203498204 16
      vertex 30.4914243531829 34.53506298548041 0
    endloop
  endfacet
  facet normal -0.3338068592337813 0.9426414910921748 0
    outer loop
      vertex 30.4914243531829 34.53506298548041 0
      vertex 30.4914243531829 34.53506298548041 16
      vertex 30.83688103937537 34.657395614066075 0
    endloop
  endfacet
  facet normal -0.2840153447039189 0.9588197348681942 0
    outer loop
      vertex 30.83688103937537 34.657395614066075 0
      vertex 30.83688103937537 34.657395614066075 16
      vertex 31.188266684282354 34.761480784023476 0
    endloop
  endfacet
  facet normal -0.23344536385591208 0.9723699203976749 0
    outer loop
      vertex 31.188266684282354 34.761480784023476 0
      vertex 31.188266684282354 34.761480784023476 16
      vertex 31.544618164275683 34.84703320513664 0
    endloop
  endfacet
  facet normal -0.18223552549214447 0.9832549075639551 0
    outer loop
      vertex 31.544618164275683 34.84703320513664 0
      vertex 31.544618164275683 34.84703320513664 16
      vertex 31.904958744718385 34.913818384165964 0
    endloop
  endfacet
  facet normal -0.13052619222005818 0.9914448613738095 0
    outer loop
      vertex 31.904958744718385 34.913818384165964 0
      vertex 31.904958744718385 34.913818384165964 16
      vertex 32.268300757126426 34.961653267577915 0
    endloop
  endfacet
  facet normal -0.07845909572783533 0.9969173337331287 0
    outer loop
      vertex 32.268300757126426 34.961653267577915 0
      vertex 32.268300757126426 34.961653267577915 16
      vertex 32.63364830629939 34.990406743282016 0
    endloop
  endfacet
  facet normal -0.02617694830787718 0.9996573249755573 0
    outer loop
      vertex 32.63364830629939 34.990406743282016 0
      vertex 32.63364830629939 34.990406743282016 16
      vertex 33 35 0
    endloop
  endfacet
  facet normal 0.02617694830787718 0.9996573249755573 0
    outer loop
      vertex 33 35 0
      vertex 33 35 16
      vertex 33.36635169370061 34.990406743282016 0
    endloop
  endfacet
  facet normal 0.07845909572783533 0.9969173337331287 0
    outer loop
      vertex 33.36635169370061 34.990406743282016 0
      vertex 33.36635169370061 34.990406743282016 16
      vertex 33.731699242873574 34.961653267577915 0
    endloop
  endfacet
  facet normal 0.13052619222005818 0.9914448613738095 0
    outer loop
      vertex 33.731699242873574 34.961653267577915 0
      vertex 33.731699242873574 34.961653267577915 16
      vertex 34.095041255281615 34.913818384165964 0
    endloop
  endfacet
  facet normal 0.18223552549214447 0.9832549075639551 0
    outer loop
      vertex 34.095041255281615 34.913818384165964 0
      vertex 34.095041255281615 34.913818384165964 16
      vertex 34.45538183572432 34.84703320513664 0
    endloop
  endfacet
  facet normal 0.23344536385591208 0.9723699203976749 0
    outer loop
      vertex 34.45538183572432 34.84703320513664 0
      vertex 34.45538183572432 34.84703320513664 16
      vertex 34.811733315717646 34.761480784023476 0
    endloop
  endfacet
  facet normal 0.5224985647159559 0.8526401643540878 0
    outer loop
      vertex 36.5 34.06217782649107 0
      vertex 36.5 34.06217782649107 16
      vertex 36.81247324510519 33.87069397561797 0
    endloop
  endfacet
  facet normal 0.3826834323650801 0.9238795325112907 0
    outer loop
      vertex 35.5085756468171 34.53506298548041 0
      vertex 35.5085756468171 34.53506298548041 16
      vertex 35.847156501530606 34.394818203498204 0
    endloop
  endfacet
  facet normal 0.2840153447039189 0.9588197348681942 0
    outer loop
      vertex 34.811733315717646 34.761480784023476 0
      vertex 34.811733315717646 34.761480784023476 16
      vertex 35.16311896062463 34.657395614066075 0
    endloop
  endfacet
  facet normal 0.3338068592337813 0.9426414910921748 0
    outer loop
      vertex 35.5085756468171 34.53506298548041 0
      vertex 35.16311896062463 34.657395614066075 0
      vertex 35.16311896062463 34.657395614066075 16
    endloop
  endfacet
  facet normal 0.4305110968082928 0.9025852843498617 0
    outer loop
      vertex 36.17793349817683 34.237045669318576 0
      vertex 35.847156501530606 34.394818203498204 0
      vertex 35.847156501530606 34.394818203498204 16
    endloop
  endfacet
  facet normal 0.4771587602596044 0.8788171126619675 0
    outer loop
      vertex 36.5 34.06217782649107 0
      vertex 36.17793349817683 34.237045669318576 0
      vertex 36.17793349817683 34.237045669318576 16
    endloop
  endfacet
  facet normal 0.7604059656000334 0.6494480483301808 0
    outer loop
      vertex 38.440021730198794 32.405242737348864 0
      vertex 38.20201377834176 32.68391424451201 0
      vertex 38.440021730198794 32.405242737348864 16
    endloop
  endfacet
  facet normal 0.7253743710122789 0.6883545756937631 0
    outer loop
      vertex 38.20201377834176 32.68391424451201 0
      vertex 37.94974746830583 32.94974746830583 0
      vertex 38.20201377834176 32.68391424451201 16
    endloop
  endfacet
  facet normal 0.6883545756937631 0.7253743710122789 0
    outer loop
      vertex 37.94974746830583 32.94974746830583 0
      vertex 37.68391424451201 33.20201377834176 0
      vertex 37.68391424451201 33.20201377834176 16
    endloop
  endfacet
  facet normal 0.852640164354094 0.5224985647159458 0
    outer loop
      vertex 39.06217782606286 31.500000000698776 0
      vertex 38.87069397561797 31.81247324510519 0
      vertex 38.87069397561797 31.81247324510519 16
    endloop
  endfacet
  facet normal 0.8241261886220121 0.5664062369248377 0
    outer loop
      vertex 38.87069397561797 31.81247324510519 0
      vertex 38.66311896062463 32.11449676604731 0
      vertex 38.87069397561797 31.81247324510519 16
    endloop
  endfacet
  facet normal 0.793353340291239 0.6087614290087157 0
    outer loop
      vertex 38.440021730198794 32.405242737348864 0
      vertex 38.66311896062463 32.11449676604731 16
      vertex 38.66311896062463 32.11449676604731 0
    endloop
  endfacet
  facet normal 0.6494480483301712 0.7604059656000416 0
    outer loop
      vertex 37.68391424451201 33.20201377834176 0
      vertex 37.40524273734886 33.440021730198794 0
      vertex 37.40524273734886 33.440021730198794 16
    endloop
  endfacet
  facet normal 0.608761429008725 0.7933533402912317 0
    outer loop
      vertex 37.11449676604731 33.66311896062463 0
      vertex 37.11449676604731 33.66311896062463 16
      vertex 37.40524273734886 33.440021730198794 0
    endloop
  endfacet
  facet normal 0.5664062369248377 0.8241261886220121 0
    outer loop
      vertex 37.11449676604731 33.66311896062463 0
      vertex 36.81247324510519 33.87069397561797 0
      vertex 36.81247324510519 33.87069397561797 16
    endloop
  endfacet
  facet normal -0.566406236924827 -0.8241261886220197 0
    outer loop
      vertex 29 22.258189592249586 0
      vertex 29.18752675489481 22.129306024382032 16
      vertex 29 22.258189592249586 16
    endloop
  endfacet
  facet normal -0.5224985647159489 -0.8526401643540922 0
    outer loop
      vertex 29.18752675489481 22.129306024382032 0
      vertex 29.5 21.93782217350893 16
      vertex 29.18752675489481 22.129306024382032 16
    endloop
  endfacet
  facet normal -0.38268343236509184 -0.923879532511286 0
    outer loop
      vertex 30.152843498469398 21.605181796501796 0
      vertex 30.4914243531829 21.464937014519588 16
      vertex 30.152843498469398 21.605181796501796 16
    endloop
  endfacet
  facet normal -0.4305110968082891 -0.9025852843498636 0
    outer loop
      vertex 29.822066501823173 21.762954330681424 0
      vertex 30.152843498469398 21.605181796501796 16
      vertex 29.822066501823173 21.762954330681424 16
    endloop
  endfacet
  facet normal -0.47715876025961196 -0.8788171126619635 0
    outer loop
      vertex 29.5 21.93782217350893 0
      vertex 29.822066501823173 21.762954330681424 16
      vertex 29.5 21.93782217350893 16
    endloop
  endfacet
  facet normal -0.3338068592337726 -0.9426414910921778 0
    outer loop
      vertex 30.4914243531829 21.464937014519588 0
      vertex 30.83688103937537 21.342604385933925 16
      vertex 30.4914243531829 21.464937014519588 16
    endloop
  endfacet
  facet normal -0.2840153447039189 -0.9588197348681942 0
    outer loop
      vertex 30.83688103937537 21.342604385933925 0
      vertex 31.188266684282354 21.238519215976524 16
      vertex 30.83688103937537 21.342604385933925 16
    endloop
  endfacet
  facet normal -0.23344536385591208 -0.9723699203976749 0
    outer loop
      vertex 31.188266684282354 21.238519215976524 0
      vertex 31.544618164275683 21.15296679486336 16
      vertex 31.188266684282354 21.238519215976524 16
    endloop
  endfacet
  facet normal 0.2840153447039189 -0.9588197348681942 0
    outer loop
      vertex 34.811733315717646 21.238519215976524 0
      vertex 35.16311896062463 21.342604385933925 16
      vertex 34.811733315717646 21.238519215976524 16
    endloop
  endfacet
  facet normal 0.3338068592337726 -0.9426414910921778 0
    outer loop
      vertex 35.16311896062463 21.342604385933925 0
      vertex 35.5085756468171 21.464937014519588 16
      vertex 35.16311896062463 21.342604385933925 16
    endloop
  endfacet
  facet normal 0.3826834323650884 -0.9238795325112873 0
    outer loop
      vertex 35.5085756468171 21.464937014519588 0
      vertex 35.847156501530606 21.605181796501796 16
      vertex 35.5085756468171 21.464937014519588 16
    endloop
  endfacet
  facet normal 0.4305110968082928 -0.9025852843498617 0
    outer loop
      vertex 35.847156501530606 21.605181796501796 0
      vertex 36.17793349817683 21.762954330681424 16
      vertex 35.847156501530606 21.605181796501796 16
    endloop
  endfacet
  facet normal 0.47715876025961196 -0.8788171126619635 0
    outer loop
      vertex 36.17793349817683 21.762954330681424 0
      vertex 36.5 21.93782217350893 16
      vertex 36.17793349817683 21.762954330681424 16
    endloop
  endfacet
  facet normal 0.5224985647159489 -0.8526401643540922 0
    outer loop
      vertex 36.5 21.93782217350893 0
      vertex 36.81247324510519 22.129306024382032 16
      vertex 36.5 21.93782217350893 16
    endloop
  endfacet
  facet normal 0.5664062369248312 -0.8241261886220168 0
    outer loop
      vertex 36.81247324510519 22.129306024382032 0
      vertex 37.11449676604731 22.336881039375367 16
      vertex 36.81247324510519 22.129306024382032 16
    endloop
  endfacet
  facet normal 0.608761429008725 -0.7933533402912317 0
    outer loop
      vertex 37.11449676604731 22.336881039375367 0
      vertex 37.40524273734886 22.559978269801203 16
      vertex 37.11449676604731 22.336881039375367 16
    endloop
  endfacet
  facet normal 0.6494480483301768 -0.7604059656000367 0
    outer loop
      vertex 37.40524273734886 22.559978269801203 0
      vertex 37.68391424451201 22.797986221658242 16
      vertex 37.40524273734886 22.559978269801203 16
    endloop
  endfacet
  facet normal 0.6883545756937581 -0.7253743710122839 0
    outer loop
      vertex 37.68391424451201 22.797986221658242 0
      vertex 37.94974746830583 23.050252531694166 16
      vertex 37.68391424451201 22.797986221658242 16
    endloop
  endfacet
  facet normal 0.7253743710122882 -0.6883545756937535 0
    outer loop
      vertex 38.20201377834176 23.316085755487993 0
      vertex 38.20201377834176 23.316085755487993 16
      vertex 37.94974746830583 23.050252531694166 16
    endloop
  endfacet
  facet normal 0.7604059656000334 -0.6494480483301808 0
    outer loop
      vertex 38.440021730198794 23.59475726265114 0
      vertex 38.440021730198794 23.59475726265114 16
      vertex 38.20201377834176 23.316085755487993 16
    endloop
  endfacet
  facet normal 0.7933533402912355 -0.6087614290087203 0
    outer loop
      vertex 38.66311896062463 23.88550323395269 0
      vertex 38.66311896062463 23.88550323395269 16
      vertex 38.440021730198794 23.59475726265114 16
    endloop
  endfacet
  facet normal 0.8241261886220121 -0.5664062369248377 0
    outer loop
      vertex 38.87069397561797 24.18752675489481 0
      vertex 38.87069397561797 24.18752675489481 16
      vertex 38.66311896062463 23.88550323395269 16
    endloop
  endfacet
  facet normal 0.852640164354094 -0.5224985647159458 0
    outer loop
      vertex 38.87069397561797 24.18752675489481 0
      vertex 39.06217782606286 24.499999999301224 16
      vertex 38.87069397561797 24.18752675489481 16
    endloop
  endfacet
  facet normal -0.566406236924827 0.8241261886220197 0
    outer loop
      vertex 29.18752675489481 33.87069397561797 0
      vertex 29 33.741810407750414 16
      vertex 29.18752675489481 33.87069397561797 16
    endloop
  endfacet
  facet normal -0.5224985647159559 0.8526401643540878 0
    outer loop
      vertex 29.5 34.06217782649107 0
      vertex 29.18752675489481 33.87069397561797 16
      vertex 29.5 34.06217782649107 16
    endloop
  endfacet
  facet normal -0.4771587602596044 0.8788171126619675 0
    outer loop
      vertex 29.822066501823173 34.237045669318576 0
      vertex 29.5 34.06217782649107 16
      vertex 29.822066501823173 34.237045669318576 16
    endloop
  endfacet
  facet normal -0.4305110968082891 0.9025852843498636 0
    outer loop
      vertex 30.152843498469398 34.394818203498204 0
      vertex 29.822066501823173 34.237045669318576 16
      vertex 30.152843498469398 34.394818203498204 16
    endloop
  endfacet
  facet normal -0.38268343236508356 0.9238795325112893 0
    outer loop
      vertex 30.4914243531829 34.53506298548041 0
      vertex 30.152843498469398 34.394818203498204 16
      vertex 30.4914243531829 34.53506298548041 16
    endloop
  endfacet
  facet normal -0.3338068592337813 0.9426414910921748 0
    outer loop
      vertex 30.83688103937537 34.657395614066075 0
      vertex 30.4914243531829 34.53506298548041 16
      vertex 30.83688103937537 34.657395614066075 16
    endloop
  endfacet
  facet normal -0.2840153447039189 0.9588197348681942 0
    outer loop
      vertex 31.188266684282354 34.761480784023476 0
      vertex 30.83688103937537 34.657395614066075 16
      vertex 31.188266684282354 34.761480784023476 16
    endloop
  endfacet
  facet normal -0.23344536385591208 0.9723699203976749 0
    outer loop
      vertex 31.544618164275683 34.84703320513664 0
      vertex 31.188266684282354 34.761480784023476 16
      vertex 31.544618164275683 34.84703320513664 16
    endloop
  endfacet
  facet normal -0.18223552549214447 0.9832549075639551 0
    outer loop
      vertex 31.904958744718385 34.913818384165964 0
      vertex 31.544618164275683 34.84703320513664 16
      vertex 31.904958744718385 34.913818384165964 16
    endloop
  endfacet
  facet normal -0.13052619222005818 0.9914448613738095 0
    outer loop
      vertex 32.268300757126426 34.961653267577915 0
      vertex 31.904958744718385 34.913818384165964 16
      vertex 32.268300757126426 34.961653267577915 16
    endloop
  endfacet
  facet normal -0.07845909572783533 0.9969173337331287 0
    outer loop
      vertex 32.63364830629939 34.990406743282016 0
      vertex 32.268300757126426 34.961653267577915 16
      vertex 32.63364830629939 34.990406743282016 16
    endloop
  endfacet
  facet normal -0.02617694830787718 0.9996573249755573 0
    outer loop
      vertex 33 35 0
      vertex 32.63364830629939 34.990406743282016 16
      vertex 33 35 16
    endloop
  endfacet
  facet normal 0.02617694830787718 0.9996573249755573 0
    outer loop
      vertex 33.36635169370061 34.990406743282016 0
      vertex 33 35 16
      vertex 33.36635169370061 34.990406743282016 16
    endloop
  endfacet
  facet normal 0.07845909572783533 0.9969173337331287 0
    outer loop
      vertex 33.731699242873574 34.961653267577915 0
      vertex 33.36635169370061 34.990406743282016 16
      vertex 33.731699242873574 34.961653267577915 16
    endloop
  endfacet
  facet normal 0.13052619222005818 0.9914448613738095 0
    outer loop
      vertex 34.095041255281615 34.913818384165964 0
      vertex 33.731699242873574 34.961653267577915 16
      vertex 34.095041255281615 34.913818384165964 16
    endloop
  endfacet
  facet normal 0.18223552549214447 0.9832549075639551 0
    outer loop
      vertex 34.45538183572432 34.84703320513664 0
      vertex 34.095041255281615 34.913818384165964 16
      vertex 34.45538183572432 34.84703320513664 16
    endloop
  endfacet
  facet normal 0.23344536385591208 0.9723699203976749 0
    outer loop
      vertex 34.811733315717646 34.761480784023476 0
      vertex 34.45538183572432 34.84703320513664 16
      vertex 34.811733315717646 34.761480784023476 16
    endloop
  endfacet
  facet normal 0.4771587602596044 0.8788171126619675 0
    outer loop
      vertex 36.5 34.06217782649107 0
      vertex 36.17793349817683 34.237045669318576 16
      vertex 36.5 34.06217782649107 16
    endloop
  endfacet
  facet normal 0.5224985647159559 0.8526401643540878 0
    outer loop
      vertex 36.81247324510519 33.87069397561797 0
      vertex 36.5 34.06217782649107 16
      vertex 36.81247324510519 33.87069397561797 16
    endloop
  endfacet
  facet normal 0.3826834323650801 0.9238795325112907 0
    outer loop
      vertex 35.847156501530606 34.394818203498204 0
      vertex 35.5085756468171 34.53506298548041 16
      vertex 35.847156501530606 34.394818203498204 16
    endloop
  endfacet
  facet normal 0.2840153447039189 0.9588197348681942 0
    outer loop
      vertex 35.16311896062463 34.657395614066075 0
      vertex 34.811733315717646 34.761480784023476 16
      vertex 35.16311896062463 34.657395614066075 16
    endloop
  endfacet
  facet normal 0.3338068592337813 0.9426414910921748 0
    outer loop
      vertex 35.5085756468171 34.53506298548041 0
      vertex 35.16311896062463 34.657395614066075 16
      vertex 35.5085756468171 34.53506298548041 16
    endloop
  endfacet
  facet normal 0.4305110968082928 0.9025852843498617 0
    outer loop
      vertex 36.17793349817683 34.237045669318576 0
      vertex 35.847156501530606 34.394818203498204 16
      vertex 36.17793349817683 34.237045669318576 16
    endloop
  endfacet
  facet normal 0.793353340291239 0.6087614290087157 0
    outer loop
      vertex 38.440021730198794 32.405242737348864 0
      vertex 38.440021730198794 32.405242737348864 16
      vertex 38.66311896062463 32.11449676604731 16
    endloop
  endfacet
  facet normal 0.7604059656000334 0.6494480483301808 0
    outer loop
      vertex 38.20201377834176 32.68391424451201 0
      vertex 38.20201377834176 32.68391424451201 16
      vertex 38.440021730198794 32.405242737348864 16
    endloop
  endfacet
  facet normal 0.7253743710122789 0.6883545756937631 0
    outer loop
      vertex 37.94974746830583 32.94974746830583 0
      vertex 37.94974746830583 32.94974746830583 16
      vertex 38.20201377834176 32.68391424451201 16
    endloop
  endfacet
  facet normal 0.6883545756937631 0.7253743710122789 0
    outer loop
      vertex 37.94974746830583 32.94974746830583 0
      vertex 37.68391424451201 33.20201377834176 16
      vertex 37.94974746830583 32.94974746830583 16
    endloop
  endfacet
  facet normal 0.852640164354094 0.5224985647159458 0
    outer loop
      vertex 39.06217782606286 31.500000000698776 0
      vertex 38.87069397561797 31.81247324510519 16
      vertex 39.06217782606286 31.500000000698776 16
    endloop
  endfacet
  facet normal 0.8241261886220121 0.5664062369248377 0
    outer loop
      vertex 38.66311896062463 32.11449676604731 0
      vertex 38.66311896062463 32.11449676604731 16
      vertex 38.87069397561797 31.81247324510519 16
    endloop
  endfacet
  facet normal 0.6494480483301712 0.7604059656000416 0
    outer loop
      vertex 37.68391424451201 33.20201377834176 0
      vertex 37.40524273734886 33.440021730198794 16
      vertex 37.68391424451201 33.20201377834176 16
    endloop
  endfacet
  facet normal 0.608761429008725 0.7933533402912317 0
    outer loop
      vertex 37.40524273734886 33.440021730198794 0
      vertex 37.11449676604731 33.66311896062463 16
      vertex 37.40524273734886 33.440021730198794 16
    endloop
  endfacet
  facet normal 0.5664062369248377 0.8241261886220121 0
    outer loop
      vertex 37.11449676604731 33.66311896062463 0
      vertex 36.81247324510519 33.87069397561797 16
      vertex 37.11449676604731 33.66311896062463 16
    endloop
  endfacet
  facet normal 0 0 1
    outer loop
      vertex 29.18752675489481 22.129306024382032 16
      vertex 29.5 21.93782217350893 16
      vertex 29.28427587261303 24.654346968205708 16
    endloop
  endfacet
  facet normal 0 0 1
    outer loop
      vertex 29 22.258189592249586 16
      vertex 29.18752675489481 22.129306024382032 16
      vertex 28.971145548186545 25.039921712979364 16
    endloop
  endfacet
  facet normal 0 0 1
    outer loop
      vertex 29.464466094067262 24.464466094067262 16
      vertex 29.28427587261303 24.654346968205708 16
      vertex 29.5 21.93782217350893 16
    endloop
  endfacet
  facet normal 0 0 1
    outer loop
      vertex 29.18752675489481 22.129306024382032 16
      vertex 29.28427587261303 24.654346968205708 16
      vertex 29.114270192715146 24.85339804475081 16
    endloop
  endfacet
  facet normal 0 0 1
    outer loop
      vertex 29.18752675489481 22.129306024382032 16
      vertex 29.114270192715146 24.85339804475081 16
      vertex 28.971145548186545 25.039921712979364 16
    endloop
  endfacet
  facet normal 0 0 1
    outer loop
      vertex 30.83688103937537 21.342604385933925 16
      vertex 31.188266684282354 21.238519215976524 16
      vertex 30.966316784621 23.432272711786997 16
    endloop
  endfacet
  facet normal 0 0 1
    outer loop
      vertex 30.152843498469398 21.605181796501796 16
      vertex 30.061073738537633 23.954915028125264 16
      vertex 29.822066501823173 21.762954330681424 16
    endloop
  endfacet
  facet normal 0 0 1
    outer loop
      vertex 30.152843498469398 21.605181796501796 16
      vertex 30.4914243531829 21.464937014519588 16
      vertex 30.276804824924866 23.80664716027288 16
    endloop
  endfacet
  facet normal 0 0 1
    outer loop
      vertex 29.822066501823173 21.762954330681424 16
      vertex 29.654346968205708 24.28427587261303 16
      vertex 29.5 21.93782217350893 16
    endloop
  endfacet
  facet normal 0 0 1
    outer loop
      vertex 30.83688103937537 21.342604385933925 16
      vertex 30.730047501302266 23.54496737905816 16
      vertex 30.4914243531829 21.464937014519588 16
    endloop
  endfacet
  facet normal 0 0 1
    outer loop
      vertex 30.4914243531829 21.464937014519588 16
      vertex 30.730047501302266 23.54496737905816 16
      vertex 30.5 23.66987298107781 16
    endloop
  endfacet
  facet normal 0 0 1
    outer loop
      vertex 31.188266684282354 21.238519215976524 16
      vertex 31.208160252273498 23.33209786751399 16
      vertex 30.966316784621 23.432272711786997 16
    endloop
  endfacet
  facet normal 0 0 1
    outer loop
      vertex 31.188266684282354 21.238519215976524 16
      vertex 31.454915028125264 23.244717418524232 16
      vertex 31.208160252273498 23.33209786751399 16
    endloop
  endfacet
  facet normal 0 0 1
    outer loop
      vertex 30.83688103937537 21.342604385933925 16
      vertex 30.966316784621 23.432272711786997 16
      vertex 30.730047501302266 23.54496737905816 16
    endloop
  endfacet
  facet normal 0 0 1
    outer loop
      vertex 31.544618164275683 21.15296679486336 16
      vertex 31.904958744718385 21.086181615834036 16
      vertex 31.705904774487397 23.17037086855466 16
    endloop
  endfacet
  facet normal 0 0 1
    outer loop
      vertex 31.544618164275683 21.15296679486336 16
      vertex 31.454915028125264 23.244717418524232 16
      vertex 31.188266684282354 21.238519215976524 16
    endloop
  endfacet
  facet normal 0 0 1
    outer loop
      vertex 31.904958744718385 21.086181615834036 16
      vertex 32.268300757126426 21.038346732422088 16
      vertex 31.960441545911202 23.10926199633097 16
    endloop
  endfacet
  facet normal 0 0 1
    outer loop
      vertex 32.268300757126426 21.038346732422088 16
      vertex 32.63364830629939 21.009593256717984 16
      vertex 32.47735768366174 23.027390523158633 16
    endloop
  endfacet
  facet normal 0 0 1
    outer loop
      vertex 32.63364830629939 21.009593256717984 16
      vertex 33 21 16
      vertex 32.73832021878528 23.006852326227133 16
    endloop
  endfacet
  facet normal 0 0 1
    outer loop
      vertex 31.904958744718385 21.086181615834036 16
      vertex 31.960441545911202 23.10926199633097 16
      vertex 31.705904774487397 23.17037086855466 16
    endloop
  endfacet
  facet normal 0 0 1
    outer loop
      vertex 32.268300757126426 21.038346732422088 16
      vertex 32.21782767479885 23.061558297024312 16
      vertex 31.960441545911202 23.10926199633097 16
    endloop
  endfacet
  facet normal 0 0 1
    outer loop
      vertex 31.544618164275683 21.15296679486336 16
      vertex 31.705904774487397 23.17037086855466 16
      vertex 31.454915028125264 23.244717418524232 16
    endloop
  endfacet
  facet normal 0 0 1
    outer loop
      vertex 32.268300757126426 21.038346732422088 16
      vertex 32.47735768366174 23.027390523158633 16
      vertex 32.21782767479885 23.061558297024312 16
    endloop
  endfacet
  facet normal 0 0 1
    outer loop
      vertex 32.63364830629939 21.009593256717984 16
      vertex 32.73832021878528 23.006852326227133 16
      vertex 32.47735768366174 23.027390523158633 16
    endloop
  endfacet
  facet normal 0 0 1
    outer loop
      vertex 33 21 16
      vertex 33 23 16
      vertex 32.73832021878528 23.006852326227133 16
    endloop
  endfacet
  facet normal 0 0 1
    outer loop
      vertex 33 21 16
      vertex 33.26167978121472 23.006852326227133 16
      vertex 33 23 16
    endloop
  endfacet
  facet normal 0 0 1
    outer loop
      vertex 29.822066501823173 21.762954330681424 16
      vertex 30.061073738537633 23.954915028125264 16
      vertex 29.85339804475081 24.114270192715146 16
    endloop
  endfacet
  facet normal 0 0 1
    outer loop
      vertex 30.152843498469398 21.605181796501796 16
      vertex 30.276804824924866 23.80664716027288 16
      vertex 30.061073738537633 23.954915028125264 16
    endloop
  endfacet
  facet normal 0 0 1
    outer loop
      vertex 29.464466094067262 24.464466094067262 16
      vertex 29.5 21.93782217350893 16
      vertex 29.654346968205708 24.28427587261303 16
    endloop
  endfacet
  facet normal 0 0 1
    outer loop
      vertex 29.822066501823173 21.762954330681424 16
      vertex 29.85339804475081 24.114270192715146 16
      vertex 29.654346968205708 24.28427587261303 16
    endloop
  endfacet
  facet normal 0 0 1
    outer loop
      vertex 30.4914243531829 21.464937014519588 16
      vertex 30.5 23.66987298107781 16
      vertex 30.276804824924866 23.80664716027288 16
    endloop
  endfacet
  facet normal 0 0 1
    outer loop
      vertex 33 21 16
      vertex 33.36635169370061 21.009593256717984 16
      vertex 33.26167978121472 23.006852326227133 16
    endloop
  endfacet
  facet normal 0 0 1
    outer loop
      vertex 33.36635169370061 21.009593256717984 16
      vertex 33.731699242873574 21.038346732422088 16
      vertex 33.26167978121472 23.006852326227133 16
    endloop
  endfacet
  facet normal 0 0 1
    outer loop
      vertex 33.731699242873574 21.038346732422088 16
      vertex 34.095041255281615 21.086181615834036 16
      vertex 33.52264231633826 23.027390523158633 16
    endloop
  endfacet
  facet normal 0 0 1
    outer loop
      vertex 34.095041255281615 21.086181615834036 16
      vertex 34.45538183572432 21.15296679486336 16
      vertex 34.0395584540888 23.10926199633097 16
    endloop
  endfacet
  facet normal 0 0 1
    outer loop
      vertex 34.45538183572432 21.15296679486336 16
      vertex 34.811733315717646 21.238519215976524 16
      vertex 34.294095225512606 23.17037086855466 16
    endloop
  endfacet
  facet normal 0 0 1
    outer loop
      vertex 33.731699242873574 21.038346732422088 16
      vertex 33.52264231633826 23.027390523158633 16
      vertex 33.26167978121472 23.006852326227133 16
    endloop
  endfacet
  facet normal 0 0 1
    outer loop
      vertex 34.095041255281615 21.086181615834036 16
      vertex 33.78217232520115 23.061558297024312 16
      vertex 33.52264231633826 23.027390523158633 16
    endloop
  endfacet
  facet normal 0 0 1
    outer loop
      vertex 34.095041255281615 21.086181615834036 16
      vertex 34.0395584540888 23.10926199633097 16
      vertex 33.78217232520115 23.061558297024312 16
    endloop
  endfacet
  facet normal 0 0 1
    outer loop
      vertex 34.45538183572432 21.15296679486336 16
      vertex 34.294095225512606 23.17037086855466 16
      vertex 34.0395584540888 23.10926199633097 16
    endloop
  endfacet
  facet normal 0 0 1
    outer loop
      vertex 34.811733315717646 21.238519215976524 16
      vertex 34.545084971874736 23.244717418524232 16
      vertex 34.294095225512606 23.17037086855466 16
    endloop
  endfacet
  facet normal 0 0 1
    outer loop
      vertex 34.811733315717646 21.238519215976524 16
      vertex 34.7918397477265 23.33209786751399 16
      vertex 34.545084971874736 23.244717418524232 16
    endloop
  endfacet
  facet normal 0 0 1
    outer loop
      vertex 34.811733315717646 21.238519215976524 16
      vertex 35.16311896062463 21.342604385933925 16
      vertex 34.7918397477265 23.33209786751399 16
    endloop
  endfacet
  facet normal 0 0 1
    outer loop
      vertex 35.16311896062463 21.342604385933925 16
      vertex 35.5085756468171 21.464937014519588 16
      vertex 35.033683215379 23.432272711786997 16
    endloop
  endfacet
  facet normal 0 0 1
    outer loop
      vertex 35.5085756468171 21.464937014519588 16
      vertex 35.847156501530606 21.605181796501796 16
      vertex 35.5 23.66987298107781 16
    endloop
  endfacet
  facet normal 0 0 1
    outer loop
      vertex 35.16311896062463 21.342604385933925 16
      vertex 35.033683215379 23.432272711786997 16
      vertex 34.7918397477265 23.33209786751399 16
    endloop
  endfacet
  facet normal 0 0 1
    outer loop
      vertex 35.5085756468171 21.464937014519588 16
      vertex 35.269952498697734 23.54496737905816 16
      vertex 35.033683215379 23.432272711786997 16
    endloop
  endfacet
  facet normal 0 0 1
    outer loop
      vertex 35.5085756468171 21.464937014519588 16
      vertex 35.5 23.66987298107781 16
      vertex 35.269952498697734 23.54496737905816 16
    endloop
  endfacet
  facet normal 0 0 1
    outer loop
      vertex 35.847156501530606 21.605181796501796 16
      vertex 36.17793349817683 21.762954330681424 16
      vertex 35.72319517507513 23.80664716027288 16
    endloop
  endfacet
  facet normal 0 0 1
    outer loop
      vertex 36.17793349817683 21.762954330681424 16
      vertex 36.5 21.93782217350893 16
      vertex 36.14660195524919 24.114270192715146 16
    endloop
  endfacet
  facet normal 0 0 1
    outer loop
      vertex 36.5 21.93782217350893 16
      vertex 36.81247324510519 22.129306024382032 16
      vertex 36.34565303179429 24.28427587261303 16
    endloop
  endfacet
  facet normal 0 0 1
    outer loop
      vertex 35.847156501530606 21.605181796501796 16
      vertex 35.72319517507513 23.80664716027288 16
      vertex 35.5 23.66987298107781 16
    endloop
  endfacet
  facet normal 0 0 1
    outer loop
      vertex 36.17793349817683 21.762954330681424 16
      vertex 35.93892626146237 23.954915028125264 16
      vertex 35.72319517507513 23.80664716027288 16
    endloop
  endfacet
  facet normal 0 0 1
    outer loop
      vertex 36.17793349817683 21.762954330681424 16
      vertex 36.14660195524919 24.114270192715146 16
      vertex 35.93892626146237 23.954915028125264 16
    endloop
  endfacet
  facet normal 0 0 1
    outer loop
      vertex 36.5 21.93782217350893 16
      vertex 36.34565303179429 24.28427587261303 16
      vertex 36.14660195524919 24.114270192715146 16
    endloop
  endfacet
  facet normal 0 0 1
    outer loop
      vertex 36.34565303179429 24.28427587261303 16
      vertex 36.81247324510519 22.129306024382032 16
      vertex 36.53553390593274 24.464466094067262 16
    endloop
  endfacet
  facet normal 0 0 1
    outer loop
      vertex 36.53553390593274 24.464466094067262 16
      vertex 36.81247324510519 22.129306024382032 16
      vertex 36.71572412738697 24.654346968205708 16
    endloop
  endfacet
  facet normal 0 0 1
    outer loop
      vertex 36.81247324510519 22.129306024382032 16
      vertex 37.11449676604731 22.336881039375367 16
      vertex 36.71572412738697 24.654346968205708 16
    endloop
  endfacet
  facet normal 0 0 1
    outer loop
      vertex 37.11449676604731 22.336881039375367 16
      vertex 37.40524273734886 22.559978269801203 16
      vertex 37.045084971874736 25.061073738537633 16
    endloop
  endfacet
  facet normal 0 0 1
    outer loop
      vertex 37.40524273734886 22.559978269801203 16
      vertex 37.68391424451201 22.797986221658242 16
      vertex 37.330127018616324 25.499999999500872 16
    endloop
  endfacet
  facet normal 0 0 1
    outer loop
      vertex 37.68391424451201 22.797986221658242 16
      vertex 37.94974746830583 23.050252531694166 16
      vertex 37.330127018616324 25.499999999500872 16
    endloop
  endfacet
  facet normal 0 0 1
    outer loop
      vertex 37.11449676604731 22.336881039375367 16
      vertex 36.885729807284854 24.85339804475081 16
      vertex 36.71572412738697 24.654346968205708 16
    endloop
  endfacet
  facet normal 0 0 1
    outer loop
      vertex 37.11449676604731 22.336881039375367 16
      vertex 37.045084971874736 25.061073738537633 16
      vertex 36.885729807284854 24.85339804475081 16
    endloop
  endfacet
  facet normal 0 0 1
    outer loop
      vertex 37.40524273734886 22.559978269801203 16
      vertex 37.19335283972712 25.276804824924866 16
      vertex 37.045084971874736 25.061073738537633 16
    endloop
  endfacet
  facet normal 0 0 1
    outer loop
      vertex 37.40524273734886 22.559978269801203 16
      vertex 37.330127018616324 25.499999999500872 16
      vertex 37.19335283972712 25.276804824924866 16
    endloop
  endfacet
  facet normal 0 0 1
    outer loop
      vertex 37.94974746830583 23.050252531694166 16
      vertex 38.20201377834176 23.316085755487993 16
      vertex 37.330127018616324 25.499999999500872 16
    endloop
  endfacet
  facet normal 0 0 1
    outer loop
      vertex 38.20201377834176 23.316085755487993 16
      vertex 38.440021730198794 23.59475726265114 16
      vertex 37.330127018616324 25.499999999500872 16
    endloop
  endfacet
  facet normal 0 0 1
    outer loop
      vertex 38.440021730198794 23.59475726265114 16
      vertex 38.66311896062463 23.88550323395269 16
      vertex 37.330127018616324 25.499999999500872 16
    endloop
  endfacet
  facet normal 0 0 1
    outer loop
      vertex 38.66311896062463 23.88550323395269 16
      vertex 38.87069397561797 24.18752675489481 16
      vertex 37.330127018616324 25.499999999500872 16
    endloop
  endfacet
  facet normal 0 0 1
    outer loop
      vertex 38.87069397561797 24.18752675489481 16
      vertex 39.06217782606286 24.499999999301224 16
      vertex 37.330127018616324 25.499999999500872 16
    endloop
  endfacet
  facet normal 0 0 1
    outer loop
      vertex 28.910624596355696 30.874483283353847 16
      vertex 28.954915028125264 30.938926261462367 16
      vertex 28.88550323395269 33.296324500949034 16
    endloop
  endfacet
  facet normal 0 0 1
    outer loop
      vertex 28.954915028125264 30.938926261462367 16
      vertex 29.114270192715146 31.14660195524919 16
      vertex 28.88550323395269 33.296324500949034 16
    endloop
  endfacet
  facet normal 0 0 1
    outer loop
      vertex 29.114270192715146 31.14660195524919 16
      vertex 29.28427587261303 31.345653031794292 16
      vertex 29 33.741810407750414 16
    endloop
  endfacet
  facet normal 0 0 1
    outer loop
      vertex 29.28427587261303 31.345653031794292 16
      vertex 29.464466094067262 31.535533905932738 16
      vertex 29.18752675489481 33.87069397561797 16
    endloop
  endfacet
  facet normal 0 0 1
    outer loop
      vertex 29.464466094067262 31.535533905932738 16
      vertex 29.654346968205708 31.71572412738697 16
      vertex 29.18752675489481 33.87069397561797 16
    endloop
  endfacet
  facet normal 0 0 1
    outer loop
      vertex 29.114270192715146 31.14660195524919 16
      vertex 28.99914727249646 33.74122434437435 16
      vertex 28.88550323395269 33.296324500949034 16
    endloop
  endfacet
  facet normal 0 0 1
    outer loop
      vertex 29.114270192715146 31.14660195524919 16
      vertex 29 33.741810407750414 16
      vertex 28.99914727249646 33.74122434437435 16
    endloop
  endfacet
  facet normal 0 0 1
    outer loop
      vertex 29.28427587261303 31.345653031794292 16
      vertex 29.18752675489481 33.87069397561797 16
      vertex 29 33.741810407750414 16
    endloop
  endfacet
  facet normal 0 0 1
    outer loop
      vertex 29.18752675489481 33.87069397561797 16
      vertex 29.654346968205708 31.71572412738697 16
      vertex 29.5 34.06217782649107 16
    endloop
  endfacet
  facet normal 0 0 1
    outer loop
      vertex 29.654346968205708 31.71572412738697 16
      vertex 29.85339804475081 31.885729807284854 16
      vertex 29.5 34.06217782649107 16
    endloop
  endfacet
  facet normal 0 0 1
    outer loop
      vertex 29.85339804475081 31.885729807284854 16
      vertex 30.061073738537633 32.045084971874736 16
      vertex 29.822066501823173 34.237045669318576 16
    endloop
  endfacet
  facet normal 0 0 1
    outer loop
      vertex 30.061073738537633 32.045084971874736 16
      vertex 30.276804824924866 32.19335283972712 16
      vertex 29.822066501823173 34.237045669318576 16
    endloop
  endfacet
  facet normal 0 0 1
    outer loop
      vertex 30.276804824924866 32.19335283972712 16
      vertex 30.5 32.33012701892219 16
      vertex 30.152843498469398 34.394818203498204 16
    endloop
  endfacet
  facet normal 0 0 1
    outer loop
      vertex 30.5 32.33012701892219 16
      vertex 30.730047501302266 32.455032620941836 16
      vertex 30.4914243531829 34.53506298548041 16
    endloop
  endfacet
  facet normal 0 0 1
    outer loop
      vertex 30.730047501302266 32.455032620941836 16
      vertex 30.966316784621 32.56772728821301 16
      vertex 30.4914243531829 34.53506298548041 16
    endloop
  endfacet
  facet normal 0 0 1
    outer loop
      vertex 29.85339804475081 31.885729807284854 16
      vertex 29.822066501823173 34.237045669318576 16
      vertex 29.5 34.06217782649107 16
    endloop
  endfacet
  facet normal 0 0 1
    outer loop
      vertex 30.276804824924866 32.19335283972712 16
      vertex 30.152843498469398 34.394818203498204 16
      vertex 29.822066501823173 34.237045669318576 16
    endloop
  endfacet
  facet normal 0 0 1
    outer loop
      vertex 30.5 32.33012701892219 16
      vertex 30.4914243531829 34.53506298548041 16
      vertex 30.152843498469398 34.394818203498204 16
    endloop
  endfacet
  facet normal 0 0 1
    outer loop
      vertex 30.966316784621 32.56772728821301 16
      vertex 31.208160252273498 32.667902132486006 16
      vertex 30.83688103937537 34.657395614066075 16
    endloop
  endfacet
  facet normal 0 0 1
    outer loop
      vertex 31.208160252273498 32.667902132486006 16
      vertex 31.454915028125264 32.75528258147577 16
      vertex 31.188266684282354 34.761480784023476 16
    endloop
  endfacet
  facet normal 0 0 1
    outer loop
      vertex 30.966316784621 32.56772728821301 16
      vertex 30.83688103937537 34.657395614066075 16
      vertex 30.4914243531829 34.53506298548041 16
    endloop
  endfacet
  facet normal 0 0 1
    outer loop
      vertex 31.208160252273498 32.667902132486006 16
      vertex 31.188266684282354 34.761480784023476 16
      vertex 30.83688103937537 34.657395614066075 16
    endloop
  endfacet
  facet normal 0 0 1
    outer loop
      vertex 31.454915028125264 32.75528258147577 16
      vertex 31.705904774487397 32.829629131445344 16
      vertex 31.188266684282354 34.761480784023476 16
    endloop
  endfacet
  facet normal 0 0 1
    outer loop
      vertex 31.705904774487397 32.829629131445344 16
      vertex 31.960441545911202 32.89073800366903 16
      vertex 31.544618164275683 34.84703320513664 16
    endloop
  endfacet
  facet normal 0 0 1
    outer loop
      vertex 31.960441545911202 32.89073800366903 16
      vertex 32.21782767479885 32.93844170297569 16
      vertex 31.904958744718385 34.913818384165964 16
    endloop
  endfacet
  facet normal 0 0 1
    outer loop
      vertex 32.21782767479885 32.93844170297569 16
      vertex 32.47735768366174 32.97260947684137 16
      vertex 31.904958744718385 34.913818384165964 16
    endloop
  endfacet
  facet normal 0 0 1
    outer loop
      vertex 32.47735768366174 32.97260947684137 16
      vertex 32.73832021878528 32.99314767377287 16
      vertex 32.268300757126426 34.961653267577915 16
    endloop
  endfacet
  facet normal 0 0 1
    outer loop
      vertex 32.73832021878528 32.99314767377287 16
      vertex 33 33 16
      vertex 33 35 16
    endloop
  endfacet
  facet normal 0 0 1
    outer loop
      vertex 33 33 16
      vertex 33.26167978121472 32.99314767377287 16
      vertex 33 35 16
    endloop
  endfacet
  facet normal 0 0 1
    outer loop
      vertex 31.705904774487397 32.829629131445344 16
      vertex 31.544618164275683 34.84703320513664 16
      vertex 31.188266684282354 34.761480784023476 16
    endloop
  endfacet
  facet normal 0 0 1
    outer loop
      vertex 31.960441545911202 32.89073800366903 16
      vertex 31.904958744718385 34.913818384165964 16
      vertex 31.544618164275683 34.84703320513664 16
    endloop
  endfacet
  facet normal 0 0 1
    outer loop
      vertex 32.47735768366174 32.97260947684137 16
      vertex 32.268300757126426 34.961653267577915 16
      vertex 31.904958744718385 34.913818384165964 16
    endloop
  endfacet
  facet normal 0 0 1
    outer loop
      vertex 32.73832021878528 32.99314767377287 16
      vertex 32.63364830629939 34.990406743282016 16
      vertex 32.268300757126426 34.961653267577915 16
    endloop
  endfacet
  facet normal 0 0 1
    outer loop
      vertex 32.73832021878528 32.99314767377287 16
      vertex 33 35 16
      vertex 32.63364830629939 34.990406743282016 16
    endloop
  endfacet
  facet normal 0 0 1
    outer loop
      vertex 37.330127018616324 30.500000000499128 16
      vertex 39.06217782606286 31.500000000698776 16
      vertex 37.19335283972712 30.723195175075134 16
    endloop
  endfacet
  facet normal 0 0 1
    outer loop
      vertex 36.71572412738697 31.345653031794292 16
      vertex 36.5 34.06217782649107 16
      vertex 36.53553390593274 31.535533905932738 16
    endloop
  endfacet
  facet normal 0 0 1
    outer loop
      vertex 35.033683215379 32.56772728821301 16
      vertex 35.269952498697734 32.455032620941836 16
      vertex 35.16311896062463 34.657395614066075 16
    endloop
  endfacet
  facet normal 0 0 1
    outer loop
      vertex 35.72319517507513 32.19335283972712 16
      vertex 35.5085756468171 34.53506298548041 16
      vertex 35.5 32.33012701892219 16
    endloop
  endfacet
  facet normal 0 0 1
    outer loop
      vertex 35.5 32.33012701892219 16
      vertex 35.5085756468171 34.53506298548041 16
      vertex 35.269952498697734 32.455032620941836 16
    endloop
  endfacet
  facet normal 0 0 1
    outer loop
      vertex 36.14660195524919 31.885729807284854 16
      vertex 36.34565303179429 31.71572412738697 16
      vertex 36.17793349817683 34.237045669318576 16
    endloop
  endfacet
  facet normal 0 0 1
    outer loop
      vertex 36.14660195524919 31.885729807284854 16
      vertex 36.17793349817683 34.237045669318576 16
      vertex 35.93892626146237 32.045084971874736 16
    endloop
  endfacet
  facet normal 0 0 1
    outer loop
      vertex 36.53553390593274 31.535533905932738 16
      vertex 36.5 34.06217782649107 16
      vertex 36.34565303179429 31.71572412738697 16
    endloop
  endfacet
  facet normal 0 0 1
    outer loop
      vertex 35.72319517507513 32.19335283972712 16
      vertex 35.93892626146237 32.045084971874736 16
      vertex 35.847156501530606 34.394818203498204 16
    endloop
  endfacet
  facet normal 0 0 1
    outer loop
      vertex 36.71572412738697 31.345653031794292 16
      vertex 36.81247324510519 33.87069397561797 16
      vertex 36.5 34.06217782649107 16
    endloop
  endfacet
  facet normal 0 0 1
    outer loop
      vertex 33.26167978121472 32.99314767377287 16
      vertex 33.52264231633826 32.97260947684137 16
      vertex 33.36635169370061 34.990406743282016 16
    endloop
  endfacet
  facet normal 0 0 1
    outer loop
      vertex 33.52264231633826 32.97260947684137 16
      vertex 33.78217232520115 32.93844170297569 16
      vertex 33.731699242873574 34.961653267577915 16
    endloop
  endfacet
  facet normal 0 0 1
    outer loop
      vertex 33.78217232520115 32.93844170297569 16
      vertex 34.0395584540888 32.89073800366903 16
      vertex 33.731699242873574 34.961653267577915 16
    endloop
  endfacet
  facet normal 0 0 1
    outer loop
      vertex 34.294095225512606 32.829629131445344 16
      vertex 34.545084971874736 32.75528258147577 16
      vertex 34.45538183572432 34.84703320513664 16
    endloop
  endfacet
  facet normal 0 0 1
    outer loop
      vertex 34.294095225512606 32.829629131445344 16
      vertex 34.095041255281615 34.913818384165964 16
      vertex 34.0395584540888 32.89073800366903 16
    endloop
  endfacet
  facet normal 0 0 1
    outer loop
      vertex 34.7918397477265 32.667902132486006 16
      vertex 35.033683215379 32.56772728821301 16
      vertex 34.811733315717646 34.761480784023476 16
    endloop
  endfacet
  facet normal 0 0 1
    outer loop
      vertex 34.545084971874736 32.75528258147577 16
      vertex 34.7918397477265 32.667902132486006 16
      vertex 34.811733315717646 34.761480784023476 16
    endloop
  endfacet
  facet normal 0 0 1
    outer loop
      vertex 34.545084971874736 32.75528258147577 16
      vertex 34.811733315717646 34.761480784023476 16
      vertex 34.45538183572432 34.84703320513664 16
    endloop
  endfacet
  facet normal 0 0 1
    outer loop
      vertex 33 35 16
      vertex 33.26167978121472 32.99314767377287 16
      vertex 33.36635169370061 34.990406743282016 16
    endloop
  endfacet
  facet normal 0 0 1
    outer loop
      vertex 33.52264231633826 32.97260947684137 16
      vertex 33.731699242873574 34.961653267577915 16
      vertex 33.36635169370061 34.990406743282016 16
    endloop
  endfacet
  facet normal 0 0 1
    outer loop
      vertex 34.0395584540888 32.89073800366903 16
      vertex 34.095041255281615 34.913818384165964 16
      vertex 33.731699242873574 34.961653267577915 16
    endloop
  endfacet
  facet normal 0 0 1
    outer loop
      vertex 34.294095225512606 32.829629131445344 16
      vertex 34.45538183572432 34.84703320513664 16
      vertex 34.095041255281615 34.913818384165964 16
    endloop
  endfacet
  facet normal 0 0 1
    outer loop
      vertex 35.269952498697734 32.455032620941836 16
      vertex 35.5085756468171 34.53506298548041 16
      vertex 35.16311896062463 34.657395614066075 16
    endloop
  endfacet
  facet normal 0 0 1
    outer loop
      vertex 35.033683215379 32.56772728821301 16
      vertex 35.16311896062463 34.657395614066075 16
      vertex 34.811733315717646 34.761480784023476 16
    endloop
  endfacet
  facet normal 0 0 1
    outer loop
      vertex 35.72319517507513 32.19335283972712 16
      vertex 35.847156501530606 34.394818203498204 16
      vertex 35.5085756468171 34.53506298548041 16
    endloop
  endfacet
  facet normal 0 0 1
    outer loop
      vertex 35.93892626146237 32.045084971874736 16
      vertex 36.17793349817683 34.237045669318576 16
      vertex 35.847156501530606 34.394818203498204 16
    endloop
  endfacet
  facet normal 0 0 1
    outer loop
      vertex 36.34565303179429 31.71572412738697 16
      vertex 36.5 34.06217782649107 16
      vertex 36.17793349817683 34.237045669318576 16
    endloop
  endfacet
  facet normal 0 0 1
    outer loop
      vertex 37.045084971874736 30.938926261462367 16
      vertex 37.19335283972712 30.723195175075134 16
      vertex 37.11449676604731 33.66311896062463 16
    endloop
  endfacet
  facet normal 0 0 1
    outer loop
      vertex 37.045084971874736 30.938926261462367 16
      vertex 37.11449676604731 33.66311896062463 16
      vertex 36.885729807284854 31.14660195524919 16
    endloop
  endfacet
  facet normal 0 0 1
    outer loop
      vertex 36.71572412738697 31.345653031794292 16
      vertex 36.885729807284854 31.14660195524919 16
      vertex 36.81247324510519 33.87069397561797 16
    endloop
  endfacet
  facet normal 0 0 1
    outer loop
      vertex 37.19335283972712 30.723195175075134 16
      vertex 39.06217782606286 31.500000000698776 16
      vertex 37.40524273734886 33.440021730198794 16
    endloop
  endfacet
  facet normal 0 0 1
    outer loop
      vertex 39.06217782606286 31.500000000698776 16
      vertex 38.20201377834176 32.68391424451201 16
      vertex 37.94974746830583 32.94974746830583 16
    endloop
  endfacet
  facet normal 0 0 1
    outer loop
      vertex 37.19335283972712 30.723195175075134 16
      vertex 37.40524273734886 33.440021730198794 16
      vertex 37.11449676604731 33.66311896062463 16
    endloop
  endfacet
  facet normal 0 0 1
    outer loop
      vertex 36.885729807284854 31.14660195524919 16
      vertex 37.11449676604731 33.66311896062463 16
      vertex 36.81247324510519 33.87069397561797 16
    endloop
  endfacet
  facet normal 0 0 1
    outer loop
      vertex 39.06217782606286 31.500000000698776 16
      vertex 37.68391424451201 33.20201377834176 16
      vertex 37.40524273734886 33.440021730198794 16
    endloop
  endfacet
  facet normal 0 0 1
    outer loop
      vertex 39.06217782606286 31.500000000698776 16
      vertex 37.94974746830583 32.94974746830583 16
      vertex 37.68391424451201 33.20201377834176 16
    endloop
  endfacet
  facet normal 0 0 1
    outer loop
      vertex 39.06217782606286 31.500000000698776 16
      vertex 38.87069397561797 31.81247324510519 16
      vertex 38.66311896062463 32.11449676604731 16
    endloop
  endfacet
  facet normal 0 0 1
    outer loop
      vertex 39.06217782606286 31.500000000698776 16
      vertex 38.66311896062463 32.11449676604731 16
      vertex 38.440021730198794 32.405242737348864 16
    endloop
  endfacet
  facet normal 0 0 1
    outer loop
      vertex 39.06217782606286 31.500000000698776 16
      vertex 38.440021730198794 32.405242737348864 16
      vertex 38.20201377834176 32.68391424451201 16
    endloop
  endfacet
  facet normal 0 0 -1
    outer loop
      vertex 24 22 0
      vertex 26.009999999999998 22.00085145783921 0
      vertex 26.009999999999998 22 0
    endloop
  endfacet
  facet normal 0 0 -1
    outer loop
      vertex 24 22 0
      vertex 26.009999999999998 22.03914854216079 0
      vertex 26.009999999999998 22.00085145783921 0
    endloop
  endfacet
  facet normal 0 0 -1
    outer loop
      vertex 24 22 0
      vertex 26 27.600477754112468 0
      vertex 26.009999999999998 22.03914854216079 0
    endloop
  endfacet
  facet normal 0 0 -1
    outer loop
      vertex 24 22 0
      vertex 26 28.339820753350217 0
      vertex 26 27.600477754112468 0
    endloop
  endfacet
  facet normal 0 -1 0
    outer loop
      vertex 24 22 0
      vertex 26.009999999999998 22 0
      vertex 26.009999999999998 22 16
    endloop
  endfacet
  facet normal 0 0 -1
    outer loop
      vertex 24 22 0
      vertex 26.009859386234044 33.99916051483012 0
      vertex 26 28.339820753350217 0
    endloop
  endfacet
  facet normal 0 0 -1
    outer loop
      vertex 24 22 0
      vertex 24 34 0
      vertex 26.009859386234044 33.99916051483012 0
    endloop
  endfacet
  facet normal 0 0 -1
    outer loop
      vertex 24 34 0
      vertex 26.009999999999998 34 0
      vertex 26.009859386234044 33.99916051483012 0
    endloop
  endfacet
  facet normal -1 0 0
    outer loop
      vertex 24 22 0
      vertex 24 34 16
      vertex 24 34 0
    endloop
  endfacet
  facet normal 0 1 0
    outer loop
      vertex 24 34 0
      vertex 24 34 16
      vertex 26.009999999999998 34 0
    endloop
  endfacet
  facet normal 0 -1 0
    outer loop
      vertex 24 22 0
      vertex 26.009999999999998 22 16
      vertex 24 22 16
    endloop
  endfacet
  facet normal -1 0 0
    outer loop
      vertex 24 22 0
      vertex 24 22 16
      vertex 24 34 16
    endloop
  endfacet
  facet normal 0 1 0
    outer loop
      vertex 24 34 16
      vertex 26.009999999999998 34 16
      vertex 26.009999999999998 34 0
    endloop
  endfacet
  facet normal 0 0 1
    outer loop
      vertex 24 22 16
      vertex 26.009999999999998 22 16
      vertex 24 34 16
    endloop
  endfacet
  facet normal 0 0 1
    outer loop
      vertex 24 34 16
      vertex 26.009999999999998 22 16
      vertex 26 27.660179246649783 16
    endloop
  endfacet
  facet normal 0 0 1
    outer loop
      vertex 24 34 16
      vertex 26 27.660179246649783 16
      vertex 26 28.399522245887532 16
    endloop
  endfacet
  facet normal 0 0 1
    outer loop
      vertex 24 34 16
      vertex 26 28.399522245887532 16
      vertex 26.009999999999998 33.99914854216079 16
    endloop
  endfacet
  facet normal 0 0 1
    outer loop
      vertex 24 34 16
      vertex 26.009999999999998 33.99914854216079 16
      vertex 26.009999999999998 34 16
    endloop
  endfacet
  facet normal 1 0 0
    outer loop
      vertex 26.009999999999998 22 0
      vertex 26.009999999999998 22.00085145783921 0
      vertex 26.009999999999998 22.00085145783921 16
    endloop
  endfacet
  facet normal 0 0 -1
    outer loop
      vertex 26.009999999999998 34 0
      vertex 26.009999999999998 33.99914854216079 0
      vertex 26.009859386234044 33.99916051483012 0
    endloop
  endfacet
  facet normal 1 0 0
    outer loop
      vertex 26.009999999999998 34 0
      vertex 26.009999999999998 34 16
      vertex 26.009999999999998 33.99914854216079 0
    endloop
  endfacet
  facet normal 1 0 0
    outer loop
      vertex 26.009999999999998 22 0
      vertex 26.009999999999998 22.00085145783921 16
      vertex 26.009999999999998 22 16
    endloop
  endfacet
  facet normal 1 0 0
    outer loop
      vertex 26.009999999999998 33.99914854216079 0
      vertex 26.009999999999998 34 16
      vertex 26.009999999999998 33.99914854216079 16
    endloop
  endfacet
  facet normal 0 0 1
    outer loop
      vertex 26.009999999999998 22 16
      vertex 26.009999999999998 22.00085145783921 16
      vertex 26 27.660179246649783 16
    endloop
  endfacet
  facet normal 0 0 1
    outer loop
      vertex 26.009999999999998 22.00085145783921 16
      vertex 26.009999999999998 22.03914854216079 16
      vertex 26 27.660179246649783 16
    endloop
  endfacet
  facet normal 0 0 -1
    outer loop
      vertex 26.009999999999998 22.00085145783921 0
      vertex 26.009999999999998 22.03914854216079 0
      vertex 29 22.25543735176325 0
    endloop
  endfacet
  facet normal 0 0 -1
    outer loop
      vertex 26.009999999999998 22.03914854216079 0
      vertex 29 22.258189592249586 0
      vertex 29 22.25543735176325 0
    endloop
  endfacet
  facet normal 0 0 -1
    outer loop
      vertex 26.009999999999998 22.03914854216079 0
      vertex 28.432272711786997 25.966316784621 0
      vertex 28.54496737905816 25.730047501302266 0
    endloop
  endfacet
  facet normal 0 0 -1
    outer loop
      vertex 26.009999999999998 22.03914854216079 0
      vertex 29 25.002317859256646 0
      vertex 29 22.258189592249586 0
    endloop
  endfacet
  facet normal 0 0 -1
    outer loop
      vertex 26.009999999999998 22.03914854216079 0
      vertex 28.954915028125264 25.061073738537633 0
      vertex 29 25.002317859256646 0
    endloop
  endfacet
  facet normal 0 0 -1
    outer loop
      vertex 26.009999999999998 22.03914854216079 0
      vertex 28.80664716027288 25.276804824924866 0
      vertex 28.954915028125264 25.061073738537633 0
    endloop
  endfacet
  facet normal 0 0 -1
    outer loop
      vertex 26.009999999999998 22.03914854216079 0
      vertex 28.66987298107781 25.5 0
      vertex 28.80664716027288 25.276804824924866 0
    endloop
  endfacet
  facet normal 0 0 -1
    outer loop
      vertex 26.009999999999998 22.03914854216079 0
      vertex 28.54496737905816 25.730047501302266 0
      vertex 28.66987298107781 25.5 0
    endloop
  endfacet
  facet normal 0 0 -1
    outer loop
      vertex 26.009999999999998 22.03914854216079 0
      vertex 28.33209786751399 26.208160252273498 0
      vertex 28.432272711786997 25.966316784621 0
    endloop
  endfacet
  facet normal 0 0 -1
    outer loop
      vertex 26.009999999999998 22.03914854216079 0
      vertex 28.244717418524232 26.454915028125264 0
      vertex 28.33209786751399 26.208160252273498 0
    endloop
  endfacet
  facet normal 0 0 -1
    outer loop
      vertex 26.009999999999998 22.03914854216079 0
      vertex 28.17037086855466 26.705904774487397 0
      vertex 28.244717418524232 26.454915028125264 0
    endloop
  endfacet
  facet normal 0 0 -1
    outer loop
      vertex 26.009999999999998 22.03914854216079 0
      vertex 28.10926199633097 26.960441545911202 0
      vertex 28.17037086855466 26.705904774487397 0
    endloop
  endfacet
  facet normal 0 0 -1
    outer loop
      vertex 26.009999999999998 22.03914854216079 0
      vertex 28.061558297024312 27.217827674798844 0
      vertex 28.10926199633097 26.960441545911202 0
    endloop
  endfacet
  facet normal 0 0 -1
    outer loop
      vertex 26.009999999999998 22.03914854216079 0
      vertex 28.027390523158633 27.477357683661733 0
      vertex 28.061558297024312 27.217827674798844 0
    endloop
  endfacet
  facet normal 0 0 -1
    outer loop
      vertex 26.009999999999998 22.03914854216079 0
      vertex 28.006852326227133 27.73832021878528 0
      vertex 28.027390523158633 27.477357683661733 0
    endloop
  endfacet
  facet normal 0 0 -1
    outer loop
      vertex 26.009999999999998 22.03914854216079 0
      vertex 28 28 0
      vertex 28.006852326227133 27.73832021878528 0
    endloop
  endfacet
  facet normal 0 0 -1
    outer loop
      vertex 26.009999999999998 22.03914854216079 0
      vertex 28.006852326227133 28.26167978121472 0
      vertex 28 28 0
    endloop
  endfacet
  facet normal 0 0 -1
    outer loop
      vertex 26.009999999999998 22.03914854216079 0
      vertex 28.027390523158633 28.522642316338267 0
      vertex 28.006852326227133 28.26167978121472 0
    endloop
  endfacet
  facet normal 0 0 -1
    outer loop
      vertex 26.009999999999998 22.03914854216079 0
      vertex 28.061558297024312 28.782172325201156 0
      vertex 28.027390523158633 28.522642316338267 0
    endloop
  endfacet
  facet normal 0 0 -1
    outer loop
      vertex 26.009999999999998 22.03914854216079 0
      vertex 28.10926199633097 29.039558454088798 0
      vertex 28.061558297024312 28.782172325201156 0
    endloop
  endfacet
  facet normal 0 0 -1
    outer loop
      vertex 26.009999999999998 22.03914854216079 0
      vertex 28.17037086855466 29.294095225512603 0
      vertex 28.10926199633097 29.039558454088798 0
    endloop
  endfacet
  facet normal 0 0 -1
    outer loop
      vertex 26.009999999999998 22.03914854216079 0
      vertex 28.244717418524232 29.545084971874736 0
      vertex 28.17037086855466 29.294095225512603 0
    endloop
  endfacet
  facet normal 0 0 -1
    outer loop
      vertex 26.009999999999998 22.03914854216079 0
      vertex 26 27.600477754112468 0
      vertex 29 33.74456264823675 0
    endloop
  endfacet
  facet normal 0.08483880691423211 -0.9963946892880199 0
    outer loop
      vertex 26.009999999999998 22.00085145783921 0
      vertex 29 22.25543735176325 0
      vertex 26.009999999999998 22.00085145783921 16
    endloop
  endfacet
  facet normal 1 0 0
    outer loop
      vertex 29 22.25543735176325 0
      vertex 29 22.258189592249586 0
      vertex 29 22.25543735176325 16
    endloop
  endfacet
  facet normal 0 0 -1
    outer loop
      vertex 26.009999999999998 22.03914854216079 0
      vertex 29 33.741810407750414 0
      vertex 28.244717418524232 29.545084971874736 0
    endloop
  endfacet
  facet normal 0 0 -1
    outer loop
      vertex 26 27.600477754112468 0
      vertex 26 28.339820753350217 0
      vertex 29 33.74456264823675 0
    endloop
  endfacet
  facet normal 0 0 -1
    outer loop
      vertex 26.009999999999998 22.03914854216079 0
      vertex 29 33.74456264823675 0
      vertex 29 33.741810407750414 0
    endloop
  endfacet
  facet normal 0 0 -1
    outer loop
      vertex 28.244717418524232 29.545084971874736 0
      vertex 29 33.741810407750414 0
      vertex 28.33209786751399 29.791839747726502 0
    endloop
  endfacet
  facet normal 0 0 -1
    outer loop
      vertex 28.33209786751399 29.791839747726502 0
      vertex 29 33.741810407750414 0
      vertex 28.432272711786997 30.033683215379 0
    endloop
  endfacet
  facet normal 0 0 -1
    outer loop
      vertex 28.432272711786997 30.033683215379 0
      vertex 29 33.741810407750414 0
      vertex 28.54496737905816 30.269952498697734 0
    endloop
  endfacet
  facet normal 0 0 -1
    outer loop
      vertex 28.54496737905816 30.269952498697734 0
      vertex 29 33.741810407750414 0
      vertex 28.66987298107781 30.5 0
    endloop
  endfacet
  facet normal 0 0 -1
    outer loop
      vertex 26 28.339820753350217 0
      vertex 26.009859386234044 33.99916051483012 0
      vertex 26.009999999999998 33.99914854216079 0
    endloop
  endfacet
  facet normal 0 0 -1
    outer loop
      vertex 26 28.339820753350217 0
      vertex 26.009999999999998 33.99914854216079 0
      vertex 29 33.74456264823675 0
    endloop
  endfacet
  facet normal 0 0 -1
    outer loop
      vertex 28.66987298107781 30.5 0
      vertex 29 33.741810407750414 0
      vertex 28.80664716027288 30.723195175075134 0
    endloop
  endfacet
  facet normal 0 0 -1
    outer loop
      vertex 28.80664716027288 30.723195175075134 0
      vertex 29 33.741810407750414 0
      vertex 28.954915028125264 30.938926261462367 0
    endloop
  endfacet
  facet normal 0 0 -1
    outer loop
      vertex 28.954915028125264 30.938926261462367 0
      vertex 29 33.741810407750414 0
      vertex 29 30.997682140743354 0
    endloop
  endfacet
  facet normal 0.08483880691423211 0.9963946892880199 0
    outer loop
      vertex 26.009999999999998 33.99914854216079 0
      vertex 29 33.74456264823675 16
      vertex 29 33.74456264823675 0
    endloop
  endfacet
  facet normal 1 0 0
    outer loop
      vertex 29 33.741810407750414 0
      vertex 29 33.74456264823675 0
      vertex 29 33.741810407750414 16
    endloop
  endfacet
  facet normal 0.08483880691423211 -0.9963946892880199 0
    outer loop
      vertex 29 22.25543735176325 0
      vertex 29 22.25543735176325 16
      vertex 26.009999999999998 22.00085145783921 16
    endloop
  endfacet
  facet normal 1 0 0
    outer loop
      vertex 29 22.258189592249586 0
      vertex 29 22.258189592249586 16
      vertex 29 22.25543735176325 16
    endloop
  endfacet
  facet normal 0.08483880691423211 0.9963946892880199 0
    outer loop
      vertex 26.009999999999998 33.99914854216079 0
      vertex 26.009999999999998 33.99914854216079 16
      vertex 29 33.74456264823675 16
    endloop
  endfacet
  facet normal 1 0 0
    outer loop
      vertex 29 33.74456264823675 0
      vertex 29 33.74456264823675 16
      vertex 29 33.741810407750414 16
    endloop
  endfacet
  facet normal 0 0 1
    outer loop
      vertex 26.009999999999998 22.00085145783921 16
      vertex 29 22.25543735176325 16
      vertex 26.009999999999998 22.03914854216079 16
    endloop
  endfacet
  facet normal 0 0 1
    outer loop
      vertex 26.009999999999998 22.03914854216079 16
      vertex 28.54496737905816 25.730047501302266 16
      vertex 28.432272711786997 25.966316784621 16
    endloop
  endfacet
  facet normal 0 0 1
    outer loop
      vertex 26.009999999999998 22.03914854216079 16
      vertex 29 22.25543735176325 16
      vertex 28.954915028125264 25.061073738537633 16
    endloop
  endfacet
  facet normal 0 0 1
    outer loop
      vertex 29 22.25543735176325 16
      vertex 29 22.258189592249586 16
      vertex 28.954915028125264 25.061073738537633 16
    endloop
  endfacet
  facet normal 0 0 1
    outer loop
      vertex 26.009999999999998 22.03914854216079 16
      vertex 28.954915028125264 25.061073738537633 16
      vertex 28.80664716027288 25.276804824924866 16
    endloop
  endfacet
  facet normal 0 0 1
    outer loop
      vertex 26.009999999999998 22.03914854216079 16
      vertex 28.80664716027288 25.276804824924866 16
      vertex 28.66987298107781 25.5 16
    endloop
  endfacet
  facet normal 0 0 1
    outer loop
      vertex 26.009999999999998 22.03914854216079 16
      vertex 28.66987298107781 25.5 16
      vertex 28.54496737905816 25.730047501302266 16
    endloop
  endfacet
  facet normal 0 0 1
    outer loop
      vertex 29 22.258189592249586 16
      vertex 28.971145548186545 25.039921712979364 16
      vertex 28.954915028125264 25.061073738537633 16
    endloop
  endfacet
  facet normal 0 0 1
    outer loop
      vertex 26.009999999999998 22.03914854216079 16
      vertex 28.432272711786997 25.966316784621 16
      vertex 28.33209786751399 26.208160252273498 16
    endloop
  endfacet
  facet normal 0 0 1
    outer loop
      vertex 26.009999999999998 22.03914854216079 16
      vertex 28.33209786751399 26.208160252273498 16
      vertex 28.244717418524232 26.454915028125264 16
    endloop
  endfacet
  facet normal 0 0 1
    outer loop
      vertex 26.009999999999998 22.03914854216079 16
      vertex 28.244717418524232 26.454915028125264 16
      vertex 28.17037086855466 26.705904774487397 16
    endloop
  endfacet
  facet normal 0 0 1
    outer loop
      vertex 26.009999999999998 22.03914854216079 16
      vertex 28.17037086855466 26.705904774487397 16
      vertex 28.10926199633097 26.960441545911202 16
    endloop
  endfacet
  facet normal 0 0 1
    outer loop
      vertex 26.009999999999998 22.03914854216079 16
      vertex 28.10926199633097 26.960441545911202 16
      vertex 28.061558297024312 27.217827674798844 16
    endloop
  endfacet
  facet normal 0 0 1
    outer loop
      vertex 26.009999999999998 22.03914854216079 16
      vertex 28.061558297024312 27.217827674798844 16
      vertex 28.027390523158633 27.477357683661733 16
    endloop
  endfacet
  facet normal 0 0 1
    outer loop
      vertex 26.009999999999998 22.03914854216079 16
      vertex 28.027390523158633 27.477357683661733 16
      vertex 28.006852326227133 27.73832021878528 16
    endloop
  endfacet
  facet normal 0 0 1
    outer loop
      vertex 26.009999999999998 22.03914854216079 16
      vertex 28.006852326227133 27.73832021878528 16
      vertex 28 28 16
    endloop
  endfacet
  facet normal 0 0 1
    outer loop
      vertex 26.009999999999998 22.03914854216079 16
      vertex 28 28 16
      vertex 28.006852326227133 28.26167978121472 16
    endloop
  endfacet
  facet normal 0 0 1
    outer loop
      vertex 26.009999999999998 22.03914854216079 16
      vertex 28.006852326227133 28.26167978121472 16
      vertex 28.027390523158633 28.522642316338267 16
    endloop
  endfacet
  facet normal 0 0 1
    outer loop
      vertex 26.009999999999998 22.03914854216079 16
      vertex 28.027390523158633 28.522642316338267 16
      vertex 28.061558297024312 28.782172325201156 16
    endloop
  endfacet
  facet normal 0 0 1
    outer loop
      vertex 26.009999999999998 22.03914854216079 16
      vertex 28.061558297024312 28.782172325201156 16
      vertex 28.10926199633097 29.039558454088798 16
    endloop
  endfacet
  facet normal 0 0 1
    outer loop
      vertex 26.009999999999998 22.03914854216079 16
      vertex 28.10926199633097 29.039558454088798 16
      vertex 28.17037086855466 29.294095225512603 16
    endloop
  endfacet
  facet normal 0 0 1
    outer loop
      vertex 26.009999999999998 22.03914854216079 16
      vertex 28.17037086855466 29.294095225512603 16
      vertex 28.244717418524232 29.545084971874736 16
    endloop
  endfacet
  facet normal 0 0 1
    outer loop
      vertex 26.009999999999998 22.03914854216079 16
      vertex 28.88550323395269 33.296324500949034 16
      vertex 26 27.660179246649783 16
    endloop
  endfacet
  facet normal 0 0 1
    outer loop
      vertex 26 27.660179246649783 16
      vertex 28.88550323395269 33.296324500949034 16
      vertex 26 28.399522245887532 16
    endloop
  endfacet
  facet normal 0 0 1
    outer loop
      vertex 26.009999999999998 22.03914854216079 16
      vertex 28.244717418524232 29.545084971874736 16
      vertex 28.88550323395269 33.296324500949034 16
    endloop
  endfacet
  facet normal 0 0 1
    outer loop
      vertex 28.244717418524232 29.545084971874736 16
      vertex 28.33209786751399 29.791839747726502 16
      vertex 28.88550323395269 33.296324500949034 16
    endloop
  endfacet
  facet normal 0 0 1
    outer loop
      vertex 28.33209786751399 29.791839747726502 16
      vertex 28.432272711786997 30.033683215379 16
      vertex 28.88550323395269 33.296324500949034 16
    endloop
  endfacet
  facet normal 0 0 1
    outer loop
      vertex 28.432272711786997 30.033683215379 16
      vertex 28.54496737905816 30.269952498697734 16
      vertex 28.88550323395269 33.296324500949034 16
    endloop
  endfacet
  facet normal 0 0 1
    outer loop
      vertex 28.54496737905816 30.269952498697734 16
      vertex 28.66987298107781 30.5 16
      vertex 28.88550323395269 33.296324500949034 16
    endloop
  endfacet
  facet normal 0 0 1
    outer loop
      vertex 28.66987298107781 30.5 16
      vertex 28.80664716027288 30.723195175075134 16
      vertex 28.88550323395269 33.296324500949034 16
    endloop
  endfacet
  facet normal 0 0 1
    outer loop
      vertex 26 28.399522245887532 16
      vertex 28.88550323395269 33.296324500949034 16
      vertex 26.009999999999998 33.99914854216079 16
    endloop
  endfacet
  facet normal 0 0 1
    outer loop
      vertex 28.80664716027288 30.723195175075134 16
      vertex 28.910624596355696 30.874483283353847 16
      vertex 28.88550323395269 33.296324500949034 16
    endloop
  endfacet
  facet normal 0 0 1
    outer loop
      vertex 26.009999999999998 33.99914854216079 16
      vertex 28.88550323395269 33.296324500949034 16
      vertex 28.99914727249646 33.74122434437435 16
    endloop
  endfacet
  facet normal 0 0 1
    outer loop
      vertex 26.009999999999998 33.99914854216079 16
      vertex 28.99914727249646 33.74122434437435 16
      vertex 29 33.74456264823675 16
    endloop
  endfacet
  facet normal 0 0 1
    outer loop
      vertex 28.99914727249646 33.74122434437435 16
      vertex 29 33.741810407750414 16
      vertex 29 33.74456264823675 16
    endloop
  endfacet
  facet normal 0.7253743710122884 0.6883545756937534 0
    outer loop
      vertex 29.464466094067262 24.464466094067262 0
      vertex 29.28427587261303 24.654346968205708 0
      vertex 29.28427587261303 24.654346968205708 16
    endloop
  endfacet
  facet normal 0.5224985647159492 0.8526401643540921 0
    outer loop
      vertex 30.5 23.66987298107781 0
      vertex 30.276804824924866 23.80664716027288 0
      vertex 30.276804824924866 23.80664716027288 16
    endloop
  endfacet
  facet normal 0.3338068592337674 0.9426414910921798 0
    outer loop
      vertex 31.208160252273498 23.33209786751399 0
      vertex 31.208160252273498 23.33209786751399 16
      vertex 31.454915028125264 23.244717418524232 0
    endloop
  endfacet
  facet normal 0.43051109680829003 0.9025852843498632 0
    outer loop
      vertex 30.730047501302266 23.54496737905816 0
      vertex 30.730047501302266 23.54496737905816 16
      vertex 30.966316784621 23.432272711786997 0
    endloop
  endfacet
  facet normal 0.4771587602596149 0.8788171126619618 0
    outer loop
      vertex 30.730047501302266 23.54496737905816 0
      vertex 30.5 23.66987298107781 0
      vertex 30.5 23.66987298107781 16
    endloop
  endfacet
  facet normal 0.382683432365099 0.923879532511283 0
    outer loop
      vertex 31.208160252273498 23.33209786751399 0
      vertex 30.966316784621 23.432272711786997 0
      vertex 30.966316784621 23.432272711786997 16
    endloop
  endfacet
  facet normal 0.6087614290087203 0.7933533402912354 0
    outer loop
      vertex 29.85339804475081 24.114270192715146 0
      vertex 29.85339804475081 24.114270192715146 16
      vertex 30.061073738537633 23.954915028125264 0
    endloop
  endfacet
  facet normal 0.5664062369248262 0.8241261886220201 0
    outer loop
      vertex 30.061073738537633 23.954915028125264 0
      vertex 30.061073738537633 23.954915028125264 16
      vertex 30.276804824924866 23.80664716027288 0
    endloop
  endfacet
  facet normal 0.6883545756937534 0.7253743710122884 0
    outer loop
      vertex 29.464466094067262 24.464466094067262 0
      vertex 29.464466094067262 24.464466094067262 16
      vertex 29.654346968205708 24.28427587261303 0
    endloop
  endfacet
  facet normal 0.649448048330185 0.7604059656000298 0
    outer loop
      vertex 29.85339804475081 24.114270192715146 0
      vertex 29.654346968205708 24.28427587261303 0
      vertex 29.654346968205708 24.28427587261303 16
    endloop
  endfacet
  facet normal 0.28401534470391804 0.9588197348681944 0
    outer loop
      vertex 31.454915028125264 23.244717418524232 0
      vertex 31.454915028125264 23.244717418524232 16
      vertex 31.705904774487397 23.17037086855466 0
    endloop
  endfacet
  facet normal 0.18223552549214006 0.983254907563956 0
    outer loop
      vertex 31.960441545911202 23.10926199633097 0
      vertex 31.960441545911202 23.10926199633097 16
      vertex 32.21782767479885 23.061558297024312 0
    endloop
  endfacet
  facet normal 0.23344536385591158 0.9723699203976751 0
    outer loop
      vertex 31.705904774487397 23.17037086855466 0
      vertex 31.705904774487397 23.17037086855466 16
      vertex 31.960441545911202 23.10926199633097 0
    endloop
  endfacet
  facet normal 0.1305261922200548 0.99144486137381 0
    outer loop
      vertex 32.21782767479885 23.061558297024312 0
      vertex 32.21782767479885 23.061558297024312 16
      vertex 32.47735768366174 23.027390523158633 0
    endloop
  endfacet
  facet normal 0.07845909572783757 0.9969173337331286 0
    outer loop
      vertex 32.47735768366174 23.027390523158633 0
      vertex 32.47735768366174 23.027390523158633 16
      vertex 32.73832021878528 23.006852326227133 0
    endloop
  endfacet
  facet normal 0.026176948307881358 0.999657324975557 0
    outer loop
      vertex 32.73832021878528 23.006852326227133 0
      vertex 32.73832021878528 23.006852326227133 16
      vertex 33 23 0
    endloop
  endfacet
  facet normal -0.026176948307881358 0.999657324975557 0
    outer loop
      vertex 33 23 0
      vertex 33 23 16
      vertex 33.26167978121472 23.006852326227133 0
    endloop
  endfacet
  facet normal 0.7933533402912382 0.6087614290087168 7.335473662737731e-17
    outer loop
      vertex 29 25.002317859256646 0
      vertex 28.954915028125264 25.061073738537633 16
      vertex 29.114270192715146 24.85339804475081 0
    endloop
  endfacet
  facet normal 0.7933533402912284 0.6087614290087293 0
    outer loop
      vertex 29 25.002317859256646 0
      vertex 28.954915028125264 25.061073738537633 0
      vertex 28.954915028125264 25.061073738537633 16
    endloop
  endfacet
  facet normal 0.7604059656000298 0.649448048330185 0
    outer loop
      vertex 29.114270192715146 24.85339804475081 0
      vertex 29.114270192715146 24.85339804475081 16
      vertex 29.28427587261303 24.654346968205708 0
    endloop
  endfacet
  facet normal 0.8241261886220201 0.5664062369248262 0
    outer loop
      vertex 28.954915028125264 25.061073738537633 0
      vertex 28.80664716027288 25.276804824924866 0
      vertex 28.80664716027288 25.276804824924866 16
    endloop
  endfacet
  facet normal 0.8526401643540921 0.5224985647159492 0
    outer loop
      vertex 28.80664716027288 25.276804824924866 0
      vertex 28.66987298107781 25.5 0
      vertex 28.66987298107781 25.5 16
    endloop
  endfacet
  facet normal 0.9025852843498632 0.43051109680829003 0
    outer loop
      vertex 28.54496737905816 25.730047501302266 0
      vertex 28.432272711786997 25.966316784621 0
      vertex 28.432272711786997 25.966316784621 16
    endloop
  endfacet
  facet normal 0.923879532511283 0.382683432365099 0
    outer loop
      vertex 28.432272711786997 25.966316784621 0
      vertex 28.33209786751399 26.208160252273498 0
      vertex 28.33209786751399 26.208160252273498 16
    endloop
  endfacet
  facet normal 0.9426414910921798 0.3338068592337674 0
    outer loop
      vertex 28.33209786751399 26.208160252273498 0
      vertex 28.244717418524232 26.454915028125264 0
      vertex 28.244717418524232 26.454915028125264 16
    endloop
  endfacet
  facet normal 0.8788171126619618 0.4771587602596149 0
    outer loop
      vertex 28.66987298107781 25.5 0
      vertex 28.54496737905816 25.730047501302266 0
      vertex 28.54496737905816 25.730047501302266 16
    endloop
  endfacet
  facet normal 0.9588197348681944 0.28401534470391804 0
    outer loop
      vertex 28.244717418524232 26.454915028125264 0
      vertex 28.17037086855466 26.705904774487397 0
      vertex 28.17037086855466 26.705904774487397 16
    endloop
  endfacet
  facet normal 0.9723699203976751 0.23344536385591158 0
    outer loop
      vertex 28.17037086855466 26.705904774487397 0
      vertex 28.10926199633097 26.960441545911202 0
      vertex 28.10926199633097 26.960441545911202 16
    endloop
  endfacet
  facet normal 0.9832549075639555 0.1822355254921425 0
    outer loop
      vertex 28.10926199633097 26.960441545911202 0
      vertex 28.061558297024312 27.217827674798844 0
      vertex 28.061558297024312 27.217827674798844 16
    endloop
  endfacet
  facet normal 0.99144486137381 0.1305261922200548 0
    outer loop
      vertex 28.061558297024312 27.217827674798844 0
      vertex 28.027390523158633 27.477357683661733 0
      vertex 28.027390523158633 27.477357683661733 16
    endloop
  endfacet
  facet normal 0.9969173337331286 0.07845909572783757 0
    outer loop
      vertex 28.027390523158633 27.477357683661733 0
      vertex 28.006852326227133 27.73832021878528 0
      vertex 28.006852326227133 27.73832021878528 16
    endloop
  endfacet
  facet normal 0.999657324975557 0.026176948307881 0
    outer loop
      vertex 28.006852326227133 27.73832021878528 0
      vertex 28 28 0
      vertex 28 28 16
    endloop
  endfacet
  facet normal -0.07845909572783757 0.9969173337331286 0
    outer loop
      vertex 33.26167978121472 23.006852326227133 0
      vertex 33.26167978121472 23.006852326227133 16
      vertex 33.52264231633826 23.027390523158633 0
    endloop
  endfacet
  facet normal -0.1305261922200548 0.99144486137381 0
    outer loop
      vertex 33.52264231633826 23.027390523158633 0
      vertex 33.52264231633826 23.027390523158633 16
      vertex 33.78217232520115 23.061558297024312 0
    endloop
  endfacet
  facet normal -0.18223552549214006 0.983254907563956 0
    outer loop
      vertex 33.78217232520115 23.061558297024312 0
      vertex 33.78217232520115 23.061558297024312 16
      vertex 34.0395584540888 23.10926199633097 0
    endloop
  endfacet
  facet normal -0.23344536385590847 0.9723699203976757 0
    outer loop
      vertex 34.0395584540888 23.10926199633097 0
      vertex 34.0395584540888 23.10926199633097 16
      vertex 34.294095225512606 23.17037086855466 0
    endloop
  endfacet
  facet normal -0.2840153447039217 0.9588197348681932 0
    outer loop
      vertex 34.294095225512606 23.17037086855466 0
      vertex 34.294095225512606 23.17037086855466 16
      vertex 34.545084971874736 23.244717418524232 0
    endloop
  endfacet
  facet normal -0.3338068592337717 0.9426414910921782 0
    outer loop
      vertex 34.545084971874736 23.244717418524232 0
      vertex 34.545084971874736 23.244717418524232 16
      vertex 34.7918397477265 23.33209786751399 0
    endloop
  endfacet
  facet normal -0.3826834323650941 0.9238795325112849 0
    outer loop
      vertex 34.7918397477265 23.33209786751399 0
      vertex 34.7918397477265 23.33209786751399 16
      vertex 35.033683215379 23.432272711786997 0
    endloop
  endfacet
  facet normal -0.43051109680829003 0.9025852843498632 0
    outer loop
      vertex 35.033683215379 23.432272711786997 0
      vertex 35.033683215379 23.432272711786997 16
      vertex 35.269952498697734 23.54496737905816 0
    endloop
  endfacet
  facet normal -0.4771587602596149 0.8788171126619618 0
    outer loop
      vertex 35.269952498697734 23.54496737905816 0
      vertex 35.269952498697734 23.54496737905816 16
      vertex 35.5 23.66987298107781 0
    endloop
  endfacet
  facet normal -0.5224985647159492 0.8526401643540921 0
    outer loop
      vertex 35.5 23.66987298107781 0
      vertex 35.5 23.66987298107781 16
      vertex 35.72319517507513 23.80664716027288 0
    endloop
  endfacet
  facet normal -0.56640623692482 0.8241261886220247 0
    outer loop
      vertex 35.72319517507513 23.80664716027288 0
      vertex 35.72319517507513 23.80664716027288 16
      vertex 35.93892626146237 23.954915028125264 0
    endloop
  endfacet
  facet normal -0.6087614290087269 0.7933533402912304 0
    outer loop
      vertex 35.93892626146237 23.954915028125264 0
      vertex 35.93892626146237 23.954915028125264 16
      vertex 36.14660195524919 24.114270192715146 0
    endloop
  endfacet
  facet normal -0.649448048330185 0.7604059656000298 0
    outer loop
      vertex 36.14660195524919 24.114270192715146 0
      vertex 36.14660195524919 24.114270192715146 16
      vertex 36.34565303179429 24.28427587261303 0
    endloop
  endfacet
  facet normal -0.6883545756937534 0.7253743710122884 0
    outer loop
      vertex 36.34565303179429 24.28427587261303 0
      vertex 36.34565303179429 24.28427587261303 16
      vertex 36.53553390593274 24.464466094067262 0
    endloop
  endfacet
  facet normal -0.7253743710122884 0.6883545756937534 0
    outer loop
      vertex 36.53553390593274 24.464466094067262 0
      vertex 36.53553390593274 24.464466094067262 16
      vertex 36.71572412738697 24.654346968205708 0
    endloop
  endfacet
  facet normal -0.7604059656000298 0.649448048330185 0
    outer loop
      vertex 36.71572412738697 24.654346968205708 0
      vertex 36.71572412738697 24.654346968205708 16
      vertex 36.885729807284854 24.85339804475081 0
    endloop
  endfacet
  facet normal -0.7933533402912354 0.6087614290087203 0
    outer loop
      vertex 36.885729807284854 24.85339804475081 0
      vertex 36.885729807284854 24.85339804475081 16
      vertex 37.045084971874736 25.061073738537633 0
    endloop
  endfacet
  facet normal -0.8241261886220201 0.5664062369248262 0
    outer loop
      vertex 37.045084971874736 25.061073738537633 0
      vertex 37.045084971874736 25.061073738537633 16
      vertex 37.19335283972712 25.276804824924866 0
    endloop
  endfacet
  facet normal -0.8526401643540944 0.5224985647159454 0
    outer loop
      vertex 37.19335283972712 25.276804824924866 0
      vertex 37.19335283972712 25.276804824924866 16
      vertex 37.330127018616324 25.499999999500872 0
    endloop
  endfacet
  facet normal 0.999657324975557 -0.026176948307881 0
    outer loop
      vertex 28 28 0
      vertex 28.006852326227133 28.26167978121472 0
      vertex 28.006852326227133 28.26167978121472 16
    endloop
  endfacet
  facet normal 0.9969173337331286 -0.07845909572783757 0
    outer loop
      vertex 28.006852326227133 28.26167978121472 0
      vertex 28.027390523158633 28.522642316338267 0
      vertex 28.027390523158633 28.522642316338267 16
    endloop
  endfacet
  facet normal 0.99144486137381 -0.1305261922200548 0
    outer loop
      vertex 28.027390523158633 28.522642316338267 0
      vertex 28.061558297024312 28.782172325201156 0
      vertex 28.061558297024312 28.782172325201156 16
    endloop
  endfacet
  facet normal 0.9832549075639555 -0.1822355254921425 0
    outer loop
      vertex 28.061558297024312 28.782172325201156 0
      vertex 28.10926199633097 29.039558454088798 0
      vertex 28.10926199633097 29.039558454088798 16
    endloop
  endfacet
  facet normal 0.9723699203976751 -0.23344536385591158 0
    outer loop
      vertex 28.10926199633097 29.039558454088798 0
      vertex 28.17037086855466 29.294095225512603 0
      vertex 28.17037086855466 29.294095225512603 16
    endloop
  endfacet
  facet normal 0.9588197348681944 -0.28401534470391804 0
    outer loop
      vertex 28.17037086855466 29.294095225512603 0
      vertex 28.244717418524232 29.545084971874736 0
      vertex 28.244717418524232 29.545084971874736 16
    endloop
  endfacet
  facet normal 0.9426414910921798 -0.3338068592337674 0
    outer loop
      vertex 28.244717418524232 29.545084971874736 0
      vertex 28.33209786751399 29.791839747726502 0
      vertex 28.33209786751399 29.791839747726502 16
    endloop
  endfacet
  facet normal 0.923879532511283 -0.382683432365099 0
    outer loop
      vertex 28.33209786751399 29.791839747726502 0
      vertex 28.432272711786997 30.033683215379 0
      vertex 28.432272711786997 30.033683215379 16
    endloop
  endfacet
  facet normal 0.9025852843498632 -0.43051109680829003 0
    outer loop
      vertex 28.432272711786997 30.033683215379 0
      vertex 28.54496737905816 30.269952498697734 0
      vertex 28.54496737905816 30.269952498697734 16
    endloop
  endfacet
  facet normal 0.8788171126619618 -0.4771587602596149 0
    outer loop
      vertex 28.54496737905816 30.269952498697734 0
      vertex 28.66987298107781 30.5 0
      vertex 28.66987298107781 30.5 16
    endloop
  endfacet
  facet normal 0.8526401643540921 -0.5224985647159492 0
    outer loop
      vertex 28.66987298107781 30.5 0
      vertex 28.80664716027288 30.723195175075134 0
      vertex 28.80664716027288 30.723195175075134 16
    endloop
  endfacet
  facet normal 0.8241261886220201 -0.5664062369248262 0
    outer loop
      vertex 28.80664716027288 30.723195175075134 0
      vertex 28.954915028125264 30.938926261462367 0
      vertex 28.954915028125264 30.938926261462367 16
    endloop
  endfacet
  facet normal 0.7933533402912284 -0.6087614290087293 1.8592137340727575e-16
    outer loop
      vertex 28.954915028125264 30.938926261462367 0
      vertex 29 30.997682140743354 0
      vertex 29.114270192715146 31.14660195524919 16
    endloop
  endfacet
  facet normal 0.7933533402912382 -0.6087614290087168 0
    outer loop
      vertex 29 30.997682140743354 0
      vertex 29.114270192715146 31.14660195524919 0
      vertex 29.114270192715146 31.14660195524919 16
    endloop
  endfacet
  facet normal 0.7604059656000298 -0.649448048330185 0
    outer loop
      vertex 29.114270192715146 31.14660195524919 0
      vertex 29.28427587261303 31.345653031794292 0
      vertex 29.28427587261303 31.345653031794292 16
    endloop
  endfacet
  facet normal 0.7253743710122884 -0.6883545756937534 0
    outer loop
      vertex 29.28427587261303 31.345653031794292 0
      vertex 29.464466094067262 31.535533905932738 0
      vertex 29.464466094067262 31.535533905932738 16
    endloop
  endfacet
  facet normal 0.6883545756937534 -0.7253743710122884 0
    outer loop
      vertex 29.464466094067262 31.535533905932738 0
      vertex 29.654346968205708 31.71572412738697 0
      vertex 29.654346968205708 31.71572412738697 16
    endloop
  endfacet
  facet normal 0.649448048330185 -0.7604059656000298 0
    outer loop
      vertex 29.654346968205708 31.71572412738697 0
      vertex 29.85339804475081 31.885729807284854 0
      vertex 29.85339804475081 31.885729807284854 16
    endloop
  endfacet
  facet normal 0.6087614290087203 -0.7933533402912354 0
    outer loop
      vertex 29.85339804475081 31.885729807284854 0
      vertex 30.061073738537633 32.045084971874736 0
      vertex 30.061073738537633 32.045084971874736 16
    endloop
  endfacet
  facet normal 0.5664062369248262 -0.8241261886220201 0
    outer loop
      vertex 30.061073738537633 32.045084971874736 0
      vertex 30.276804824924866 32.19335283972712 0
      vertex 30.276804824924866 32.19335283972712 16
    endloop
  endfacet
  facet normal 0.5224985647159492 -0.8526401643540921 0
    outer loop
      vertex 30.276804824924866 32.19335283972712 0
      vertex 30.5 32.33012701892219 0
      vertex 30.5 32.33012701892219 16
    endloop
  endfacet
  facet normal 0.47715876025960435 -0.8788171126619674 0
    outer loop
      vertex 30.5 32.33012701892219 0
      vertex 30.730047501302266 32.455032620941836 0
      vertex 30.730047501302266 32.455032620941836 16
    endloop
  endfacet
  facet normal 0.43051109680831207 -0.9025852843498525 0
    outer loop
      vertex 30.730047501302266 32.455032620941836 0
      vertex 30.966316784621 32.56772728821301 0
      vertex 30.966316784621 32.56772728821301 16
    endloop
  endfacet
  facet normal 0.38268343236507585 -0.9238795325112926 0
    outer loop
      vertex 30.966316784621 32.56772728821301 0
      vertex 31.208160252273498 32.667902132486006 0
      vertex 31.208160252273498 32.667902132486006 16
    endloop
  endfacet
  facet normal 0.3338068592337794 -0.9426414910921753 0
    outer loop
      vertex 31.208160252273498 32.667902132486006 0
      vertex 31.454915028125264 32.75528258147577 0
      vertex 31.454915028125264 32.75528258147577 16
    endloop
  endfacet
  facet normal 0.28401534470393053 -0.9588197348681907 0
    outer loop
      vertex 31.454915028125264 32.75528258147577 0
      vertex 31.705904774487397 32.829629131445344 0
      vertex 31.705904774487397 32.829629131445344 16
    endloop
  endfacet
  facet normal 0.23344536385589876 -0.9723699203976782 0
    outer loop
      vertex 31.705904774487397 32.829629131445344 0
      vertex 31.960441545911202 32.89073800366903 0
      vertex 31.960441545911202 32.89073800366903 16
    endloop
  endfacet
  facet normal 0.18223552549214006 -0.983254907563956 0
    outer loop
      vertex 31.960441545911202 32.89073800366903 0
      vertex 32.21782767479885 32.93844170297569 0
      vertex 32.21782767479885 32.93844170297569 16
    endloop
  endfacet
  facet normal 0.13052619222006812 -0.9914448613738082 0
    outer loop
      vertex 32.21782767479885 32.93844170297569 0
      vertex 32.47735768366174 32.97260947684137 0
      vertex 32.47735768366174 32.97260947684137 16
    endloop
  endfacet
  facet normal 0.07845909572782409 -0.9969173337331296 0
    outer loop
      vertex 32.47735768366174 32.97260947684137 0
      vertex 32.73832021878528 32.99314767377287 0
      vertex 32.73832021878528 32.99314767377287 16
    endloop
  endfacet
  facet normal 0.026176948307881358 -0.999657324975557 0
    outer loop
      vertex 32.73832021878528 32.99314767377287 0
      vertex 33 33 0
      vertex 33 33 16
    endloop
  endfacet
  facet normal -0.7253743710122884 -0.6883545756937534 0
    outer loop
      vertex 36.71572412738697 31.345653031794292 0
      vertex 36.71572412738697 31.345653031794292 16
      vertex 36.53553390593274 31.535533905932738 0
    endloop
  endfacet
  facet normal -0.8526401643540944 -0.5224985647159454 0
    outer loop
      vertex 37.330127018616324 30.500000000499128 0
      vertex 37.330127018616324 30.500000000499128 16
      vertex 37.19335283972712 30.723195175075134 0
    endloop
  endfacet
  facet normal -0.8241261886220201 -0.5664062369248262 0
    outer loop
      vertex 37.045084971874736 30.938926261462367 0
      vertex 37.19335283972712 30.723195175075134 0
      vertex 37.19335283972712 30.723195175075134 16
    endloop
  endfacet
  facet normal -0.7933533402912354 -0.6087614290087203 0
    outer loop
      vertex 37.045084971874736 30.938926261462367 0
      vertex 37.045084971874736 30.938926261462367 16
      vertex 36.885729807284854 31.14660195524919 0
    endloop
  endfacet
  facet normal -0.7604059656000298 -0.649448048330185 0
    outer loop
      vertex 36.71572412738697 31.345653031794292 0
      vertex 36.885729807284854 31.14660195524919 0
      vertex 36.885729807284854 31.14660195524919 16
    endloop
  endfacet
  facet normal -0.026176948307881358 -0.999657324975557 0
    outer loop
      vertex 33 33 0
      vertex 33.26167978121472 32.99314767377287 0
      vertex 33.26167978121472 32.99314767377287 16
    endloop
  endfacet
  facet normal -0.07845909572782409 -0.9969173337331296 0
    outer loop
      vertex 33.26167978121472 32.99314767377287 0
      vertex 33.52264231633826 32.97260947684137 0
      vertex 33.52264231633826 32.97260947684137 16
    endloop
  endfacet
  facet normal -0.13052619222006812 -0.9914448613738082 0
    outer loop
      vertex 33.52264231633826 32.97260947684137 0
      vertex 33.78217232520115 32.93844170297569 0
      vertex 33.78217232520115 32.93844170297569 16
    endloop
  endfacet
  facet normal -0.18223552549214006 -0.983254907563956 0
    outer loop
      vertex 33.78217232520115 32.93844170297569 0
      vertex 34.0395584540888 32.89073800366903 0
      vertex 34.0395584540888 32.89073800366903 16
    endloop
  endfacet
  facet normal -0.2840153447039342 -0.9588197348681895 0
    outer loop
      vertex 34.294095225512606 32.829629131445344 0
      vertex 34.545084971874736 32.75528258147577 0
      vertex 34.545084971874736 32.75528258147577 16
    endloop
  endfacet
  facet normal -0.33380685923378367 -0.9426414910921738 0
    outer loop
      vertex 34.545084971874736 32.75528258147577 0
      vertex 34.7918397477265 32.667902132486006 0
      vertex 34.7918397477265 32.667902132486006 16
    endloop
  endfacet
  facet normal -0.23344536385589568 -0.972369920397679 0
    outer loop
      vertex 34.294095225512606 32.829629131445344 0
      vertex 34.294095225512606 32.829629131445344 16
      vertex 34.0395584540888 32.89073800366903 0
    endloop
  endfacet
  facet normal -0.47715876025960435 -0.8788171126619674 0
    outer loop
      vertex 35.5 32.33012701892219 0
      vertex 35.5 32.33012701892219 16
      vertex 35.269952498697734 32.455032620941836 0
    endloop
  endfacet
  facet normal -0.5224985647159492 -0.8526401643540921 0
    outer loop
      vertex 35.72319517507513 32.19335283972712 0
      vertex 35.72319517507513 32.19335283972712 16
      vertex 35.5 32.33012701892219 0
    endloop
  endfacet
  facet normal -0.6087614290087269 -0.7933533402912304 0
    outer loop
      vertex 36.14660195524919 31.885729807284854 0
      vertex 36.14660195524919 31.885729807284854 16
      vertex 35.93892626146237 32.045084971874736 0
    endloop
  endfacet
  facet normal -0.6883545756937534 -0.7253743710122884 0
    outer loop
      vertex 36.53553390593274 31.535533905932738 0
      vertex 36.53553390593274 31.535533905932738 16
      vertex 36.34565303179429 31.71572412738697 0
    endloop
  endfacet
  facet normal -0.649448048330185 -0.7604059656000298 0
    outer loop
      vertex 36.14660195524919 31.885729807284854 0
      vertex 36.34565303179429 31.71572412738697 0
      vertex 36.34565303179429 31.71572412738697 16
    endloop
  endfacet
  facet normal -0.56640623692482 -0.8241261886220247 0
    outer loop
      vertex 35.72319517507513 32.19335283972712 0
      vertex 35.93892626146237 32.045084971874736 0
      vertex 35.93892626146237 32.045084971874736 16
    endloop
  endfacet
  facet normal -0.382683432365071 -0.9238795325112946 0
    outer loop
      vertex 34.7918397477265 32.667902132486006 0
      vertex 35.033683215379 32.56772728821301 0
      vertex 35.033683215379 32.56772728821301 16
    endloop
  endfacet
  facet normal -0.43051109680831207 -0.9025852843498525 0
    outer loop
      vertex 35.033683215379 32.56772728821301 0
      vertex 35.269952498697734 32.455032620941836 0
      vertex 35.269952498697734 32.455032620941836 16
    endloop
  endfacet
  facet normal 0.7253743710122884 0.6883545756937534 0
    outer loop
      vertex 29.464466094067262 24.464466094067262 0
      vertex 29.28427587261303 24.654346968205708 16
      vertex 29.464466094067262 24.464466094067262 16
    endloop
  endfacet
  facet normal 0.5224985647159492 0.8526401643540921 0
    outer loop
      vertex 30.5 23.66987298107781 0
      vertex 30.276804824924866 23.80664716027288 16
      vertex 30.5 23.66987298107781 16
    endloop
  endfacet
  facet normal 0.4771587602596149 0.8788171126619618 0
    outer loop
      vertex 30.730047501302266 23.54496737905816 0
      vertex 30.5 23.66987298107781 16
      vertex 30.730047501302266 23.54496737905816 16
    endloop
  endfacet
  facet normal 0.43051109680829003 0.9025852843498632 0
    outer loop
      vertex 30.966316784621 23.432272711786997 0
      vertex 30.730047501302266 23.54496737905816 16
      vertex 30.966316784621 23.432272711786997 16
    endloop
  endfacet
  facet normal 0.382683432365099 0.923879532511283 0
    outer loop
      vertex 31.208160252273498 23.33209786751399 0
      vertex 30.966316784621 23.432272711786997 16
      vertex 31.208160252273498 23.33209786751399 16
    endloop
  endfacet
  facet normal 0.649448048330185 0.7604059656000298 0
    outer loop
      vertex 29.85339804475081 24.114270192715146 0
      vertex 29.654346968205708 24.28427587261303 16
      vertex 29.85339804475081 24.114270192715146 16
    endloop
  endfacet
  facet normal 0.5664062369248262 0.8241261886220201 0
    outer loop
      vertex 30.276804824924866 23.80664716027288 0
      vertex 30.061073738537633 23.954915028125264 16
      vertex 30.276804824924866 23.80664716027288 16
    endloop
  endfacet
  facet normal 0.6087614290087203 0.7933533402912354 0
    outer loop
      vertex 30.061073738537633 23.954915028125264 0
      vertex 29.85339804475081 24.114270192715146 16
      vertex 30.061073738537633 23.954915028125264 16
    endloop
  endfacet
  facet normal 0.6883545756937534 0.7253743710122884 0
    outer loop
      vertex 29.654346968205708 24.28427587261303 0
      vertex 29.464466094067262 24.464466094067262 16
      vertex 29.654346968205708 24.28427587261303 16
    endloop
  endfacet
  facet normal 0.3338068592337674 0.9426414910921798 0
    outer loop
      vertex 31.454915028125264 23.244717418524232 0
      vertex 31.208160252273498 23.33209786751399 16
      vertex 31.454915028125264 23.244717418524232 16
    endloop
  endfacet
  facet normal 0.28401534470391804 0.9588197348681944 0
    outer loop
      vertex 31.705904774487397 23.17037086855466 0
      vertex 31.454915028125264 23.244717418524232 16
      vertex 31.705904774487397 23.17037086855466 16
    endloop
  endfacet
  facet normal 0.23344536385591158 0.9723699203976751 0
    outer loop
      vertex 31.960441545911202 23.10926199633097 0
      vertex 31.705904774487397 23.17037086855466 16
      vertex 31.960441545911202 23.10926199633097 16
    endloop
  endfacet
  facet normal 0.18223552549214006 0.983254907563956 0
    outer loop
      vertex 32.21782767479885 23.061558297024312 0
      vertex 31.960441545911202 23.10926199633097 16
      vertex 32.21782767479885 23.061558297024312 16
    endloop
  endfacet
  facet normal 0.1305261922200548 0.99144486137381 0
    outer loop
      vertex 32.47735768366174 23.027390523158633 0
      vertex 32.21782767479885 23.061558297024312 16
      vertex 32.47735768366174 23.027390523158633 16
    endloop
  endfacet
  facet normal 0.07845909572783757 0.9969173337331286 0
    outer loop
      vertex 32.73832021878528 23.006852326227133 0
      vertex 32.47735768366174 23.027390523158633 16
      vertex 32.73832021878528 23.006852326227133 16
    endloop
  endfacet
  facet normal 0.026176948307881358 0.999657324975557 0
    outer loop
      vertex 33 23 0
      vertex 32.73832021878528 23.006852326227133 16
      vertex 33 23 16
    endloop
  endfacet
  facet normal 0.7933533402912223 0.6087614290087374 -3.4972237289598624e-16
    outer loop
      vertex 29.114270192715146 24.85339804475081 0
      vertex 28.954915028125264 25.061073738537633 16
      vertex 28.971145548186545 25.039921712979364 16
    endloop
  endfacet
  facet normal 0.7604059656000298 0.649448048330185 0
    outer loop
      vertex 29.28427587261303 24.654346968205708 0
      vertex 29.114270192715146 24.85339804475081 16
      vertex 29.28427587261303 24.654346968205708 16
    endloop
  endfacet
  facet normal 0.7933533402912369 0.6087614290087184 0
    outer loop
      vertex 29.114270192715146 24.85339804475081 0
      vertex 28.971145548186545 25.039921712979364 16
      vertex 29.114270192715146 24.85339804475081 16
    endloop
  endfacet
  facet normal 0.8241261886220201 0.5664062369248262 0
    outer loop
      vertex 28.954915028125264 25.061073738537633 0
      vertex 28.80664716027288 25.276804824924866 16
      vertex 28.954915028125264 25.061073738537633 16
    endloop
  endfacet
  facet normal 0.8526401643540921 0.5224985647159492 0
    outer loop
      vertex 28.80664716027288 25.276804824924866 0
      vertex 28.66987298107781 25.5 16
      vertex 28.80664716027288 25.276804824924866 16
    endloop
  endfacet
  facet normal 0.9025852843498632 0.43051109680829003 0
    outer loop
      vertex 28.54496737905816 25.730047501302266 0
      vertex 28.432272711786997 25.966316784621 16
      vertex 28.54496737905816 25.730047501302266 16
    endloop
  endfacet
  facet normal 0.923879532511283 0.382683432365099 0
    outer loop
      vertex 28.432272711786997 25.966316784621 0
      vertex 28.33209786751399 26.208160252273498 16
      vertex 28.432272711786997 25.966316784621 16
    endloop
  endfacet
  facet normal 0.9426414910921798 0.3338068592337674 0
    outer loop
      vertex 28.33209786751399 26.208160252273498 0
      vertex 28.244717418524232 26.454915028125264 16
      vertex 28.33209786751399 26.208160252273498 16
    endloop
  endfacet
  facet normal 0.8788171126619618 0.4771587602596149 0
    outer loop
      vertex 28.66987298107781 25.5 0
      vertex 28.54496737905816 25.730047501302266 16
      vertex 28.66987298107781 25.5 16
    endloop
  endfacet
  facet normal 0.9588197348681944 0.28401534470391804 0
    outer loop
      vertex 28.244717418524232 26.454915028125264 0
      vertex 28.17037086855466 26.705904774487397 16
      vertex 28.244717418524232 26.454915028125264 16
    endloop
  endfacet
  facet normal 0.9723699203976751 0.23344536385591158 0
    outer loop
      vertex 28.17037086855466 26.705904774487397 0
      vertex 28.10926199633097 26.960441545911202 16
      vertex 28.17037086855466 26.705904774487397 16
    endloop
  endfacet
  facet normal 0.9832549075639555 0.1822355254921425 0
    outer loop
      vertex 28.10926199633097 26.960441545911202 0
      vertex 28.061558297024312 27.217827674798844 16
      vertex 28.10926199633097 26.960441545911202 16
    endloop
  endfacet
  facet normal 0.99144486137381 0.1305261922200548 0
    outer loop
      vertex 28.061558297024312 27.217827674798844 0
      vertex 28.027390523158633 27.477357683661733 16
      vertex 28.061558297024312 27.217827674798844 16
    endloop
  endfacet
  facet normal 0.9969173337331286 0.07845909572783757 0
    outer loop
      vertex 28.027390523158633 27.477357683661733 0
      vertex 28.006852326227133 27.73832021878528 16
      vertex 28.027390523158633 27.477357683661733 16
    endloop
  endfacet
  facet normal 0.999657324975557 0.026176948307881 0
    outer loop
      vertex 28.006852326227133 27.73832021878528 0
      vertex 28 28 16
      vertex 28.006852326227133 27.73832021878528 16
    endloop
  endfacet
  facet normal 0.999657324975557 -0.026176948307881 0
    outer loop
      vertex 28 28 0
      vertex 28.006852326227133 28.26167978121472 16
      vertex 28 28 16
    endloop
  endfacet
  facet normal -0.026176948307881358 0.999657324975557 0
    outer loop
      vertex 33.26167978121472 23.006852326227133 0
      vertex 33 23 16
      vertex 33.26167978121472 23.006852326227133 16
    endloop
  endfacet
  facet normal -0.07845909572783757 0.9969173337331286 0
    outer loop
      vertex 33.52264231633826 23.027390523158633 0
      vertex 33.26167978121472 23.006852326227133 16
      vertex 33.52264231633826 23.027390523158633 16
    endloop
  endfacet
  facet normal -0.1305261922200548 0.99144486137381 0
    outer loop
      vertex 33.78217232520115 23.061558297024312 0
      vertex 33.52264231633826 23.027390523158633 16
      vertex 33.78217232520115 23.061558297024312 16
    endloop
  endfacet
  facet normal -0.18223552549214006 0.983254907563956 0
    outer loop
      vertex 34.0395584540888 23.10926199633097 0
      vertex 33.78217232520115 23.061558297024312 16
      vertex 34.0395584540888 23.10926199633097 16
    endloop
  endfacet
  facet normal -0.23344536385590847 0.9723699203976757 0
    outer loop
      vertex 34.294095225512606 23.17037086855466 0
      vertex 34.0395584540888 23.10926199633097 16
      vertex 34.294095225512606 23.17037086855466 16
    endloop
  endfacet
  facet normal -0.2840153447039217 0.9588197348681932 0
    outer loop
      vertex 34.545084971874736 23.244717418524232 0
      vertex 34.294095225512606 23.17037086855466 16
      vertex 34.545084971874736 23.244717418524232 16
    endloop
  endfacet
  facet normal -0.3338068592337717 0.9426414910921782 0
    outer loop
      vertex 34.7918397477265 23.33209786751399 0
      vertex 34.545084971874736 23.244717418524232 16
      vertex 34.7918397477265 23.33209786751399 16
    endloop
  endfacet
  facet normal -0.3826834323650941 0.9238795325112849 0
    outer loop
      vertex 35.033683215379 23.432272711786997 0
      vertex 34.7918397477265 23.33209786751399 16
      vertex 35.033683215379 23.432272711786997 16
    endloop
  endfacet
  facet normal -0.43051109680829003 0.9025852843498632 0
    outer loop
      vertex 35.269952498697734 23.54496737905816 0
      vertex 35.033683215379 23.432272711786997 16
      vertex 35.269952498697734 23.54496737905816 16
    endloop
  endfacet
  facet normal -0.4771587602596149 0.8788171126619618 0
    outer loop
      vertex 35.5 23.66987298107781 0
      vertex 35.269952498697734 23.54496737905816 16
      vertex 35.5 23.66987298107781 16
    endloop
  endfacet
  facet normal -0.5224985647159492 0.8526401643540921 0
    outer loop
      vertex 35.72319517507513 23.80664716027288 0
      vertex 35.5 23.66987298107781 16
      vertex 35.72319517507513 23.80664716027288 16
    endloop
  endfacet
  facet normal -0.56640623692482 0.8241261886220247 0
    outer loop
      vertex 35.93892626146237 23.954915028125264 0
      vertex 35.72319517507513 23.80664716027288 16
      vertex 35.93892626146237 23.954915028125264 16
    endloop
  endfacet
  facet normal -0.6087614290087269 0.7933533402912304 0
    outer loop
      vertex 36.14660195524919 24.114270192715146 0
      vertex 35.93892626146237 23.954915028125264 16
      vertex 36.14660195524919 24.114270192715146 16
    endloop
  endfacet
  facet normal -0.649448048330185 0.7604059656000298 0
    outer loop
      vertex 36.34565303179429 24.28427587261303 0
      vertex 36.14660195524919 24.114270192715146 16
      vertex 36.34565303179429 24.28427587261303 16
    endloop
  endfacet
  facet normal -0.6883545756937534 0.7253743710122884 0
    outer loop
      vertex 36.53553390593274 24.464466094067262 0
      vertex 36.34565303179429 24.28427587261303 16
      vertex 36.53553390593274 24.464466094067262 16
    endloop
  endfacet
  facet normal -0.7253743710122884 0.6883545756937534 0
    outer loop
      vertex 36.71572412738697 24.654346968205708 0
      vertex 36.53553390593274 24.464466094067262 16
      vertex 36.71572412738697 24.654346968205708 16
    endloop
  endfacet
  facet normal -0.7604059656000298 0.649448048330185 0
    outer loop
      vertex 36.885729807284854 24.85339804475081 0
      vertex 36.71572412738697 24.654346968205708 16
      vertex 36.885729807284854 24.85339804475081 16
    endloop
  endfacet
  facet normal -0.7933533402912354 0.6087614290087203 0
    outer loop
      vertex 37.045084971874736 25.061073738537633 0
      vertex 36.885729807284854 24.85339804475081 16
      vertex 37.045084971874736 25.061073738537633 16
    endloop
  endfacet
  facet normal -0.8241261886220201 0.5664062369248262 0
    outer loop
      vertex 37.19335283972712 25.276804824924866 0
      vertex 37.045084971874736 25.061073738537633 16
      vertex 37.19335283972712 25.276804824924866 16
    endloop
  endfacet
  facet normal -0.8526401643540944 0.5224985647159454 0
    outer loop
      vertex 37.330127018616324 25.499999999500872 0
      vertex 37.19335283972712 25.276804824924866 16
      vertex 37.330127018616324 25.499999999500872 16
    endloop
  endfacet
  facet normal 0.9969173337331286 -0.07845909572783757 0
    outer loop
      vertex 28.006852326227133 28.26167978121472 0
      vertex 28.027390523158633 28.522642316338267 16
      vertex 28.006852326227133 28.26167978121472 16
    endloop
  endfacet
  facet normal 0.99144486137381 -0.1305261922200548 0
    outer loop
      vertex 28.027390523158633 28.522642316338267 0
      vertex 28.061558297024312 28.782172325201156 16
      vertex 28.027390523158633 28.522642316338267 16
    endloop
  endfacet
  facet normal 0.9832549075639555 -0.1822355254921425 0
    outer loop
      vertex 28.061558297024312 28.782172325201156 0
      vertex 28.10926199633097 29.039558454088798 16
      vertex 28.061558297024312 28.782172325201156 16
    endloop
  endfacet
  facet normal 0.9723699203976751 -0.23344536385591158 0
    outer loop
      vertex 28.10926199633097 29.039558454088798 0
      vertex 28.17037086855466 29.294095225512603 16
      vertex 28.10926199633097 29.039558454088798 16
    endloop
  endfacet
  facet normal 0.9588197348681944 -0.28401534470391804 0
    outer loop
      vertex 28.17037086855466 29.294095225512603 0
      vertex 28.244717418524232 29.545084971874736 16
      vertex 28.17037086855466 29.294095225512603 16
    endloop
  endfacet
  facet normal 0.9426414910921798 -0.3338068592337674 0
    outer loop
      vertex 28.244717418524232 29.545084971874736 0
      vertex 28.33209786751399 29.791839747726502 16
      vertex 28.244717418524232 29.545084971874736 16
    endloop
  endfacet
  facet normal 0.923879532511283 -0.382683432365099 0
    outer loop
      vertex 28.33209786751399 29.791839747726502 0
      vertex 28.432272711786997 30.033683215379 16
      vertex 28.33209786751399 29.791839747726502 16
    endloop
  endfacet
  facet normal 0.9025852843498632 -0.43051109680829003 0
    outer loop
      vertex 28.432272711786997 30.033683215379 0
      vertex 28.54496737905816 30.269952498697734 16
      vertex 28.432272711786997 30.033683215379 16
    endloop
  endfacet
  facet normal 0.8788171126619618 -0.4771587602596149 0
    outer loop
      vertex 28.54496737905816 30.269952498697734 0
      vertex 28.66987298107781 30.5 16
      vertex 28.54496737905816 30.269952498697734 16
    endloop
  endfacet
  facet normal 0.8526401643540921 -0.5224985647159492 0
    outer loop
      vertex 28.66987298107781 30.5 0
      vertex 28.80664716027288 30.723195175075134 16
      vertex 28.66987298107781 30.5 16
    endloop
  endfacet
  facet normal 0.8241261886220257 -0.5664062369248183 0
    outer loop
      vertex 28.80664716027288 30.723195175075134 0
      vertex 28.910624596355696 30.874483283353847 16
      vertex 28.80664716027288 30.723195175075134 16
    endloop
  endfacet
  facet normal 0.8241261886220076 -0.5664062369248448 3.688162286541197e-16
    outer loop
      vertex 28.80664716027288 30.723195175075134 0
      vertex 28.954915028125264 30.938926261462367 16
      vertex 28.910624596355696 30.874483283353847 16
    endloop
  endfacet
  facet normal 0.7933533402912354 -0.6087614290087203 0
    outer loop
      vertex 28.954915028125264 30.938926261462367 0
      vertex 29.114270192715146 31.14660195524919 16
      vertex 28.954915028125264 30.938926261462367 16
    endloop
  endfacet
  facet normal 0.7604059656000298 -0.649448048330185 0
    outer loop
      vertex 29.114270192715146 31.14660195524919 0
      vertex 29.28427587261303 31.345653031794292 16
      vertex 29.114270192715146 31.14660195524919 16
    endloop
  endfacet
  facet normal 0.7253743710122884 -0.6883545756937534 0
    outer loop
      vertex 29.28427587261303 31.345653031794292 0
      vertex 29.464466094067262 31.535533905932738 16
      vertex 29.28427587261303 31.345653031794292 16
    endloop
  endfacet
  facet normal 0.6883545756937534 -0.7253743710122884 0
    outer loop
      vertex 29.464466094067262 31.535533905932738 0
      vertex 29.654346968205708 31.71572412738697 16
      vertex 29.464466094067262 31.535533905932738 16
    endloop
  endfacet
  facet normal 0.649448048330185 -0.7604059656000298 0
    outer loop
      vertex 29.654346968205708 31.71572412738697 0
      vertex 29.85339804475081 31.885729807284854 16
      vertex 29.654346968205708 31.71572412738697 16
    endloop
  endfacet
  facet normal 0.6087614290087203 -0.7933533402912354 0
    outer loop
      vertex 29.85339804475081 31.885729807284854 0
      vertex 30.061073738537633 32.045084971874736 16
      vertex 29.85339804475081 31.885729807284854 16
    endloop
  endfacet
  facet normal 0.5664062369248262 -0.8241261886220201 0
    outer loop
      vertex 30.061073738537633 32.045084971874736 0
      vertex 30.276804824924866 32.19335283972712 16
      vertex 30.061073738537633 32.045084971874736 16
    endloop
  endfacet
  facet normal 0.5224985647159492 -0.8526401643540921 0
    outer loop
      vertex 30.276804824924866 32.19335283972712 0
      vertex 30.5 32.33012701892219 16
      vertex 30.276804824924866 32.19335283972712 16
    endloop
  endfacet
  facet normal 0.47715876025960435 -0.8788171126619674 0
    outer loop
      vertex 30.5 32.33012701892219 0
      vertex 30.730047501302266 32.455032620941836 16
      vertex 30.5 32.33012701892219 16
    endloop
  endfacet
  facet normal 0.43051109680831207 -0.9025852843498525 0
    outer loop
      vertex 30.730047501302266 32.455032620941836 0
      vertex 30.966316784621 32.56772728821301 16
      vertex 30.730047501302266 32.455032620941836 16
    endloop
  endfacet
  facet normal 0.38268343236507585 -0.9238795325112926 0
    outer loop
      vertex 30.966316784621 32.56772728821301 0
      vertex 31.208160252273498 32.667902132486006 16
      vertex 30.966316784621 32.56772728821301 16
    endloop
  endfacet
  facet normal 0.3338068592337794 -0.9426414910921753 0
    outer loop
      vertex 31.208160252273498 32.667902132486006 0
      vertex 31.454915028125264 32.75528258147577 16
      vertex 31.208160252273498 32.667902132486006 16
    endloop
  endfacet
  facet normal 0.28401534470393053 -0.9588197348681907 0
    outer loop
      vertex 31.454915028125264 32.75528258147577 0
      vertex 31.705904774487397 32.829629131445344 16
      vertex 31.454915028125264 32.75528258147577 16
    endloop
  endfacet
  facet normal 0.23344536385589876 -0.9723699203976782 0
    outer loop
      vertex 31.705904774487397 32.829629131445344 0
      vertex 31.960441545911202 32.89073800366903 16
      vertex 31.705904774487397 32.829629131445344 16
    endloop
  endfacet
  facet normal 0.18223552549214006 -0.983254907563956 0
    outer loop
      vertex 31.960441545911202 32.89073800366903 0
      vertex 32.21782767479885 32.93844170297569 16
      vertex 31.960441545911202 32.89073800366903 16
    endloop
  endfacet
  facet normal 0.13052619222006812 -0.9914448613738082 0
    outer loop
      vertex 32.21782767479885 32.93844170297569 0
      vertex 32.47735768366174 32.97260947684137 16
      vertex 32.21782767479885 32.93844170297569 16
    endloop
  endfacet
  facet normal 0.07845909572782409 -0.9969173337331296 0
    outer loop
      vertex 32.47735768366174 32.97260947684137 0
      vertex 32.73832021878528 32.99314767377287 16
      vertex 32.47735768366174 32.97260947684137 16
    endloop
  endfacet
  facet normal 0.026176948307881358 -0.999657324975557 0
    outer loop
      vertex 32.73832021878528 32.99314767377287 0
      vertex 33 33 16
      vertex 32.73832021878528 32.99314767377287 16
    endloop
  endfacet
  facet normal -0.026176948307881358 -0.999657324975557 0
    outer loop
      vertex 33 33 0
      vertex 33.26167978121472 32.99314767377287 16
      vertex 33 33 16
    endloop
  endfacet
  facet normal -0.7253743710122884 -0.6883545756937534 0
    outer loop
      vertex 36.53553390593274 31.535533905932738 0
      vertex 36.71572412738697 31.345653031794292 16
      vertex 36.53553390593274 31.535533905932738 16
    endloop
  endfacet
  facet normal -0.8526401643540944 -0.5224985647159454 0
    outer loop
      vertex 37.19335283972712 30.723195175075134 0
      vertex 37.330127018616324 30.500000000499128 16
      vertex 37.19335283972712 30.723195175075134 16
    endloop
  endfacet
  facet normal -0.8241261886220201 -0.5664062369248262 0
    outer loop
      vertex 37.045084971874736 30.938926261462367 0
      vertex 37.19335283972712 30.723195175075134 16
      vertex 37.045084971874736 30.938926261462367 16
    endloop
  endfacet
  facet normal -0.7933533402912354 -0.6087614290087203 0
    outer loop
      vertex 36.885729807284854 31.14660195524919 0
      vertex 37.045084971874736 30.938926261462367 16
      vertex 36.885729807284854 31.14660195524919 16
    endloop
  endfacet
  facet normal -0.7604059656000298 -0.649448048330185 0
    outer loop
      vertex 36.71572412738697 31.345653031794292 0
      vertex 36.885729807284854 31.14660195524919 16
      vertex 36.71572412738697 31.345653031794292 16
    endloop
  endfacet
  facet normal -0.07845909572782409 -0.9969173337331296 0
    outer loop
      vertex 33.26167978121472 32.99314767377287 0
      vertex 33.52264231633826 32.97260947684137 16
      vertex 33.26167978121472 32.99314767377287 16
    endloop
  endfacet
  facet normal -0.13052619222006812 -0.9914448613738082 0
    outer loop
      vertex 33.52264231633826 32.97260947684137 0
      vertex 33.78217232520115 32.93844170297569 16
      vertex 33.52264231633826 32.97260947684137 16
    endloop
  endfacet
  facet normal -0.18223552549214006 -0.983254907563956 0
    outer loop
      vertex 33.78217232520115 32.93844170297569 0
      vertex 34.0395584540888 32.89073800366903 16
      vertex 33.78217232520115 32.93844170297569 16
    endloop
  endfacet
  facet normal -0.2840153447039342 -0.9588197348681895 0
    outer loop
      vertex 34.294095225512606 32.829629131445344 0
      vertex 34.545084971874736 32.75528258147577 16
      vertex 34.294095225512606 32.829629131445344 16
    endloop
  endfacet
  facet normal -0.33380685923378367 -0.9426414910921738 0
    outer loop
      vertex 34.545084971874736 32.75528258147577 0
      vertex 34.7918397477265 32.667902132486006 16
      vertex 34.545084971874736 32.75528258147577 16
    endloop
  endfacet
  facet normal -0.382683432365071 -0.9238795325112946 0
    outer loop
      vertex 34.7918397477265 32.667902132486006 0
      vertex 35.033683215379 32.56772728821301 16
      vertex 34.7918397477265 32.667902132486006 16
    endloop
  endfacet
  facet normal -0.23344536385589568 -0.972369920397679 0
    outer loop
      vertex 34.0395584540888 32.89073800366903 0
      vertex 34.294095225512606 32.829629131445344 16
      vertex 34.0395584540888 32.89073800366903 16
    endloop
  endfacet
  facet normal -0.56640623692482 -0.8241261886220247 0
    outer loop
      vertex 35.72319517507513 32.19335283972712 0
      vertex 35.93892626146237 32.045084971874736 16
      vertex 35.72319517507513 32.19335283972712 16
    endloop
  endfacet
  facet normal -0.5224985647159492 -0.8526401643540921 0
    outer loop
      vertex 35.5 32.33012701892219 0
      vertex 35.72319517507513 32.19335283972712 16
      vertex 35.5 32.33012701892219 16
    endloop
  endfacet
  facet normal -0.649448048330185 -0.7604059656000298 0
    outer loop
      vertex 36.14660195524919 31.885729807284854 0
      vertex 36.34565303179429 31.71572412738697 16
      vertex 36.14660195524919 31.885729807284854 16
    endloop
  endfacet
  facet normal -0.6883545756937534 -0.7253743710122884 0
    outer loop
      vertex 36.34565303179429 31.71572412738697 0
      vertex 36.53553390593274 31.535533905932738 16
      vertex 36.34565303179429 31.71572412738697 16
    endloop
  endfacet
  facet normal -0.6087614290087269 -0.7933533402912304 0
    outer loop
      vertex 35.93892626146237 32.045084971874736 0
      vertex 36.14660195524919 31.885729807284854 16
      vertex 35.93892626146237 32.045084971874736 16
    endloop
  endfacet
  facet normal -0.43051109680831207 -0.9025852843498525 0
    outer loop
      vertex 35.033683215379 32.56772728821301 0
      vertex 35.269952498697734 32.455032620941836 16
      vertex 35.033683215379 32.56772728821301 16
    endloop
  endfacet
  facet normal -0.47715876025960435 -0.8788171126619674 0
    outer loop
      vertex 35.269952498697734 32.455032620941836 0
      vertex 35.5 32.33012701892219 16
      vertex 35.269952498697734 32.455032620941836 16
    endloop
  endfacet
  facet normal 0.5000000001013564 0.8660254037259206 0
    outer loop
      vertex 39.06217782606286 24.499999999301224 0
      vertex 37.330127018616324 25.499999999500872 0
      vertex 39.06217782606286 24.499999999301224 16
    endloop
  endfacet
  facet normal 0.5000000001013564 -0.8660254037259206 0
    outer loop
      vertex 37.330127018616324 30.500000000499128 0
      vertex 39.06217782606286 31.500000000698776 0
      vertex 37.330127018616324 30.500000000499128 16
    endloop
  endfacet
  facet normal 0.5000000001013564 0.8660254037259206 0
    outer loop
      vertex 37.330127018616324 25.499999999500872 0
      vertex 37.330127018616324 25.499999999500872 16
      vertex 39.06217782606286 24.499999999301224 16
    endloop
  endfacet
  facet normal 0.5000000001013564 -0.8660254037259206 0
    outer loop
      vertex 39.06217782606286 31.500000000698776 0
      vertex 39.06217782606286 31.500000000698776 16
      vertex 37.330127018616324 30.500000000499128 16
    endloop
  endfacet
  facet normal 0 0 -1
    outer loop
      vertex 49.91286460177108 21.9411556355191 0
      vertex 49.6 22.111027254265817 0
      vertex 49.97926212296078 24.26969938500654 0
    endloop
  endfacet
  facet normal 0 0 -1
    outer loop
      vertex 50.23419082708456 21.787890888030315 0
      vertex 49.91286460177108 21.9411556355191 0
      vertex 50.38573263192787 23.974381273861965 0
    endloop
  endfacet
  facet normal 0 0 -1
    outer loop
      vertex 50.23419082708456 21.787890888030315 0
      vertex 50.6 23.843078061834696 0
      vertex 50.56309794309196 21.65165309981903 0
    endloop
  endfacet
  facet normal 0 0 -1
    outer loop
      vertex 50.898684438250356 21.532815689192958 0
      vertex 50.56309794309196 21.65165309981903 0
      vertex 51.04766411323616 23.614981803315516 0
    endloop
  endfacet
  facet normal 0 0 -1
    outer loop
      vertex 50.898684438250356 21.532815689192958 0
      vertex 51.279833842182555 23.51881395281343 0
      vertex 51.24003049330286 21.431704381234336 0
    endloop
  endfacet
  facet normal 0 0 -1
    outer loop
      vertex 50.898684438250356 21.532815689192958 0
      vertex 51.04766411323616 23.614981803315516 0
      vertex 51.279833842182555 23.51881395281343 0
    endloop
  endfacet
  facet normal 0 0 -1
    outer loop
      vertex 49.29645456189782 22.297040137971116 0
      vertex 49.003060284411184 22.498684438250358 0
      vertex 49.432904837708506 24.788173089477482 0
    endloop
  endfacet
  facet normal 0 0 -1
    outer loop
      vertex 49 22.50103267706995 0
      vertex 49.11671842700025 25.17863078899613 0
      vertex 49.003060284411184 22.498684438250358 0
    endloop
  endfacet
  facet normal 0 0 -1
    outer loop
      vertex 49.003060284411184 22.498684438250358 0
      vertex 49.26969938500654 24.97926212296078 0
      vertex 49.432904837708506 24.788173089477482 0
    endloop
  endfacet
  facet normal 0 0 -1
    outer loop
      vertex 49.003060284411184 22.498684438250358 0
      vertex 49.11671842700025 25.17863078899613 0
      vertex 49.26969938500654 24.97926212296078 0
    endloop
  endfacet
  facet normal 0 0 -1
    outer loop
      vertex 49 22.50103267706995 0
      vertex 49 25.348457154093943 0
      vertex 49.11671842700025 25.17863078899613 0
    endloop
  endfacet
  facet normal 0 0 -1
    outer loop
      vertex 49.29645456189782 22.297040137971116 0
      vertex 49.60588745030457 24.60588745030457 0
      vertex 49.6 22.111027254265817 0
    endloop
  endfacet
  facet normal 0 0 -1
    outer loop
      vertex 49.91286460177108 21.9411556355191 0
      vertex 50.17863078899613 24.11671842700025 0
      vertex 50.38573263192787 23.974381273861965 0
    endloop
  endfacet
  facet normal 0 0 -1
    outer loop
      vertex 49.6 22.111027254265817 0
      vertex 49.78817308947748 24.432904837708506 0
      vertex 49.97926212296078 24.26969938500654 0
    endloop
  endfacet
  facet normal 0 0 -1
    outer loop
      vertex 49.6 22.111027254265817 0
      vertex 49.60588745030457 24.60588745030457 0
      vertex 49.78817308947748 24.432904837708506 0
    endloop
  endfacet
  facet normal 0 0 -1
    outer loop
      vertex 49.91286460177108 21.9411556355191 0
      vertex 49.97926212296078 24.26969938500654 0
      vertex 50.17863078899613 24.11671842700025 0
    endloop
  endfacet
  facet normal 0 0 -1
    outer loop
      vertex 50.56309794309196 21.65165309981903 0
      vertex 50.6 23.843078061834696 0
      vertex 50.82084560125018 23.723168683895835 0
    endloop
  endfacet
  facet normal 0 0 -1
    outer loop
      vertex 50.23419082708456 21.787890888030315 0
      vertex 50.38573263192787 23.974381273861965 0
      vertex 50.6 23.843078061834696 0
    endloop
  endfacet
  facet normal 0 0 -1
    outer loop
      vertex 50.56309794309196 21.65165309981903 0
      vertex 50.82084560125018 23.723168683895835 0
      vertex 51.04766411323616 23.614981803315516 0
    endloop
  endfacet
  facet normal 0 0 -1
    outer loop
      vertex 49.29645456189782 22.297040137971116 0
      vertex 49.432904837708506 24.788173089477482 0
      vertex 49.60588745030457 24.60588745030457 0
    endloop
  endfacet
  facet normal 0 0 -1
    outer loop
      vertex 51.58620050243924 21.34859631501012 0
      vertex 51.24003049330286 21.431704381234336 0
      vertex 51.7576685835079 23.363556033812472 0
    endloop
  endfacet
  facet normal 0 0 -1
    outer loop
      vertex 51.58620050243924 21.34859631501012 0
      vertex 52.00202388407476 23.30489151647773 0
      vertex 51.93624563772643 21.28371928395306 0
    endloop
  endfacet
  facet normal 0 0 -1
    outer loop
      vertex 51.93624563772643 21.28371928395306 0
      vertex 52.498263376315265 23.22629490223229 0
      vertex 52.289206449779954 21.23725111149574 0
    endloop
  endfacet
  facet normal 0 0 -1
    outer loop
      vertex 52.289206449779954 21.23725111149574 0
      vertex 52.74878741003387 23.206578233178046 0
      vertex 52.644115497547986 21.209319163668898 0
    endloop
  endfacet
  facet normal 0 0 -1
    outer loop
      vertex 53 21.2 0
      vertex 52.644115497547986 21.209319163668898 0
      vertex 52.74878741003387 23.206578233178046 0
    endloop
  endfacet
  facet normal 0 0 -1
    outer loop
      vertex 51.24003049330286 21.431704381234336 0
      vertex 51.279833842182555 23.51881395281343 0
      vertex 51.51671842700026 23.434928721783265 0
    endloop
  endfacet
  facet normal 0 0 -1
    outer loop
      vertex 51.24003049330286 21.431704381234336 0
      vertex 51.51671842700026 23.434928721783265 0
      vertex 51.7576685835079 23.363556033812472 0
    endloop
  endfacet
  facet normal 0 0 -1
    outer loop
      vertex 51.58620050243924 21.34859631501012 0
      vertex 51.7576685835079 23.363556033812472 0
      vertex 52.00202388407476 23.30489151647773 0
    endloop
  endfacet
  facet normal 0 0 -1
    outer loop
      vertex 51.93624563772643 21.28371928395306 0
      vertex 52.00202388407476 23.30489151647773 0
      vertex 52.24911456780689 23.259095965143338 0
    endloop
  endfacet
  facet normal 0 0 -1
    outer loop
      vertex 51.93624563772643 21.28371928395306 0
      vertex 52.24911456780689 23.259095965143338 0
      vertex 52.498263376315265 23.22629490223229 0
    endloop
  endfacet
  facet normal 0 0 -1
    outer loop
      vertex 52.289206449779954 21.23725111149574 0
      vertex 52.498263376315265 23.22629490223229 0
      vertex 52.74878741003387 23.206578233178046 0
    endloop
  endfacet
  facet normal 0 0 -1
    outer loop
      vertex 53 21.2 0
      vertex 52.74878741003387 23.206578233178046 0
      vertex 53 23.2 0
    endloop
  endfacet
  facet normal 0 0 -1
    outer loop
      vertex 53 21.2 0
      vertex 53.25121258996613 23.206578233178046 0
      vertex 53.355884502452014 21.209319163668898 0
    endloop
  endfacet
  facet normal 0 0 -1
    outer loop
      vertex 53.355884502452014 21.209319163668898 0
      vertex 53.501736623684735 23.22629490223229 0
      vertex 53.710793550220046 21.23725111149574 0
    endloop
  endfacet
  facet normal 0 0 -1
    outer loop
      vertex 53.710793550220046 21.23725111149574 0
      vertex 53.99797611592524 23.30489151647773 0
      vertex 54.06375436227357 21.28371928395306 0
    endloop
  endfacet
  facet normal 0 0 -1
    outer loop
      vertex 54.06375436227357 21.28371928395306 0
      vertex 54.2423314164921 23.363556033812472 0
      vertex 54.41379949756076 21.34859631501012 0
    endloop
  endfacet
  facet normal 0 0 -1
    outer loop
      vertex 53 21.2 0
      vertex 53 23.2 0
      vertex 53.25121258996613 23.206578233178046 0
    endloop
  endfacet
  facet normal 0 0 -1
    outer loop
      vertex 53.355884502452014 21.209319163668898 0
      vertex 53.25121258996613 23.206578233178046 0
      vertex 53.501736623684735 23.22629490223229 0
    endloop
  endfacet
  facet normal 0 0 -1
    outer loop
      vertex 53.710793550220046 21.23725111149574 0
      vertex 53.501736623684735 23.22629490223229 0
      vertex 53.75088543219311 23.259095965143338 0
    endloop
  endfacet
  facet normal 0 0 -1
    outer loop
      vertex 53.710793550220046 21.23725111149574 0
      vertex 53.75088543219311 23.259095965143338 0
      vertex 53.99797611592524 23.30489151647773 0
    endloop
  endfacet
  facet normal 0 0 -1
    outer loop
      vertex 54.41379949756076 21.34859631501012 0
      vertex 54.48328157299974 23.434928721783265 0
      vertex 54.75996950669714 21.431704381234336 0
    endloop
  endfacet
  facet normal 0 0 -1
    outer loop
      vertex 54.06375436227357 21.28371928395306 0
      vertex 53.99797611592524 23.30489151647773 0
      vertex 54.2423314164921 23.363556033812472 0
    endloop
  endfacet
  facet normal 0 0 -1
    outer loop
      vertex 54.41379949756076 21.34859631501012 0
      vertex 54.2423314164921 23.363556033812472 0
      vertex 54.48328157299974 23.434928721783265 0
    endloop
  endfacet
  facet normal 0 0 -1
    outer loop
      vertex 54.75996950669714 21.431704381234336 0
      vertex 54.48328157299974 23.434928721783265 0
      vertex 54.720166157817445 23.51881395281343 0
    endloop
  endfacet
  facet normal -0.5664062369248328 -0.8241261886220156 0
    outer loop
      vertex 49.29645456189782 22.297040137971116 0
      vertex 49.29645456189782 22.297040137971116 16
      vertex 49.003060284411184 22.498684438250358 0
    endloop
  endfacet
  facet normal -0.6087614290087568 -0.7933533402912073 0
    outer loop
      vertex 49 22.50103267706995 0
      vertex 49.003060284411184 22.498684438250358 0
      vertex 49.003060284411184 22.498684438250358 16
    endloop
  endfacet
  facet normal -0.4771587602596076 -0.8788171126619659 0
    outer loop
      vertex 49.91286460177108 21.9411556355191 0
      vertex 49.91286460177108 21.9411556355191 16
      vertex 49.6 22.111027254265817 0
    endloop
  endfacet
  facet normal -0.43051109680829286 -0.9025852843498617 0
    outer loop
      vertex 50.23419082708456 21.787890888030315 0
      vertex 50.23419082708456 21.787890888030315 16
      vertex 49.91286460177108 21.9411556355191 0
    endloop
  endfacet
  facet normal -0.333806859233771 -0.9426414910921784 0
    outer loop
      vertex 50.898684438250356 21.532815689192958 0
      vertex 50.898684438250356 21.532815689192958 16
      vertex 50.56309794309196 21.65165309981903 0
    endloop
  endfacet
  facet normal -0.28401534470392437 -0.9588197348681926 0
    outer loop
      vertex 50.898684438250356 21.532815689192958 0
      vertex 51.24003049330286 21.431704381234336 0
      vertex 51.24003049330286 21.431704381234336 16
    endloop
  endfacet
  facet normal -0.38268343236508956 -0.923879532511287 0
    outer loop
      vertex 50.23419082708456 21.787890888030315 0
      vertex 50.56309794309196 21.65165309981903 0
      vertex 50.56309794309196 21.65165309981903 16
    endloop
  endfacet
  facet normal -0.5224985647159488 -0.8526401643540923 0
    outer loop
      vertex 49.29645456189782 22.297040137971116 0
      vertex 49.6 22.111027254265817 0
      vertex 49.6 22.111027254265817 16
    endloop
  endfacet
  facet normal -0.23344536385591094 -0.9723699203976752 0
    outer loop
      vertex 51.58620050243924 21.34859631501012 0
      vertex 51.58620050243924 21.34859631501012 16
      vertex 51.24003049330286 21.431704381234336 0
    endloop
  endfacet
  facet normal -0.18223552549215005 -0.9832549075639542 0
    outer loop
      vertex 51.58620050243924 21.34859631501012 0
      vertex 51.93624563772643 21.28371928395306 0
      vertex 51.93624563772643 21.28371928395306 16
    endloop
  endfacet
  facet normal -0.13052619222004738 -0.9914448613738108 0
    outer loop
      vertex 51.93624563772643 21.28371928395306 0
      vertex 52.289206449779954 21.23725111149574 0
      vertex 52.289206449779954 21.23725111149574 16
    endloop
  endfacet
  facet normal -0.07845909572784271 -0.9969173337331281 0
    outer loop
      vertex 52.289206449779954 21.23725111149574 0
      vertex 52.644115497547986 21.209319163668898 0
      vertex 52.644115497547986 21.209319163668898 16
    endloop
  endfacet
  facet normal -0.02617694830787586 -0.9996573249755574 0
    outer loop
      vertex 53 21.2 0
      vertex 53 21.2 16
      vertex 52.644115497547986 21.209319163668898 0
    endloop
  endfacet
  facet normal 0.02617694830787586 -0.9996573249755574 0
    outer loop
      vertex 53 21.2 0
      vertex 53.355884502452014 21.209319163668898 0
      vertex 53.355884502452014 21.209319163668898 16
    endloop
  endfacet
  facet normal 0.07845909572784271 -0.9969173337331281 0
    outer loop
      vertex 53.355884502452014 21.209319163668898 0
      vertex 53.710793550220046 21.23725111149574 0
      vertex 53.710793550220046 21.23725111149574 16
    endloop
  endfacet
  facet normal 0.13052619222004738 -0.9914448613738108 0
    outer loop
      vertex 53.710793550220046 21.23725111149574 0
      vertex 54.06375436227357 21.28371928395306 0
      vertex 54.06375436227357 21.28371928395306 16
    endloop
  endfacet
  facet normal 0.18223552549215005 -0.9832549075639542 0
    outer loop
      vertex 54.06375436227357 21.28371928395306 0
      vertex 54.41379949756076 21.34859631501012 0
      vertex 54.41379949756076 21.34859631501012 16
    endloop
  endfacet
  facet normal 0.23344536385591094 -0.9723699203976752 0
    outer loop
      vertex 54.41379949756076 21.34859631501012 0
      vertex 54.75996950669714 21.431704381234336 0
      vertex 54.75996950669714 21.431704381234336 16
    endloop
  endfacet
  facet normal 0 0 -1
    outer loop
      vertex 49 30.651542845906057 0
      vertex 49.003060284411184 33.50131556174964 0
      vertex 49.11671842700025 30.82136921100387 0
    endloop
  endfacet
  facet normal 0 0 -1
    outer loop
      vertex 49.11671842700025 30.82136921100387 0
      vertex 49.29645456189782 33.702959862028884 0
      vertex 49.26969938500654 31.02073787703922 0
    endloop
  endfacet
  facet normal 0 0 -1
    outer loop
      vertex 49.26969938500654 31.02073787703922 0
      vertex 49.29645456189782 33.702959862028884 0
      vertex 49.432904837708506 31.211826910522518 0
    endloop
  endfacet
  facet normal 0 0 -1
    outer loop
      vertex 49 30.651542845906057 0
      vertex 49 33.38444801507589 0
      vertex 49.003060284411184 33.50131556174964 0
    endloop
  endfacet
  facet normal 0 0 -1
    outer loop
      vertex 49.11671842700025 30.82136921100387 0
      vertex 49.003060284411184 33.50131556174964 0
      vertex 49.29645456189782 33.702959862028884 0
    endloop
  endfacet
  facet normal 0 0 -1
    outer loop
      vertex 49.432904837708506 31.211826910522518 0
      vertex 49.6 33.88897274573418 0
      vertex 49.60588745030457 31.39411254969543 0
    endloop
  endfacet
  facet normal 0 0 -1
    outer loop
      vertex 49.60588745030457 31.39411254969543 0
      vertex 49.6 33.88897274573418 0
      vertex 49.78817308947748 31.567095162291494 0
    endloop
  endfacet
  facet normal 0 0 -1
    outer loop
      vertex 49.78817308947748 31.567095162291494 0
      vertex 49.91286460177108 34.058844364480905 0
      vertex 49.97926212296078 31.73030061499346 0
    endloop
  endfacet
  facet normal 0 0 -1
    outer loop
      vertex 49.97926212296078 31.73030061499346 0
      vertex 50.23419082708456 34.21210911196969 0
      vertex 50.17863078899613 31.88328157299975 0
    endloop
  endfacet
  facet normal 0 0 -1
    outer loop
      vertex 50.17863078899613 31.88328157299975 0
      vertex 50.23419082708456 34.21210911196969 0
      vertex 50.38573263192787 32.025618726138035 0
    endloop
  endfacet
  facet normal 0 0 -1
    outer loop
      vertex 49.432904837708506 31.211826910522518 0
      vertex 49.29645456189782 33.702959862028884 0
      vertex 49.6 33.88897274573418 0
    endloop
  endfacet
  facet normal 0 0 -1
    outer loop
      vertex 49.78817308947748 31.567095162291494 0
      vertex 49.6 33.88897274573418 0
      vertex 49.91286460177108 34.058844364480905 0
    endloop
  endfacet
  facet normal 0 0 -1
    outer loop
      vertex 50.38573263192787 32.025618726138035 0
      vertex 50.56309794309196 34.34834690018097 0
      vertex 50.6 32.156921938165304 0
    endloop
  endfacet
  facet normal 0 0 -1
    outer loop
      vertex 50.6 32.156921938165304 0
      vertex 50.56309794309196 34.34834690018097 0
      vertex 50.82084560125018 32.276831316104165 0
    endloop
  endfacet
  facet normal 0 0 -1
    outer loop
      vertex 50.82084560125018 32.276831316104165 0
      vertex 50.898684438250356 34.46718431080704 0
      vertex 51.04766411323616 32.385018196684484 0
    endloop
  endfacet
  facet normal 0 0 -1
    outer loop
      vertex 51.04766411323616 32.385018196684484 0
      vertex 51.24003049330286 34.56829561876567 0
      vertex 51.279833842182555 32.48118604718657 0
    endloop
  endfacet
  facet normal 0 0 -1
    outer loop
      vertex 49 33.38444801507589 0
      vertex 49 33.49896732293005 0
      vertex 49.003060284411184 33.50131556174964 0
    endloop
  endfacet
  facet normal 0 0 -1
    outer loop
      vertex 49.97926212296078 31.73030061499346 0
      vertex 49.91286460177108 34.058844364480905 0
      vertex 50.23419082708456 34.21210911196969 0
    endloop
  endfacet
  facet normal 0 0 -1
    outer loop
      vertex 50.38573263192787 32.025618726138035 0
      vertex 50.23419082708456 34.21210911196969 0
      vertex 50.56309794309196 34.34834690018097 0
    endloop
  endfacet
  facet normal 0 0 -1
    outer loop
      vertex 50.82084560125018 32.276831316104165 0
      vertex 50.56309794309196 34.34834690018097 0
      vertex 50.898684438250356 34.46718431080704 0
    endloop
  endfacet
  facet normal 0 0 -1
    outer loop
      vertex 51.04766411323616 32.385018196684484 0
      vertex 50.898684438250356 34.46718431080704 0
      vertex 51.24003049330286 34.56829561876567 0
    endloop
  endfacet
  facet normal 0 0 -1
    outer loop
      vertex 51.279833842182555 32.48118604718657 0
      vertex 51.24003049330286 34.56829561876567 0
      vertex 51.51671842700026 32.565071278216735 0
    endloop
  endfacet
  facet normal 0 0 -1
    outer loop
      vertex 54.2423314164921 32.63644396618753 0
      vertex 54.75996950669714 34.56829561876567 0
      vertex 54.48328157299974 32.565071278216735 0
    endloop
  endfacet
  facet normal 0 0 -1
    outer loop
      vertex 54.48328157299974 32.565071278216735 0
      vertex 54.75996950669714 34.56829561876567 0
      vertex 54.720166157817445 32.48118604718657 0
    endloop
  endfacet
  facet normal 0 0 -1
    outer loop
      vertex 51.51671842700026 32.565071278216735 0
      vertex 51.58620050243924 34.65140368498988 0
      vertex 51.7576685835079 32.63644396618753 0
    endloop
  endfacet
  facet normal 0 0 -1
    outer loop
      vertex 51.7576685835079 32.63644396618753 0
      vertex 51.93624563772643 34.71628071604694 0
      vertex 52.00202388407476 32.69510848352227 0
    endloop
  endfacet
  facet normal 0 0 -1
    outer loop
      vertex 51.51671842700026 32.565071278216735 0
      vertex 51.24003049330286 34.56829561876567 0
      vertex 51.58620050243924 34.65140368498988 0
    endloop
  endfacet
  facet normal 0 0 -1
    outer loop
      vertex 51.7576685835079 32.63644396618753 0
      vertex 51.58620050243924 34.65140368498988 0
      vertex 51.93624563772643 34.71628071604694 0
    endloop
  endfacet
  facet normal 0 0 -1
    outer loop
      vertex 52.00202388407476 32.69510848352227 0
      vertex 51.93624563772643 34.71628071604694 0
      vertex 52.289206449779954 34.762748888504255 0
    endloop
  endfacet
  facet normal 0 0 -1
    outer loop
      vertex 52.00202388407476 32.69510848352227 0
      vertex 52.289206449779954 34.762748888504255 0
      vertex 52.24911456780689 32.74090403485666 0
    endloop
  endfacet
  facet normal 0 0 -1
    outer loop
      vertex 52.24911456780689 32.74090403485666 0
      vertex 52.289206449779954 34.762748888504255 0
      vertex 52.498263376315265 32.77370509776771 0
    endloop
  endfacet
  facet normal 0 0 -1
    outer loop
      vertex 52.498263376315265 32.77370509776771 0
      vertex 52.644115497547986 34.790680836331106 0
      vertex 52.74878741003387 32.79342176682195 0
    endloop
  endfacet
  facet normal 0 0 -1
    outer loop
      vertex 52.74878741003387 32.79342176682195 0
      vertex 53 34.8 0
      vertex 53 32.8 0
    endloop
  endfacet
  facet normal 0 0 -1
    outer loop
      vertex 52.498263376315265 32.77370509776771 0
      vertex 52.289206449779954 34.762748888504255 0
      vertex 52.644115497547986 34.790680836331106 0
    endloop
  endfacet
  facet normal 0 0 -1
    outer loop
      vertex 52.74878741003387 32.79342176682195 0
      vertex 52.644115497547986 34.790680836331106 0
      vertex 53 34.8 0
    endloop
  endfacet
  facet normal 0 0 -1
    outer loop
      vertex 53 32.8 0
      vertex 53 34.8 0
      vertex 53.25121258996613 32.79342176682195 0
    endloop
  endfacet
  facet normal 0 0 -1
    outer loop
      vertex 53.25121258996613 32.79342176682195 0
      vertex 53.710793550220046 34.762748888504255 0
      vertex 53.501736623684735 32.77370509776771 0
    endloop
  endfacet
  facet normal 0 0 -1
    outer loop
      vertex 53.501736623684735 32.77370509776771 0
      vertex 54.06375436227357 34.71628071604694 0
      vertex 53.75088543219311 32.74090403485666 0
    endloop
  endfacet
  facet normal 0 0 -1
    outer loop
      vertex 53.25121258996613 32.79342176682195 0
      vertex 53 34.8 0
      vertex 53.355884502452014 34.790680836331106 0
    endloop
  endfacet
  facet normal 0 0 -1
    outer loop
      vertex 53.25121258996613 32.79342176682195 0
      vertex 53.355884502452014 34.790680836331106 0
      vertex 53.710793550220046 34.762748888504255 0
    endloop
  endfacet
  facet normal 0 0 -1
    outer loop
      vertex 53.501736623684735 32.77370509776771 0
      vertex 53.710793550220046 34.762748888504255 0
      vertex 54.06375436227357 34.71628071604694 0
    endloop
  endfacet
  facet normal 0 0 -1
    outer loop
      vertex 53.75088543219311 32.74090403485666 0
      vertex 54.06375436227357 34.71628071604694 0
      vertex 53.99797611592524 32.69510848352227 0
    endloop
  endfacet
  facet normal 0 0 -1
    outer loop
      vertex 53.99797611592524 32.69510848352227 0
      vertex 54.41379949756076 34.65140368498988 0
      vertex 54.2423314164921 32.63644396618753 0
    endloop
  endfacet
  facet normal 0 0 -1
    outer loop
      vertex 53.99797611592524 32.69510848352227 0
      vertex 54.06375436227357 34.71628071604694 0
      vertex 54.41379949756076 34.65140368498988 0
    endloop
  endfacet
  facet normal 0 0 -1
    outer loop
      vertex 54.2423314164921 32.63644396618753 0
      vertex 54.41379949756076 34.65140368498988 0
      vertex 54.75996950669714 34.56829561876567 0
    endloop
  endfacet
  facet normal -0.6087614290087568 0.7933533402912073 0
    outer loop
      vertex 49 33.49896732293005 0
      vertex 49 33.49896732293005 16
      vertex 49.003060284411184 33.50131556174964 0
    endloop
  endfacet
  facet normal -0.5664062369248328 0.8241261886220156 0
    outer loop
      vertex 49.003060284411184 33.50131556174964 0
      vertex 49.003060284411184 33.50131556174964 16
      vertex 49.29645456189782 33.702959862028884 0
    endloop
  endfacet
  facet normal -0.5224985647159415 0.8526401643540966 0
    outer loop
      vertex 49.29645456189782 33.702959862028884 0
      vertex 49.29645456189782 33.702959862028884 16
      vertex 49.6 33.88897274573418 0
    endloop
  endfacet
  facet normal -0.47715876025962295 0.8788171126619576 0
    outer loop
      vertex 49.6 33.88897274573418 0
      vertex 49.6 33.88897274573418 16
      vertex 49.91286460177108 34.058844364480905 0
    endloop
  endfacet
  facet normal -0.43051109680829286 0.9025852843498617 0
    outer loop
      vertex 49.91286460177108 34.058844364480905 0
      vertex 49.91286460177108 34.058844364480905 16
      vertex 50.23419082708456 34.21210911196969 0
    endloop
  endfacet
  facet normal -0.382683432365081 0.9238795325112904 0
    outer loop
      vertex 50.23419082708456 34.21210911196969 0
      vertex 50.23419082708456 34.21210911196969 16
      vertex 50.56309794309196 34.34834690018097 0
    endloop
  endfacet
  facet normal -0.333806859233771 0.9426414910921784 0
    outer loop
      vertex 50.56309794309196 34.34834690018097 0
      vertex 50.56309794309196 34.34834690018097 16
      vertex 50.898684438250356 34.46718431080704 0
    endloop
  endfacet
  facet normal -0.2840153447039335 0.9588197348681899 0
    outer loop
      vertex 50.898684438250356 34.46718431080704 0
      vertex 50.898684438250356 34.46718431080704 16
      vertex 51.24003049330286 34.56829561876567 0
    endloop
  endfacet
  facet normal -0.2334453638559015 0.9723699203976774 0
    outer loop
      vertex 51.24003049330286 34.56829561876567 0
      vertex 51.24003049330286 34.56829561876567 16
      vertex 51.58620050243924 34.65140368498988 0
    endloop
  endfacet
  facet normal -0.18223552549215005 0.9832549075639542 0
    outer loop
      vertex 51.58620050243924 34.65140368498988 0
      vertex 51.58620050243924 34.65140368498988 16
      vertex 51.93624563772643 34.71628071604694 0
    endloop
  endfacet
  facet normal -0.13052619222003758 0.9914448613738123 0
    outer loop
      vertex 51.93624563772643 34.71628071604694 0
      vertex 51.93624563772643 34.71628071604694 16
      vertex 52.289206449779954 34.762748888504255 0
    endloop
  endfacet
  facet normal -0.07845909572786254 0.9969173337331265 0
    outer loop
      vertex 52.289206449779954 34.762748888504255 0
      vertex 52.289206449779954 34.762748888504255 16
      vertex 52.644115497547986 34.790680836331106 0
    endloop
  endfacet
  facet normal -0.026176948307855913 0.9996573249755578 0
    outer loop
      vertex 52.644115497547986 34.790680836331106 0
      vertex 52.644115497547986 34.790680836331106 16
      vertex 53 34.8 0
    endloop
  endfacet
  facet normal 0.026176948307855913 0.9996573249755578 0
    outer loop
      vertex 53 34.8 0
      vertex 53 34.8 16
      vertex 53.355884502452014 34.790680836331106 0
    endloop
  endfacet
  facet normal 0.07845909572786254 0.9969173337331265 0
    outer loop
      vertex 53.355884502452014 34.790680836331106 0
      vertex 53.355884502452014 34.790680836331106 16
      vertex 53.710793550220046 34.762748888504255 0
    endloop
  endfacet
  facet normal 0.13052619222003758 0.9914448613738123 0
    outer loop
      vertex 53.710793550220046 34.762748888504255 0
      vertex 53.710793550220046 34.762748888504255 16
      vertex 54.06375436227357 34.71628071604694 0
    endloop
  endfacet
  facet normal 0.18223552549215005 0.9832549075639542 0
    outer loop
      vertex 54.06375436227357 34.71628071604694 0
      vertex 54.06375436227357 34.71628071604694 16
      vertex 54.41379949756076 34.65140368498988 0
    endloop
  endfacet
  facet normal 0.2334453638559015 0.9723699203976774 0
    outer loop
      vertex 54.75996950669714 34.56829561876567 0
      vertex 54.41379949756076 34.65140368498988 0
      vertex 54.41379949756076 34.65140368498988 16
    endloop
  endfacet
  facet normal -0.5664062369248328 -0.8241261886220156 0
    outer loop
      vertex 49.003060284411184 22.498684438250358 0
      vertex 49.29645456189782 22.297040137971116 16
      vertex 49.003060284411184 22.498684438250358 16
    endloop
  endfacet
  facet normal -0.6087614290087568 -0.7933533402912073 0
    outer loop
      vertex 49 22.50103267706995 0
      vertex 49.003060284411184 22.498684438250358 16
      vertex 49 22.50103267706995 16
    endloop
  endfacet
  facet normal -0.4771587602596076 -0.8788171126619659 0
    outer loop
      vertex 49.6 22.111027254265817 0
      vertex 49.91286460177108 21.9411556355191 16
      vertex 49.6 22.111027254265817 16
    endloop
  endfacet
  facet normal -0.43051109680829286 -0.9025852843498617 0
    outer loop
      vertex 49.91286460177108 21.9411556355191 0
      vertex 50.23419082708456 21.787890888030315 16
      vertex 49.91286460177108 21.9411556355191 16
    endloop
  endfacet
  facet normal -0.333806859233771 -0.9426414910921784 0
    outer loop
      vertex 50.56309794309196 21.65165309981903 0
      vertex 50.898684438250356 21.532815689192958 16
      vertex 50.56309794309196 21.65165309981903 16
    endloop
  endfacet
  facet normal -0.28401534470392437 -0.9588197348681926 0
    outer loop
      vertex 50.898684438250356 21.532815689192958 0
      vertex 51.24003049330286 21.431704381234336 16
      vertex 50.898684438250356 21.532815689192958 16
    endloop
  endfacet
  facet normal -0.38268343236508956 -0.923879532511287 0
    outer loop
      vertex 50.23419082708456 21.787890888030315 0
      vertex 50.56309794309196 21.65165309981903 16
      vertex 50.23419082708456 21.787890888030315 16
    endloop
  endfacet
  facet normal -0.5224985647159488 -0.8526401643540923 0
    outer loop
      vertex 49.29645456189782 22.297040137971116 0
      vertex 49.6 22.111027254265817 16
      vertex 49.29645456189782 22.297040137971116 16
    endloop
  endfacet
  facet normal -0.23344536385591094 -0.9723699203976752 0
    outer loop
      vertex 51.24003049330286 21.431704381234336 0
      vertex 51.58620050243924 21.34859631501012 16
      vertex 51.24003049330286 21.431704381234336 16
    endloop
  endfacet
  facet normal -0.18223552549215005 -0.9832549075639542 0
    outer loop
      vertex 51.58620050243924 21.34859631501012 0
      vertex 51.93624563772643 21.28371928395306 16
      vertex 51.58620050243924 21.34859631501012 16
    endloop
  endfacet
  facet normal -0.13052619222004738 -0.9914448613738108 0
    outer loop
      vertex 51.93624563772643 21.28371928395306 0
      vertex 52.289206449779954 21.23725111149574 16
      vertex 51.93624563772643 21.28371928395306 16
    endloop
  endfacet
  facet normal -0.07845909572784271 -0.9969173337331281 0
    outer loop
      vertex 52.289206449779954 21.23725111149574 0
      vertex 52.644115497547986 21.209319163668898 16
      vertex 52.289206449779954 21.23725111149574 16
    endloop
  endfacet
  facet normal -0.02617694830787586 -0.9996573249755574 0
    outer loop
      vertex 52.644115497547986 21.209319163668898 0
      vertex 53 21.2 16
      vertex 52.644115497547986 21.209319163668898 16
    endloop
  endfacet
  facet normal 0.02617694830787586 -0.9996573249755574 0
    outer loop
      vertex 53 21.2 0
      vertex 53.355884502452014 21.209319163668898 16
      vertex 53 21.2 16
    endloop
  endfacet
  facet normal 0.07845909572784271 -0.9969173337331281 0
    outer loop
      vertex 53.355884502452014 21.209319163668898 0
      vertex 53.710793550220046 21.23725111149574 16
      vertex 53.355884502452014 21.209319163668898 16
    endloop
  endfacet
  facet normal 0.13052619222004738 -0.9914448613738108 0
    outer loop
      vertex 53.710793550220046 21.23725111149574 0
      vertex 54.06375436227357 21.28371928395306 16
      vertex 53.710793550220046 21.23725111149574 16
    endloop
  endfacet
  facet normal 0.18223552549215005 -0.9832549075639542 0
    outer loop
      vertex 54.06375436227357 21.28371928395306 0
      vertex 54.41379949756076 21.34859631501012 16
      vertex 54.06375436227357 21.28371928395306 16
    endloop
  endfacet
  facet normal 0.23344536385591094 -0.9723699203976752 0
    outer loop
      vertex 54.41379949756076 21.34859631501012 0
      vertex 54.75996950669714 21.431704381234336 16
      vertex 54.41379949756076 21.34859631501012 16
    endloop
  endfacet
  facet normal -0.6087614290087568 0.7933533402912073 0
    outer loop
      vertex 49.003060284411184 33.50131556174964 0
      vertex 49 33.49896732293005 16
      vertex 49.003060284411184 33.50131556174964 16
    endloop
  endfacet
  facet normal -0.5664062369248328 0.8241261886220156 0
    outer loop
      vertex 49.29645456189782 33.702959862028884 0
      vertex 49.003060284411184 33.50131556174964 16
      vertex 49.29645456189782 33.702959862028884 16
    endloop
  endfacet
  facet normal -0.5224985647159415 0.8526401643540966 0
    outer loop
      vertex 49.6 33.88897274573418 0
      vertex 49.29645456189782 33.702959862028884 16
      vertex 49.6 33.88897274573418 16
    endloop
  endfacet
  facet normal -0.47715876025962295 0.8788171126619576 0
    outer loop
      vertex 49.91286460177108 34.058844364480905 0
      vertex 49.6 33.88897274573418 16
      vertex 49.91286460177108 34.058844364480905 16
    endloop
  endfacet
  facet normal -0.43051109680829286 0.9025852843498617 0
    outer loop
      vertex 50.23419082708456 34.21210911196969 0
      vertex 49.91286460177108 34.058844364480905 16
      vertex 50.23419082708456 34.21210911196969 16
    endloop
  endfacet
  facet normal -0.382683432365081 0.9238795325112904 0
    outer loop
      vertex 50.56309794309196 34.34834690018097 0
      vertex 50.23419082708456 34.21210911196969 16
      vertex 50.56309794309196 34.34834690018097 16
    endloop
  endfacet
  facet normal -0.333806859233771 0.9426414910921784 0
    outer loop
      vertex 50.898684438250356 34.46718431080704 0
      vertex 50.56309794309196 34.34834690018097 16
      vertex 50.898684438250356 34.46718431080704 16
    endloop
  endfacet
  facet normal -0.2840153447039335 0.9588197348681899 0
    outer loop
      vertex 51.24003049330286 34.56829561876567 0
      vertex 50.898684438250356 34.46718431080704 16
      vertex 51.24003049330286 34.56829561876567 16
    endloop
  endfacet
  facet normal -0.2334453638559015 0.9723699203976774 0
    outer loop
      vertex 51.58620050243924 34.65140368498988 0
      vertex 51.24003049330286 34.56829561876567 16
      vertex 51.58620050243924 34.65140368498988 16
    endloop
  endfacet
  facet normal -0.18223552549215005 0.9832549075639542 0
    outer loop
      vertex 51.93624563772643 34.71628071604694 0
      vertex 51.58620050243924 34.65140368498988 16
      vertex 51.93624563772643 34.71628071604694 16
    endloop
  endfacet
  facet normal -0.13052619222003758 0.9914448613738123 0
    outer loop
      vertex 52.289206449779954 34.762748888504255 0
      vertex 51.93624563772643 34.71628071604694 16
      vertex 52.289206449779954 34.762748888504255 16
    endloop
  endfacet
  facet normal -0.07845909572786254 0.9969173337331265 0
    outer loop
      vertex 52.644115497547986 34.790680836331106 0
      vertex 52.289206449779954 34.762748888504255 16
      vertex 52.644115497547986 34.790680836331106 16
    endloop
  endfacet
  facet normal -0.026176948307855913 0.9996573249755578 0
    outer loop
      vertex 53 34.8 0
      vertex 52.644115497547986 34.790680836331106 16
      vertex 53 34.8 16
    endloop
  endfacet
  facet normal 0.026176948307855913 0.9996573249755578 0
    outer loop
      vertex 53.355884502452014 34.790680836331106 0
      vertex 53 34.8 16
      vertex 53.355884502452014 34.790680836331106 16
    endloop
  endfacet
  facet normal 0.07845909572786254 0.9969173337331265 0
    outer loop
      vertex 53.710793550220046 34.762748888504255 0
      vertex 53.355884502452014 34.790680836331106 16
      vertex 53.710793550220046 34.762748888504255 16
    endloop
  endfacet
  facet normal 0.13052619222003758 0.9914448613738123 0
    outer loop
      vertex 54.06375436227357 34.71628071604694 0
      vertex 53.710793550220046 34.762748888504255 16
      vertex 54.06375436227357 34.71628071604694 16
    endloop
  endfacet
  facet normal 0.18223552549215005 0.9832549075639542 0
    outer loop
      vertex 54.41379949756076 34.65140368498988 0
      vertex 54.06375436227357 34.71628071604694 16
      vertex 54.41379949756076 34.65140368498988 16
    endloop
  endfacet
  facet normal 0.2334453638559015 0.9723699203976774 0
    outer loop
      vertex 54.75996950669714 34.56829561876567 0
      vertex 54.41379949756076 34.65140368498988 16
      vertex 54.75996950669714 34.56829561876567 16
    endloop
  endfacet
  facet normal 0 0 -1
    outer loop
      vertex 54.75996950669714 21.431704381234336 0
      vertex 54.95233588676384 23.614981803315516 0
      vertex 55.101315561749644 21.532815689192958 0
    endloop
  endfacet
  facet normal 0 0 -1
    outer loop
      vertex 55.101315561749644 21.532815689192958 0
      vertex 55.17915439874982 23.723168683895835 0
      vertex 55.43690205690804 21.65165309981903 0
    endloop
  endfacet
  facet normal 0 0 -1
    outer loop
      vertex 55.43690205690804 21.65165309981903 0
      vertex 55.614267368072134 23.974381273861965 0
      vertex 55.76580917291544 21.787890888030315 0
    endloop
  endfacet
  facet normal 0 0 -1
    outer loop
      vertex 54.75996950669714 21.431704381234336 0
      vertex 54.720166157817445 23.51881395281343 0
      vertex 54.95233588676384 23.614981803315516 0
    endloop
  endfacet
  facet normal 0 0 -1
    outer loop
      vertex 55.76580917291544 21.787890888030315 0
      vertex 56.020737877039224 24.26969938500654 0
      vertex 56.08713539822892 21.9411556355191 0
    endloop
  endfacet
  facet normal 0 0 -1
    outer loop
      vertex 56.08713539822892 21.9411556355191 0
      vertex 56.21182691052252 24.432904837708506 0
      vertex 56.4 22.111027254265817 0
    endloop
  endfacet
  facet normal 0 0 -1
    outer loop
      vertex 55.101315561749644 21.532815689192958 0
      vertex 54.95233588676384 23.614981803315516 0
      vertex 55.17915439874982 23.723168683895835 0
    endloop
  endfacet
  facet normal 0 0 -1
    outer loop
      vertex 55.43690205690804 21.65165309981903 0
      vertex 55.17915439874982 23.723168683895835 0
      vertex 55.4 23.843078061834696 0
    endloop
  endfacet
  facet normal 0 0 -1
    outer loop
      vertex 55.43690205690804 21.65165309981903 0
      vertex 55.4 23.843078061834696 0
      vertex 55.614267368072134 23.974381273861965 0
    endloop
  endfacet
  facet normal 0 0 -1
    outer loop
      vertex 55.76580917291544 21.787890888030315 0
      vertex 55.614267368072134 23.974381273861965 0
      vertex 55.82136921100387 24.11671842700025 0
    endloop
  endfacet
  facet normal 0 0 -1
    outer loop
      vertex 56.4 22.111027254265817 0
      vertex 56.567095162291494 24.788173089477482 0
      vertex 56.70354543810218 22.297040137971116 0
    endloop
  endfacet
  facet normal 0 0 -1
    outer loop
      vertex 55.76580917291544 21.787890888030315 0
      vertex 55.82136921100387 24.11671842700025 0
      vertex 56.020737877039224 24.26969938500654 0
    endloop
  endfacet
  facet normal 0 0 -1
    outer loop
      vertex 56.08713539822892 21.9411556355191 0
      vertex 56.020737877039224 24.26969938500654 0
      vertex 56.21182691052252 24.432904837708506 0
    endloop
  endfacet
  facet normal 0 0 -1
    outer loop
      vertex 56.4 22.111027254265817 0
      vertex 56.21182691052252 24.432904837708506 0
      vertex 56.39411254969543 24.60588745030457 0
    endloop
  endfacet
  facet normal 0 0 -1
    outer loop
      vertex 56.4 22.111027254265817 0
      vertex 56.39411254969543 24.60588745030457 0
      vertex 56.567095162291494 24.788173089477482 0
    endloop
  endfacet
  facet normal 0 0 -1
    outer loop
      vertex 56.70354543810218 22.297040137971116 0
      vertex 56.88328157299975 25.17863078899613 0
      vertex 56.996939715588816 22.498684438250358 0
    endloop
  endfacet
  facet normal 0 0 -1
    outer loop
      vertex 56.996939715588816 22.498684438250358 0
      vertex 57.156921938165304 25.6 0
      vertex 57.27937865913889 22.7154074620926 0
    endloop
  endfacet
  facet normal 0 0 -1
    outer loop
      vertex 57.27937865913889 22.7154074620926 0
      vertex 58.888972745879755 24.600000000268103 0
      vertex 57.550088123240236 22.946615186753718 0
    endloop
  endfacet
  facet normal 0 0 -1
    outer loop
      vertex 57.550088123240236 22.946615186753718 0
      vertex 58.888972745879755 24.600000000268103 0
      vertex 57.80832611206853 23.191673887931476 0
    endloop
  endfacet
  facet normal 0 0 -1
    outer loop
      vertex 57.80832611206853 23.191673887931476 0
      vertex 58.888972745879755 24.600000000268103 0
      vertex 58.05338481324628 23.449911876759764 0
    endloop
  endfacet
  facet normal 0 0 -1
    outer loop
      vertex 56.70354543810218 22.297040137971116 0
      vertex 56.567095162291494 24.788173089477482 0
      vertex 56.73030061499346 24.97926212296078 0
    endloop
  endfacet
  facet normal 0 0 -1
    outer loop
      vertex 56.70354543810218 22.297040137971116 0
      vertex 56.73030061499346 24.97926212296078 0
      vertex 56.88328157299975 25.17863078899613 0
    endloop
  endfacet
  facet normal 0 0 -1
    outer loop
      vertex 56.996939715588816 22.498684438250358 0
      vertex 56.88328157299975 25.17863078899613 0
      vertex 57.025618726138035 25.38573263192787 0
    endloop
  endfacet
  facet normal 0 0 -1
    outer loop
      vertex 56.996939715588816 22.498684438250358 0
      vertex 57.025618726138035 25.38573263192787 0
      vertex 57.156921938165304 25.6 0
    endloop
  endfacet
  facet normal 0 0 -1
    outer loop
      vertex 58.05338481324628 23.449911876759764 0
      vertex 58.888972745879755 24.600000000268103 0
      vertex 58.2845925379074 23.720621340861108 0
    endloop
  endfacet
  facet normal 0 0 -1
    outer loop
      vertex 57.27937865913889 22.7154074620926 0
      vertex 57.156921938165304 25.6 0
      vertex 58.888972745879755 24.600000000268103 0
    endloop
  endfacet
  facet normal 0 0 -1
    outer loop
      vertex 58.2845925379074 23.720621340861108 0
      vertex 58.888972745879755 24.600000000268103 0
      vertex 58.50131556174964 24.003060284411184 0
    endloop
  endfacet
  facet normal 0 0 -1
    outer loop
      vertex 58.50131556174964 24.003060284411184 0
      vertex 58.888972745879755 24.600000000268103 0
      vertex 58.702959862028884 24.296454561897818 0
    endloop
  endfacet
  facet normal 0 0 -1
    outer loop
      vertex 58.702959862028884 24.296454561897818 0
      vertex 58.888972745879755 24.600000000268103 0
      vertex 58.88897274573418 24.6 0
    endloop
  endfacet
  facet normal 0 0 -1
    outer loop
      vertex 58.888972745879755 24.600000000268103 0
      vertex 57.156921938165304 25.6 0
      vertex 57.156921938268056 25.60000000018925 0
    endloop
  endfacet
  facet normal 0.28401534470392437 -0.9588197348681926 0
    outer loop
      vertex 54.75996950669714 21.431704381234336 0
      vertex 55.101315561749644 21.532815689192958 0
      vertex 55.101315561749644 21.532815689192958 16
    endloop
  endfacet
  facet normal 0.333806859233771 -0.9426414910921784 0
    outer loop
      vertex 55.101315561749644 21.532815689192958 0
      vertex 55.43690205690804 21.65165309981903 0
      vertex 55.43690205690804 21.65165309981903 16
    endloop
  endfacet
  facet normal 0.38268343236508956 -0.923879532511287 0
    outer loop
      vertex 55.43690205690804 21.65165309981903 0
      vertex 55.76580917291544 21.787890888030315 0
      vertex 55.76580917291544 21.787890888030315 16
    endloop
  endfacet
  facet normal 0.43051109680829286 -0.9025852843498617 0
    outer loop
      vertex 55.76580917291544 21.787890888030315 0
      vertex 56.08713539822892 21.9411556355191 0
      vertex 56.08713539822892 21.9411556355191 16
    endloop
  endfacet
  facet normal 0.4771587602596076 -0.8788171126619659 0
    outer loop
      vertex 56.08713539822892 21.9411556355191 0
      vertex 56.4 22.111027254265817 0
      vertex 56.4 22.111027254265817 16
    endloop
  endfacet
  facet normal 0.5224985647159488 -0.8526401643540923 0
    outer loop
      vertex 56.4 22.111027254265817 0
      vertex 56.70354543810218 22.297040137971116 0
      vertex 56.70354543810218 22.297040137971116 16
    endloop
  endfacet
  facet normal 0.5664062369248328 -0.8241261886220156 0
    outer loop
      vertex 56.70354543810218 22.297040137971116 0
      vertex 56.996939715588816 22.498684438250358 0
      vertex 56.996939715588816 22.498684438250358 16
    endloop
  endfacet
  facet normal 0.6087614290087248 -0.793353340291232 0
    outer loop
      vertex 56.996939715588816 22.498684438250358 0
      vertex 57.27937865913889 22.7154074620926 0
      vertex 57.27937865913889 22.7154074620926 16
    endloop
  endfacet
  facet normal 0.6494480483301747 -0.7604059656000386 0
    outer loop
      vertex 57.27937865913889 22.7154074620926 0
      vertex 57.550088123240236 22.946615186753718 0
      vertex 57.550088123240236 22.946615186753718 16
    endloop
  endfacet
  facet normal 0.6883545756937484 -0.7253743710122929 0
    outer loop
      vertex 57.550088123240236 22.946615186753718 0
      vertex 57.80832611206853 23.191673887931476 0
      vertex 57.80832611206853 23.191673887931476 16
    endloop
  endfacet
  facet normal 0.7253743710122932 -0.6883545756937481 0
    outer loop
      vertex 57.80832611206853 23.191673887931476 0
      vertex 58.05338481324628 23.449911876759764 0
      vertex 57.80832611206853 23.191673887931476 16
    endloop
  endfacet
  facet normal 0.7604059656000386 -0.6494480483301747 0
    outer loop
      vertex 58.05338481324628 23.449911876759764 0
      vertex 58.2845925379074 23.720621340861108 0
      vertex 58.05338481324628 23.449911876759764 16
    endloop
  endfacet
  facet normal 0.793353340291232 -0.6087614290087248 0
    outer loop
      vertex 58.2845925379074 23.720621340861108 0
      vertex 58.50131556174964 24.003060284411184 0
      vertex 58.2845925379074 23.720621340861108 16
    endloop
  endfacet
  facet normal 0.8241261886220156 -0.5664062369248328 0
    outer loop
      vertex 58.50131556174964 24.003060284411184 0
      vertex 58.702959862028884 24.296454561897818 0
      vertex 58.50131556174964 24.003060284411184 16
    endloop
  endfacet
  facet normal 0.8526401643540966 -0.5224985647159415 0
    outer loop
      vertex 58.702959862028884 24.296454561897818 0
      vertex 58.88897274573418 24.6 0
      vertex 58.702959862028884 24.296454561897818 16
    endloop
  endfacet
  facet normal 0.8788054360011592 -0.4771802653660487 0
    outer loop
      vertex 58.88897274573418 24.6 0
      vertex 58.888972745879755 24.600000000268103 0
      vertex 58.888972745879755 24.600000000268103 16
    endloop
  endfacet
  facet normal 0 0 -1
    outer loop
      vertex 57.025618726138035 30.61426736807213 0
      vertex 57.27937865913889 33.2845925379074 0
      vertex 57.156921938165304 30.4 0
    endloop
  endfacet
  facet normal 0 0 -1
    outer loop
      vertex 57.156921938165304 30.4 0
      vertex 57.27937865913889 33.2845925379074 0
      vertex 57.156921938268056 30.39999999981075 0
    endloop
  endfacet
  facet normal 0 0 -1
    outer loop
      vertex 57.156921938268056 30.39999999981075 0
      vertex 58.88897274573418 31.4 0
      vertex 58.888972745879755 31.399999999731897 0
    endloop
  endfacet
  facet normal 0 0 -1
    outer loop
      vertex 57.156921938268056 30.39999999981075 0
      vertex 58.702959862028884 31.703545438102182 0
      vertex 58.88897274573418 31.4 0
    endloop
  endfacet
  facet normal 0 0 -1
    outer loop
      vertex 57.156921938268056 30.39999999981075 0
      vertex 58.50131556174964 31.996939715588816 0
      vertex 58.702959862028884 31.703545438102182 0
    endloop
  endfacet
  facet normal 0 0 -1
    outer loop
      vertex 56.567095162291494 31.211826910522518 0
      vertex 56.39411254969543 31.39411254969543 0
      vertex 56.70354543810218 33.702959862028884 0
    endloop
  endfacet
  facet normal 0 0 -1
    outer loop
      vertex 56.39411254969543 31.39411254969543 0
      vertex 56.21182691052252 31.567095162291494 0
      vertex 56.4 33.88897274573418 0
    endloop
  endfacet
  facet normal 0 0 -1
    outer loop
      vertex 56.020737877039224 31.73030061499346 0
      vertex 56.4 33.88897274573418 0
      vertex 56.21182691052252 31.567095162291494 0
    endloop
  endfacet
  facet normal 0 0 -1
    outer loop
      vertex 55.4 32.156921938165304 0
      vertex 55.76580917291544 34.21210911196969 0
      vertex 55.614267368072134 32.025618726138035 0
    endloop
  endfacet
  facet normal 0 0 -1
    outer loop
      vertex 54.95233588676384 32.385018196684484 0
      vertex 55.43690205690804 34.34834690018097 0
      vertex 55.17915439874982 32.276831316104165 0
    endloop
  endfacet
  facet normal 0 0 -1
    outer loop
      vertex 54.720166157817445 32.48118604718657 0
      vertex 55.101315561749644 34.46718431080704 0
      vertex 54.95233588676384 32.385018196684484 0
    endloop
  endfacet
  facet normal 0 0 -1
    outer loop
      vertex 55.17915439874982 32.276831316104165 0
      vertex 55.43690205690804 34.34834690018097 0
      vertex 55.4 32.156921938165304 0
    endloop
  endfacet
  facet normal 0 0 -1
    outer loop
      vertex 56.020737877039224 31.73030061499346 0
      vertex 55.82136921100387 31.88328157299975 0
      vertex 56.08713539822892 34.058844364480905 0
    endloop
  endfacet
  facet normal 0 0 -1
    outer loop
      vertex 55.614267368072134 32.025618726138035 0
      vertex 56.08713539822892 34.058844364480905 0
      vertex 55.82136921100387 31.88328157299975 0
    endloop
  endfacet
  facet normal 0 0 -1
    outer loop
      vertex 56.39411254969543 31.39411254969543 0
      vertex 56.4 33.88897274573418 0
      vertex 56.70354543810218 33.702959862028884 0
    endloop
  endfacet
  facet normal 0 0 -1
    outer loop
      vertex 56.020737877039224 31.73030061499346 0
      vertex 56.08713539822892 34.058844364480905 0
      vertex 56.4 33.88897274573418 0
    endloop
  endfacet
  facet normal 0 0 -1
    outer loop
      vertex 57.025618726138035 30.61426736807213 0
      vertex 56.88328157299975 30.82136921100387 0
      vertex 57.27937865913889 33.2845925379074 0
    endloop
  endfacet
  facet normal 0 0 -1
    outer loop
      vertex 56.567095162291494 31.211826910522518 0
      vertex 56.996939715588816 33.50131556174964 0
      vertex 56.73030061499346 31.02073787703922 0
    endloop
  endfacet
  facet normal 0 0 -1
    outer loop
      vertex 56.88328157299975 30.82136921100387 0
      vertex 56.73030061499346 31.02073787703922 0
      vertex 56.996939715588816 33.50131556174964 0
    endloop
  endfacet
  facet normal 0 0 -1
    outer loop
      vertex 57.156921938268056 30.39999999981075 0
      vertex 57.550088123240236 33.05338481324628 0
      vertex 57.80832611206853 32.80832611206852 0
    endloop
  endfacet
  facet normal 0 0 -1
    outer loop
      vertex 57.156921938268056 30.39999999981075 0
      vertex 57.27937865913889 33.2845925379074 0
      vertex 57.550088123240236 33.05338481324628 0
    endloop
  endfacet
  facet normal 0 0 -1
    outer loop
      vertex 57.156921938268056 30.39999999981075 0
      vertex 58.05338481324628 32.550088123240236 0
      vertex 58.2845925379074 32.27937865913889 0
    endloop
  endfacet
  facet normal 0 0 -1
    outer loop
      vertex 57.156921938268056 30.39999999981075 0
      vertex 57.80832611206853 32.80832611206852 0
      vertex 58.05338481324628 32.550088123240236 0
    endloop
  endfacet
  facet normal 0 0 -1
    outer loop
      vertex 57.156921938268056 30.39999999981075 0
      vertex 58.2845925379074 32.27937865913889 0
      vertex 58.50131556174964 31.996939715588816 0
    endloop
  endfacet
  facet normal 0 0 -1
    outer loop
      vertex 56.88328157299975 30.82136921100387 0
      vertex 56.996939715588816 33.50131556174964 0
      vertex 57.27937865913889 33.2845925379074 0
    endloop
  endfacet
  facet normal 0 0 -1
    outer loop
      vertex 56.567095162291494 31.211826910522518 0
      vertex 56.70354543810218 33.702959862028884 0
      vertex 56.996939715588816 33.50131556174964 0
    endloop
  endfacet
  facet normal 0 0 -1
    outer loop
      vertex 55.4 32.156921938165304 0
      vertex 55.43690205690804 34.34834690018097 0
      vertex 55.76580917291544 34.21210911196969 0
    endloop
  endfacet
  facet normal 0 0 -1
    outer loop
      vertex 54.720166157817445 32.48118604718657 0
      vertex 54.75996950669714 34.56829561876567 0
      vertex 55.101315561749644 34.46718431080704 0
    endloop
  endfacet
  facet normal 0 0 -1
    outer loop
      vertex 54.95233588676384 32.385018196684484 0
      vertex 55.101315561749644 34.46718431080704 0
      vertex 55.43690205690804 34.34834690018097 0
    endloop
  endfacet
  facet normal 0 0 -1
    outer loop
      vertex 55.614267368072134 32.025618726138035 0
      vertex 55.76580917291544 34.21210911196969 0
      vertex 56.08713539822892 34.058844364480905 0
    endloop
  endfacet
  facet normal 0.8526401643540966 0.5224985647159415 0
    outer loop
      vertex 58.88897274573418 31.4 0
      vertex 58.702959862028884 31.703545438102182 0
      vertex 58.88897274573418 31.4 16
    endloop
  endfacet
  facet normal 0.8788054360011592 0.4771802653660487 0
    outer loop
      vertex 58.888972745879755 31.399999999731897 0
      vertex 58.88897274573418 31.4 0
      vertex 58.88897274573418 31.4 16
    endloop
  endfacet
  facet normal 0.7604059656000386 0.6494480483301747 0
    outer loop
      vertex 58.2845925379074 32.27937865913889 0
      vertex 58.05338481324628 32.550088123240236 0
      vertex 58.2845925379074 32.27937865913889 16
    endloop
  endfacet
  facet normal 0.6494480483301747 0.7604059656000386 0
    outer loop
      vertex 57.550088123240236 33.05338481324628 0
      vertex 57.27937865913889 33.2845925379074 0
      vertex 57.27937865913889 33.2845925379074 16
    endloop
  endfacet
  facet normal 0.7253743710122884 0.6883545756937531 0
    outer loop
      vertex 57.80832611206853 32.80832611206852 0
      vertex 58.05338481324628 32.550088123240236 16
      vertex 58.05338481324628 32.550088123240236 0
    endloop
  endfacet
  facet normal 0.6883545756937537 0.725374371012288 0
    outer loop
      vertex 57.80832611206853 32.80832611206852 0
      vertex 57.550088123240236 33.05338481324628 0
      vertex 57.550088123240236 33.05338481324628 16
    endloop
  endfacet
  facet normal 0.5224985647159415 0.8526401643540966 0
    outer loop
      vertex 56.4 33.88897274573418 0
      vertex 56.4 33.88897274573418 16
      vertex 56.70354543810218 33.702959862028884 0
    endloop
  endfacet
  facet normal 0.47715876025962295 0.8788171126619576 0
    outer loop
      vertex 56.08713539822892 34.058844364480905 0
      vertex 56.08713539822892 34.058844364480905 16
      vertex 56.4 33.88897274573418 0
    endloop
  endfacet
  facet normal 0.2840153447039335 0.9588197348681899 0
    outer loop
      vertex 54.75996950669714 34.56829561876567 0
      vertex 54.75996950669714 34.56829561876567 16
      vertex 55.101315561749644 34.46718431080704 0
    endloop
  endfacet
  facet normal 0.333806859233771 0.9426414910921784 0
    outer loop
      vertex 55.101315561749644 34.46718431080704 0
      vertex 55.101315561749644 34.46718431080704 16
      vertex 55.43690205690804 34.34834690018097 0
    endloop
  endfacet
  facet normal 0.382683432365081 0.9238795325112904 0
    outer loop
      vertex 55.43690205690804 34.34834690018097 0
      vertex 55.43690205690804 34.34834690018097 16
      vertex 55.76580917291544 34.21210911196969 0
    endloop
  endfacet
  facet normal 0.43051109680829286 0.9025852843498617 0
    outer loop
      vertex 56.08713539822892 34.058844364480905 0
      vertex 55.76580917291544 34.21210911196969 0
      vertex 55.76580917291544 34.21210911196969 16
    endloop
  endfacet
  facet normal 0.5664062369248328 0.8241261886220156 0
    outer loop
      vertex 56.70354543810218 33.702959862028884 0
      vertex 56.70354543810218 33.702959862028884 16
      vertex 56.996939715588816 33.50131556174964 0
    endloop
  endfacet
  facet normal 0.6087614290087248 0.793353340291232 0
    outer loop
      vertex 56.996939715588816 33.50131556174964 0
      vertex 56.996939715588816 33.50131556174964 16
      vertex 57.27937865913889 33.2845925379074 0
    endloop
  endfacet
  facet normal 0.8241261886220156 0.5664062369248328 0
    outer loop
      vertex 58.702959862028884 31.703545438102182 0
      vertex 58.50131556174964 31.996939715588816 0
      vertex 58.702959862028884 31.703545438102182 16
    endloop
  endfacet
  facet normal 0.793353340291232 0.6087614290087248 0
    outer loop
      vertex 58.2845925379074 32.27937865913889 0
      vertex 58.50131556174964 31.996939715588816 16
      vertex 58.50131556174964 31.996939715588816 0
    endloop
  endfacet
  facet normal 0.28401534470392437 -0.9588197348681926 0
    outer loop
      vertex 54.75996950669714 21.431704381234336 0
      vertex 55.101315561749644 21.532815689192958 16
      vertex 54.75996950669714 21.431704381234336 16
    endloop
  endfacet
  facet normal 0.333806859233771 -0.9426414910921784 0
    outer loop
      vertex 55.101315561749644 21.532815689192958 0
      vertex 55.43690205690804 21.65165309981903 16
      vertex 55.101315561749644 21.532815689192958 16
    endloop
  endfacet
  facet normal 0.38268343236508956 -0.923879532511287 0
    outer loop
      vertex 55.43690205690804 21.65165309981903 0
      vertex 55.76580917291544 21.787890888030315 16
      vertex 55.43690205690804 21.65165309981903 16
    endloop
  endfacet
  facet normal 0.43051109680829286 -0.9025852843498617 0
    outer loop
      vertex 55.76580917291544 21.787890888030315 0
      vertex 56.08713539822892 21.9411556355191 16
      vertex 55.76580917291544 21.787890888030315 16
    endloop
  endfacet
  facet normal 0.4771587602596076 -0.8788171126619659 0
    outer loop
      vertex 56.08713539822892 21.9411556355191 0
      vertex 56.4 22.111027254265817 16
      vertex 56.08713539822892 21.9411556355191 16
    endloop
  endfacet
  facet normal 0.5224985647159488 -0.8526401643540923 0
    outer loop
      vertex 56.4 22.111027254265817 0
      vertex 56.70354543810218 22.297040137971116 16
      vertex 56.4 22.111027254265817 16
    endloop
  endfacet
  facet normal 0.5664062369248328 -0.8241261886220156 0
    outer loop
      vertex 56.70354543810218 22.297040137971116 0
      vertex 56.996939715588816 22.498684438250358 16
      vertex 56.70354543810218 22.297040137971116 16
    endloop
  endfacet
  facet normal 0.6087614290087248 -0.793353340291232 0
    outer loop
      vertex 56.996939715588816 22.498684438250358 0
      vertex 57.27937865913889 22.7154074620926 16
      vertex 56.996939715588816 22.498684438250358 16
    endloop
  endfacet
  facet normal 0.6494480483301747 -0.7604059656000386 0
    outer loop
      vertex 57.27937865913889 22.7154074620926 0
      vertex 57.550088123240236 22.946615186753718 16
      vertex 57.27937865913889 22.7154074620926 16
    endloop
  endfacet
  facet normal 0.6883545756937484 -0.7253743710122929 0
    outer loop
      vertex 57.550088123240236 22.946615186753718 0
      vertex 57.80832611206853 23.191673887931476 16
      vertex 57.550088123240236 22.946615186753718 16
    endloop
  endfacet
  facet normal 0.7253743710122932 -0.6883545756937481 0
    outer loop
      vertex 58.05338481324628 23.449911876759764 0
      vertex 58.05338481324628 23.449911876759764 16
      vertex 57.80832611206853 23.191673887931476 16
    endloop
  endfacet
  facet normal 0.7604059656000386 -0.6494480483301747 0
    outer loop
      vertex 58.2845925379074 23.720621340861108 0
      vertex 58.2845925379074 23.720621340861108 16
      vertex 58.05338481324628 23.449911876759764 16
    endloop
  endfacet
  facet normal 0.793353340291232 -0.6087614290087248 0
    outer loop
      vertex 58.50131556174964 24.003060284411184 0
      vertex 58.50131556174964 24.003060284411184 16
      vertex 58.2845925379074 23.720621340861108 16
    endloop
  endfacet
  facet normal 0.8241261886220156 -0.5664062369248328 0
    outer loop
      vertex 58.702959862028884 24.296454561897818 0
      vertex 58.702959862028884 24.296454561897818 16
      vertex 58.50131556174964 24.003060284411184 16
    endloop
  endfacet
  facet normal 0.8526401643540966 -0.5224985647159415 0
    outer loop
      vertex 58.88897274573418 24.6 0
      vertex 58.88897274573418 24.6 16
      vertex 58.702959862028884 24.296454561897818 16
    endloop
  endfacet
  facet normal 0.8788054360011592 -0.4771802653660487 0
    outer loop
      vertex 58.88897274573418 24.6 0
      vertex 58.888972745879755 24.600000000268103 16
      vertex 58.88897274573418 24.6 16
    endloop
  endfacet
  facet normal 0.8788054360011592 0.4771802653660487 0
    outer loop
      vertex 58.888972745879755 31.399999999731897 0
      vertex 58.88897274573418 31.4 16
      vertex 58.888972745879755 31.399999999731897 16
    endloop
  endfacet
  facet normal 0.793353340291232 0.6087614290087248 0
    outer loop
      vertex 58.2845925379074 32.27937865913889 0
      vertex 58.2845925379074 32.27937865913889 16
      vertex 58.50131556174964 31.996939715588816 16
    endloop
  endfacet
  facet normal 0.6494480483301747 0.7604059656000386 0
    outer loop
      vertex 57.550088123240236 33.05338481324628 0
      vertex 57.27937865913889 33.2845925379074 16
      vertex 57.550088123240236 33.05338481324628 16
    endloop
  endfacet
  facet normal 0.7253743710122884 0.6883545756937531 0
    outer loop
      vertex 57.80832611206853 32.80832611206852 0
      vertex 57.80832611206853 32.80832611206852 16
      vertex 58.05338481324628 32.550088123240236 16
    endloop
  endfacet
  facet normal 0.7604059656000386 0.6494480483301747 0
    outer loop
      vertex 58.05338481324628 32.550088123240236 0
      vertex 58.05338481324628 32.550088123240236 16
      vertex 58.2845925379074 32.27937865913889 16
    endloop
  endfacet
  facet normal 0.6883545756937537 0.725374371012288 0
    outer loop
      vertex 57.80832611206853 32.80832611206852 0
      vertex 57.550088123240236 33.05338481324628 16
      vertex 57.80832611206853 32.80832611206852 16
    endloop
  endfacet
  facet normal 0.43051109680829286 0.9025852843498617 0
    outer loop
      vertex 56.08713539822892 34.058844364480905 0
      vertex 55.76580917291544 34.21210911196969 16
      vertex 56.08713539822892 34.058844364480905 16
    endloop
  endfacet
  facet normal 0.5224985647159415 0.8526401643540966 0
    outer loop
      vertex 56.70354543810218 33.702959862028884 0
      vertex 56.4 33.88897274573418 16
      vertex 56.70354543810218 33.702959862028884 16
    endloop
  endfacet
  facet normal 0.47715876025962295 0.8788171126619576 0
    outer loop
      vertex 56.4 33.88897274573418 0
      vertex 56.08713539822892 34.058844364480905 16
      vertex 56.4 33.88897274573418 16
    endloop
  endfacet
  facet normal 0.2840153447039335 0.9588197348681899 0
    outer loop
      vertex 55.101315561749644 34.46718431080704 0
      vertex 54.75996950669714 34.56829561876567 16
      vertex 55.101315561749644 34.46718431080704 16
    endloop
  endfacet
  facet normal 0.382683432365081 0.9238795325112904 0
    outer loop
      vertex 55.76580917291544 34.21210911196969 0
      vertex 55.43690205690804 34.34834690018097 16
      vertex 55.76580917291544 34.21210911196969 16
    endloop
  endfacet
  facet normal 0.333806859233771 0.9426414910921784 0
    outer loop
      vertex 55.43690205690804 34.34834690018097 0
      vertex 55.101315561749644 34.46718431080704 16
      vertex 55.43690205690804 34.34834690018097 16
    endloop
  endfacet
  facet normal 0.5664062369248328 0.8241261886220156 0
    outer loop
      vertex 56.996939715588816 33.50131556174964 0
      vertex 56.70354543810218 33.702959862028884 16
      vertex 56.996939715588816 33.50131556174964 16
    endloop
  endfacet
  facet normal 0.6087614290087248 0.793353340291232 0
    outer loop
      vertex 57.27937865913889 33.2845925379074 0
      vertex 56.996939715588816 33.50131556174964 16
      vertex 57.27937865913889 33.2845925379074 16
    endloop
  endfacet
  facet normal 0.8526401643540966 0.5224985647159415 0
    outer loop
      vertex 58.702959862028884 31.703545438102182 0
      vertex 58.702959862028884 31.703545438102182 16
      vertex 58.88897274573418 31.4 16
    endloop
  endfacet
  facet normal 0.8241261886220156 0.5664062369248328 0
    outer loop
      vertex 58.50131556174964 31.996939715588816 0
      vertex 58.50131556174964 31.996939715588816 16
      vertex 58.702959862028884 31.703545438102182 16
    endloop
  endfacet
  facet normal 0 0 1
    outer loop
      vertex 49.91286460177108 21.9411556355191 16
      vertex 49.78817308947748 24.432904837708506 16
      vertex 49.6 22.111027254265817 16
    endloop
  endfacet
  facet normal 0 0 1
    outer loop
      vertex 50.23419082708456 21.787890888030315 16
      vertex 49.97926212296078 24.26969938500654 16
      vertex 49.91286460177108 21.9411556355191 16
    endloop
  endfacet
  facet normal 0 0 1
    outer loop
      vertex 50.23419082708456 21.787890888030315 16
      vertex 50.56309794309196 21.65165309981903 16
      vertex 50.38573263192787 23.974381273861965 16
    endloop
  endfacet
  facet normal 0 0 1
    outer loop
      vertex 50.898684438250356 21.532815689192958 16
      vertex 51.24003049330286 21.431704381234336 16
      vertex 51.04766411323616 23.614981803315516 16
    endloop
  endfacet
  facet normal 0 0 1
    outer loop
      vertex 50.898684438250356 21.532815689192958 16
      vertex 50.82084560125018 23.723168683895835 16
      vertex 50.56309794309196 21.65165309981903 16
    endloop
  endfacet
  facet normal 0 0 1
    outer loop
      vertex 51.04766411323616 23.614981803315516 16
      vertex 51.24003049330286 21.431704381234336 16
      vertex 51.279833842182555 23.51881395281343 16
    endloop
  endfacet
  facet normal 0 0 1
    outer loop
      vertex 49.29645456189782 22.297040137971116 16
      vertex 49.11671842700025 25.17863078899613 16
      vertex 49.003060284411184 22.498684438250358 16
    endloop
  endfacet
  facet normal 0 0 1
    outer loop
      vertex 49 22.50103267706995 16
      vertex 49.003060284411184 22.498684438250358 16
      vertex 48.916141921170286 25.480770617875073 16
    endloop
  endfacet
  facet normal 0 0 1
    outer loop
      vertex 49.29645456189782 22.297040137971116 16
      vertex 49.432904837708506 24.788173089477482 16
      vertex 49.26969938500654 24.97926212296078 16
    endloop
  endfacet
  facet normal 0 0 1
    outer loop
      vertex 49.29645456189782 22.297040137971116 16
      vertex 49.26969938500654 24.97926212296078 16
      vertex 49.11671842700025 25.17863078899613 16
    endloop
  endfacet
  facet normal 0 0 1
    outer loop
      vertex 49.003060284411184 22.498684438250358 16
      vertex 49.11671842700025 25.17863078899613 16
      vertex 48.974381273861965 25.38573263192787 16
    endloop
  endfacet
  facet normal 0 0 1
    outer loop
      vertex 49.003060284411184 22.498684438250358 16
      vertex 48.974381273861965 25.38573263192787 16
      vertex 48.916141921170286 25.480770617875073 16
    endloop
  endfacet
  facet normal 0 0 1
    outer loop
      vertex 49.29645456189782 22.297040137971116 16
      vertex 49.6 22.111027254265817 16
      vertex 49.432904837708506 24.788173089477482 16
    endloop
  endfacet
  facet normal 0 0 1
    outer loop
      vertex 50.23419082708456 21.787890888030315 16
      vertex 50.38573263192787 23.974381273861965 16
      vertex 50.17863078899613 24.11671842700025 16
    endloop
  endfacet
  facet normal 0 0 1
    outer loop
      vertex 49.6 22.111027254265817 16
      vertex 49.78817308947748 24.432904837708506 16
      vertex 49.60588745030457 24.60588745030457 16
    endloop
  endfacet
  facet normal 0 0 1
    outer loop
      vertex 49.91286460177108 21.9411556355191 16
      vertex 49.97926212296078 24.26969938500654 16
      vertex 49.78817308947748 24.432904837708506 16
    endloop
  endfacet
  facet normal 0 0 1
    outer loop
      vertex 50.23419082708456 21.787890888030315 16
      vertex 50.17863078899613 24.11671842700025 16
      vertex 49.97926212296078 24.26969938500654 16
    endloop
  endfacet
  facet normal 0 0 1
    outer loop
      vertex 50.56309794309196 21.65165309981903 16
      vertex 50.82084560125018 23.723168683895835 16
      vertex 50.6 23.843078061834696 16
    endloop
  endfacet
  facet normal 0 0 1
    outer loop
      vertex 50.56309794309196 21.65165309981903 16
      vertex 50.6 23.843078061834696 16
      vertex 50.38573263192787 23.974381273861965 16
    endloop
  endfacet
  facet normal 0 0 1
    outer loop
      vertex 50.898684438250356 21.532815689192958 16
      vertex 51.04766411323616 23.614981803315516 16
      vertex 50.82084560125018 23.723168683895835 16
    endloop
  endfacet
  facet normal 0 0 1
    outer loop
      vertex 49.6 22.111027254265817 16
      vertex 49.60588745030457 24.60588745030457 16
      vertex 49.432904837708506 24.788173089477482 16
    endloop
  endfacet
  facet normal 0 0 1
    outer loop
      vertex 51.58620050243924 21.34859631501012 16
      vertex 51.93624563772643 21.28371928395306 16
      vertex 51.7576685835079 23.363556033812472 16
    endloop
  endfacet
  facet normal 0 0 1
    outer loop
      vertex 51.93624563772643 21.28371928395306 16
      vertex 52.289206449779954 21.23725111149574 16
      vertex 52.00202388407476 23.30489151647773 16
    endloop
  endfacet
  facet normal 0 0 1
    outer loop
      vertex 52.289206449779954 21.23725111149574 16
      vertex 52.644115497547986 21.209319163668898 16
      vertex 52.498263376315265 23.22629490223229 16
    endloop
  endfacet
  facet normal 0 0 1
    outer loop
      vertex 53 21.2 16
      vertex 52.74878741003387 23.206578233178046 16
      vertex 52.644115497547986 21.209319163668898 16
    endloop
  endfacet
  facet normal 0 0 1
    outer loop
      vertex 51.58620050243924 21.34859631501012 16
      vertex 51.51671842700026 23.434928721783265 16
      vertex 51.24003049330286 21.431704381234336 16
    endloop
  endfacet
  facet normal 0 0 1
    outer loop
      vertex 51.24003049330286 21.431704381234336 16
      vertex 51.51671842700026 23.434928721783265 16
      vertex 51.279833842182555 23.51881395281343 16
    endloop
  endfacet
  facet normal 0 0 1
    outer loop
      vertex 51.58620050243924 21.34859631501012 16
      vertex 51.7576685835079 23.363556033812472 16
      vertex 51.51671842700026 23.434928721783265 16
    endloop
  endfacet
  facet normal 0 0 1
    outer loop
      vertex 51.93624563772643 21.28371928395306 16
      vertex 52.00202388407476 23.30489151647773 16
      vertex 51.7576685835079 23.363556033812472 16
    endloop
  endfacet
  facet normal 0 0 1
    outer loop
      vertex 52.289206449779954 21.23725111149574 16
      vertex 52.24911456780689 23.259095965143338 16
      vertex 52.00202388407476 23.30489151647773 16
    endloop
  endfacet
  facet normal 0 0 1
    outer loop
      vertex 52.289206449779954 21.23725111149574 16
      vertex 52.498263376315265 23.22629490223229 16
      vertex 52.24911456780689 23.259095965143338 16
    endloop
  endfacet
  facet normal 0 0 1
    outer loop
      vertex 52.644115497547986 21.209319163668898 16
      vertex 52.74878741003387 23.206578233178046 16
      vertex 52.498263376315265 23.22629490223229 16
    endloop
  endfacet
  facet normal 0 0 1
    outer loop
      vertex 53 21.2 16
      vertex 53 23.2 16
      vertex 52.74878741003387 23.206578233178046 16
    endloop
  endfacet
  facet normal 0 0 1
    outer loop
      vertex 53 21.2 16
      vertex 53.355884502452014 21.209319163668898 16
      vertex 53.25121258996613 23.206578233178046 16
    endloop
  endfacet
  facet normal 0 0 1
    outer loop
      vertex 53.355884502452014 21.209319163668898 16
      vertex 53.710793550220046 21.23725111149574 16
      vertex 53.25121258996613 23.206578233178046 16
    endloop
  endfacet
  facet normal 0 0 1
    outer loop
      vertex 53.710793550220046 21.23725111149574 16
      vertex 54.06375436227357 21.28371928395306 16
      vertex 53.501736623684735 23.22629490223229 16
    endloop
  endfacet
  facet normal 0 0 1
    outer loop
      vertex 54.06375436227357 21.28371928395306 16
      vertex 54.41379949756076 21.34859631501012 16
      vertex 53.99797611592524 23.30489151647773 16
    endloop
  endfacet
  facet normal 0 0 1
    outer loop
      vertex 54.41379949756076 21.34859631501012 16
      vertex 54.75996950669714 21.431704381234336 16
      vertex 54.2423314164921 23.363556033812472 16
    endloop
  endfacet
  facet normal 0 0 1
    outer loop
      vertex 53 21.2 16
      vertex 53.25121258996613 23.206578233178046 16
      vertex 53 23.2 16
    endloop
  endfacet
  facet normal 0 0 1
    outer loop
      vertex 53.710793550220046 21.23725111149574 16
      vertex 53.501736623684735 23.22629490223229 16
      vertex 53.25121258996613 23.206578233178046 16
    endloop
  endfacet
  facet normal 0 0 1
    outer loop
      vertex 54.06375436227357 21.28371928395306 16
      vertex 53.75088543219311 23.259095965143338 16
      vertex 53.501736623684735 23.22629490223229 16
    endloop
  endfacet
  facet normal 0 0 1
    outer loop
      vertex 54.06375436227357 21.28371928395306 16
      vertex 53.99797611592524 23.30489151647773 16
      vertex 53.75088543219311 23.259095965143338 16
    endloop
  endfacet
  facet normal 0 0 1
    outer loop
      vertex 54.41379949756076 21.34859631501012 16
      vertex 54.2423314164921 23.363556033812472 16
      vertex 53.99797611592524 23.30489151647773 16
    endloop
  endfacet
  facet normal 0 0 1
    outer loop
      vertex 54.75996950669714 21.431704381234336 16
      vertex 54.48328157299974 23.434928721783265 16
      vertex 54.2423314164921 23.363556033812472 16
    endloop
  endfacet
  facet normal 0 0 1
    outer loop
      vertex 54.75996950669714 21.431704381234336 16
      vertex 54.720166157817445 23.51881395281343 16
      vertex 54.48328157299974 23.434928721783265 16
    endloop
  endfacet
  facet normal 0 0 1
    outer loop
      vertex 48.78092284370278 30.285524328829588 16
      vertex 48.843078061834696 30.4 16
      vertex 48.72062134086111 32.42822397581043 16
    endloop
  endfacet
  facet normal 0 0 1
    outer loop
      vertex 48.843078061834696 30.4 16
      vertex 48.974381273861965 30.61426736807213 16
      vertex 48.72062134086111 32.42822397581043 16
    endloop
  endfacet
  facet normal 0 0 1
    outer loop
      vertex 48.974381273861965 30.61426736807213 16
      vertex 49.11671842700025 30.82136921100387 16
      vertex 48.72062134086111 32.42822397581043 16
    endloop
  endfacet
  facet normal 0 0 1
    outer loop
      vertex 49.11671842700025 30.82136921100387 16
      vertex 49.26969938500654 31.02073787703922 16
      vertex 49.003060284411184 33.50131556174964 16
    endloop
  endfacet
  facet normal 0 0 1
    outer loop
      vertex 49.26969938500654 31.02073787703922 16
      vertex 49.432904837708506 31.211826910522518 16
      vertex 49.003060284411184 33.50131556174964 16
    endloop
  endfacet
  facet normal 0 0 1
    outer loop
      vertex 49.11671842700025 30.82136921100387 16
      vertex 49.003060284411184 33.50131556174964 16
      vertex 48.72062134086111 32.42822397581043 16
    endloop
  endfacet
  facet normal 0 0 1
    outer loop
      vertex 49.432904837708506 31.211826910522518 16
      vertex 49.29645456189782 33.702959862028884 16
      vertex 49.003060284411184 33.50131556174964 16
    endloop
  endfacet
  facet normal 0 0 1
    outer loop
      vertex 48.72062134086111 32.42822397581043 16
      vertex 49 33.49896732293005 16
      vertex 48.9999597115212 33.498936408492966 16
    endloop
  endfacet
  facet normal 0 0 1
    outer loop
      vertex 48.72062134086111 32.42822397581043 16
      vertex 49.003060284411184 33.50131556174964 16
      vertex 49 33.49896732293005 16
    endloop
  endfacet
  facet normal 0 0 1
    outer loop
      vertex 49.432904837708506 31.211826910522518 16
      vertex 49.60588745030457 31.39411254969543 16
      vertex 49.29645456189782 33.702959862028884 16
    endloop
  endfacet
  facet normal 0 0 1
    outer loop
      vertex 49.60588745030457 31.39411254969543 16
      vertex 49.78817308947748 31.567095162291494 16
      vertex 49.6 33.88897274573418 16
    endloop
  endfacet
  facet normal 0 0 1
    outer loop
      vertex 49.78817308947748 31.567095162291494 16
      vertex 49.97926212296078 31.73030061499346 16
      vertex 49.6 33.88897274573418 16
    endloop
  endfacet
  facet normal 0 0 1
    outer loop
      vertex 49.97926212296078 31.73030061499346 16
      vertex 50.17863078899613 31.88328157299975 16
      vertex 49.91286460177108 34.058844364480905 16
    endloop
  endfacet
  facet normal 0 0 1
    outer loop
      vertex 50.17863078899613 31.88328157299975 16
      vertex 50.38573263192787 32.025618726138035 16
      vertex 49.91286460177108 34.058844364480905 16
    endloop
  endfacet
  facet normal 0 0 1
    outer loop
      vertex 49.60588745030457 31.39411254969543 16
      vertex 49.6 33.88897274573418 16
      vertex 49.29645456189782 33.702959862028884 16
    endloop
  endfacet
  facet normal 0 0 1
    outer loop
      vertex 49.97926212296078 31.73030061499346 16
      vertex 49.91286460177108 34.058844364480905 16
      vertex 49.6 33.88897274573418 16
    endloop
  endfacet
  facet normal 0 0 1
    outer loop
      vertex 50.38573263192787 32.025618726138035 16
      vertex 50.6 32.156921938165304 16
      vertex 50.23419082708456 34.21210911196969 16
    endloop
  endfacet
  facet normal 0 0 1
    outer loop
      vertex 50.6 32.156921938165304 16
      vertex 50.82084560125018 32.276831316104165 16
      vertex 50.56309794309196 34.34834690018097 16
    endloop
  endfacet
  facet normal 0 0 1
    outer loop
      vertex 50.82084560125018 32.276831316104165 16
      vertex 51.04766411323616 32.385018196684484 16
      vertex 50.56309794309196 34.34834690018097 16
    endloop
  endfacet
  facet normal 0 0 1
    outer loop
      vertex 51.04766411323616 32.385018196684484 16
      vertex 51.279833842182555 32.48118604718657 16
      vertex 50.898684438250356 34.46718431080704 16
    endloop
  endfacet
  facet normal 0 0 1
    outer loop
      vertex 50.38573263192787 32.025618726138035 16
      vertex 50.23419082708456 34.21210911196969 16
      vertex 49.91286460177108 34.058844364480905 16
    endloop
  endfacet
  facet normal 0 0 1
    outer loop
      vertex 50.6 32.156921938165304 16
      vertex 50.56309794309196 34.34834690018097 16
      vertex 50.23419082708456 34.21210911196969 16
    endloop
  endfacet
  facet normal 0 0 1
    outer loop
      vertex 51.04766411323616 32.385018196684484 16
      vertex 50.898684438250356 34.46718431080704 16
      vertex 50.56309794309196 34.34834690018097 16
    endloop
  endfacet
  facet normal 0 0 1
    outer loop
      vertex 50.898684438250356 34.46718431080704 16
      vertex 51.279833842182555 32.48118604718657 16
      vertex 51.24003049330286 34.56829561876567 16
    endloop
  endfacet
  facet normal 0 0 1
    outer loop
      vertex 51.279833842182555 32.48118604718657 16
      vertex 51.51671842700026 32.565071278216735 16
      vertex 51.24003049330286 34.56829561876567 16
    endloop
  endfacet
  facet normal 0 0 1
    outer loop
      vertex 51.51671842700026 32.565071278216735 16
      vertex 51.7576685835079 32.63644396618753 16
      vertex 51.24003049330286 34.56829561876567 16
    endloop
  endfacet
  facet normal 0 0 1
    outer loop
      vertex 54.48328157299974 32.565071278216735 16
      vertex 54.720166157817445 32.48118604718657 16
      vertex 54.75996950669714 34.56829561876567 16
    endloop
  endfacet
  facet normal 0 0 1
    outer loop
      vertex 51.7576685835079 32.63644396618753 16
      vertex 52.00202388407476 32.69510848352227 16
      vertex 51.58620050243924 34.65140368498988 16
    endloop
  endfacet
  facet normal 0 0 1
    outer loop
      vertex 52.00202388407476 32.69510848352227 16
      vertex 52.24911456780689 32.74090403485666 16
      vertex 51.93624563772643 34.71628071604694 16
    endloop
  endfacet
  facet normal 0 0 1
    outer loop
      vertex 51.7576685835079 32.63644396618753 16
      vertex 51.58620050243924 34.65140368498988 16
      vertex 51.24003049330286 34.56829561876567 16
    endloop
  endfacet
  facet normal 0 0 1
    outer loop
      vertex 52.00202388407476 32.69510848352227 16
      vertex 51.93624563772643 34.71628071604694 16
      vertex 51.58620050243924 34.65140368498988 16
    endloop
  endfacet
  facet normal 0 0 1
    outer loop
      vertex 52.24911456780689 32.74090403485666 16
      vertex 52.498263376315265 32.77370509776771 16
      vertex 51.93624563772643 34.71628071604694 16
    endloop
  endfacet
  facet normal 0 0 1
    outer loop
      vertex 52.498263376315265 32.77370509776771 16
      vertex 52.74878741003387 32.79342176682195 16
      vertex 52.289206449779954 34.762748888504255 16
    endloop
  endfacet
  facet normal 0 0 1
    outer loop
      vertex 52.74878741003387 32.79342176682195 16
      vertex 53 32.8 16
      vertex 53 34.8 16
    endloop
  endfacet
  facet normal 0 0 1
    outer loop
      vertex 52.498263376315265 32.77370509776771 16
      vertex 52.289206449779954 34.762748888504255 16
      vertex 51.93624563772643 34.71628071604694 16
    endloop
  endfacet
  facet normal 0 0 1
    outer loop
      vertex 52.74878741003387 32.79342176682195 16
      vertex 52.644115497547986 34.790680836331106 16
      vertex 52.289206449779954 34.762748888504255 16
    endloop
  endfacet
  facet normal 0 0 1
    outer loop
      vertex 52.74878741003387 32.79342176682195 16
      vertex 53 34.8 16
      vertex 52.644115497547986 34.790680836331106 16
    endloop
  endfacet
  facet normal 0 0 1
    outer loop
      vertex 53 32.8 16
      vertex 53.25121258996613 32.79342176682195 16
      vertex 53 34.8 16
    endloop
  endfacet
  facet normal 0 0 1
    outer loop
      vertex 53.25121258996613 32.79342176682195 16
      vertex 53.501736623684735 32.77370509776771 16
      vertex 53.355884502452014 34.790680836331106 16
    endloop
  endfacet
  facet normal 0 0 1
    outer loop
      vertex 53.501736623684735 32.77370509776771 16
      vertex 53.75088543219311 32.74090403485666 16
      vertex 53.710793550220046 34.762748888504255 16
    endloop
  endfacet
  facet normal 0 0 1
    outer loop
      vertex 53.75088543219311 32.74090403485666 16
      vertex 53.99797611592524 32.69510848352227 16
      vertex 53.710793550220046 34.762748888504255 16
    endloop
  endfacet
  facet normal 0 0 1
    outer loop
      vertex 53.25121258996613 32.79342176682195 16
      vertex 53.355884502452014 34.790680836331106 16
      vertex 53 34.8 16
    endloop
  endfacet
  facet normal 0 0 1
    outer loop
      vertex 53.501736623684735 32.77370509776771 16
      vertex 53.710793550220046 34.762748888504255 16
      vertex 53.355884502452014 34.790680836331106 16
    endloop
  endfacet
  facet normal 0 0 1
    outer loop
      vertex 53.99797611592524 32.69510848352227 16
      vertex 54.2423314164921 32.63644396618753 16
      vertex 54.06375436227357 34.71628071604694 16
    endloop
  endfacet
  facet normal 0 0 1
    outer loop
      vertex 54.2423314164921 32.63644396618753 16
      vertex 54.48328157299974 32.565071278216735 16
      vertex 54.41379949756076 34.65140368498988 16
    endloop
  endfacet
  facet normal 0 0 1
    outer loop
      vertex 53.99797611592524 32.69510848352227 16
      vertex 54.06375436227357 34.71628071604694 16
      vertex 53.710793550220046 34.762748888504255 16
    endloop
  endfacet
  facet normal 0 0 1
    outer loop
      vertex 54.2423314164921 32.63644396618753 16
      vertex 54.41379949756076 34.65140368498988 16
      vertex 54.06375436227357 34.71628071604694 16
    endloop
  endfacet
  facet normal 0 0 1
    outer loop
      vertex 54.48328157299974 32.565071278216735 16
      vertex 54.75996950669714 34.56829561876567 16
      vertex 54.41379949756076 34.65140368498988 16
    endloop
  endfacet
  facet normal 0 0 1
    outer loop
      vertex 54.75996950669714 21.431704381234336 16
      vertex 55.101315561749644 21.532815689192958 16
      vertex 54.720166157817445 23.51881395281343 16
    endloop
  endfacet
  facet normal 0 0 1
    outer loop
      vertex 55.101315561749644 21.532815689192958 16
      vertex 55.43690205690804 21.65165309981903 16
      vertex 54.95233588676384 23.614981803315516 16
    endloop
  endfacet
  facet normal 0 0 1
    outer loop
      vertex 55.43690205690804 21.65165309981903 16
      vertex 55.76580917291544 21.787890888030315 16
      vertex 55.4 23.843078061834696 16
    endloop
  endfacet
  facet normal 0 0 1
    outer loop
      vertex 54.720166157817445 23.51881395281343 16
      vertex 55.101315561749644 21.532815689192958 16
      vertex 54.95233588676384 23.614981803315516 16
    endloop
  endfacet
  facet normal 0 0 1
    outer loop
      vertex 55.76580917291544 21.787890888030315 16
      vertex 56.08713539822892 21.9411556355191 16
      vertex 55.614267368072134 23.974381273861965 16
    endloop
  endfacet
  facet normal 0 0 1
    outer loop
      vertex 56.08713539822892 21.9411556355191 16
      vertex 56.4 22.111027254265817 16
      vertex 56.020737877039224 24.26969938500654 16
    endloop
  endfacet
  facet normal 0 0 1
    outer loop
      vertex 55.43690205690804 21.65165309981903 16
      vertex 55.17915439874982 23.723168683895835 16
      vertex 54.95233588676384 23.614981803315516 16
    endloop
  endfacet
  facet normal 0 0 1
    outer loop
      vertex 55.43690205690804 21.65165309981903 16
      vertex 55.4 23.843078061834696 16
      vertex 55.17915439874982 23.723168683895835 16
    endloop
  endfacet
  facet normal 0 0 1
    outer loop
      vertex 55.76580917291544 21.787890888030315 16
      vertex 55.614267368072134 23.974381273861965 16
      vertex 55.4 23.843078061834696 16
    endloop
  endfacet
  facet normal 0 0 1
    outer loop
      vertex 56.08713539822892 21.9411556355191 16
      vertex 55.82136921100387 24.11671842700025 16
      vertex 55.614267368072134 23.974381273861965 16
    endloop
  endfacet
  facet normal 0 0 1
    outer loop
      vertex 56.4 22.111027254265817 16
      vertex 56.70354543810218 22.297040137971116 16
      vertex 56.39411254969543 24.60588745030457 16
    endloop
  endfacet
  facet normal 0 0 1
    outer loop
      vertex 56.08713539822892 21.9411556355191 16
      vertex 56.020737877039224 24.26969938500654 16
      vertex 55.82136921100387 24.11671842700025 16
    endloop
  endfacet
  facet normal 0 0 1
    outer loop
      vertex 56.4 22.111027254265817 16
      vertex 56.21182691052252 24.432904837708506 16
      vertex 56.020737877039224 24.26969938500654 16
    endloop
  endfacet
  facet normal 0 0 1
    outer loop
      vertex 56.4 22.111027254265817 16
      vertex 56.39411254969543 24.60588745030457 16
      vertex 56.21182691052252 24.432904837708506 16
    endloop
  endfacet
  facet normal 0 0 1
    outer loop
      vertex 56.70354543810218 22.297040137971116 16
      vertex 56.567095162291494 24.788173089477482 16
      vertex 56.39411254969543 24.60588745030457 16
    endloop
  endfacet
  facet normal 0 0 1
    outer loop
      vertex 56.70354543810218 22.297040137971116 16
      vertex 56.996939715588816 22.498684438250358 16
      vertex 56.567095162291494 24.788173089477482 16
    endloop
  endfacet
  facet normal 0 0 1
    outer loop
      vertex 56.996939715588816 22.498684438250358 16
      vertex 57.27937865913889 22.7154074620926 16
      vertex 56.88328157299975 25.17863078899613 16
    endloop
  endfacet
  facet normal 0 0 1
    outer loop
      vertex 57.27937865913889 22.7154074620926 16
      vertex 57.550088123240236 22.946615186753718 16
      vertex 57.156921938268056 25.60000000018925 16
    endloop
  endfacet
  facet normal 0 0 1
    outer loop
      vertex 56.996939715588816 22.498684438250358 16
      vertex 56.73030061499346 24.97926212296078 16
      vertex 56.567095162291494 24.788173089477482 16
    endloop
  endfacet
  facet normal 0 0 1
    outer loop
      vertex 57.550088123240236 22.946615186753718 16
      vertex 57.80832611206853 23.191673887931476 16
      vertex 57.156921938268056 25.60000000018925 16
    endloop
  endfacet
  facet normal 0 0 1
    outer loop
      vertex 56.996939715588816 22.498684438250358 16
      vertex 56.88328157299975 25.17863078899613 16
      vertex 56.73030061499346 24.97926212296078 16
    endloop
  endfacet
  facet normal 0 0 1
    outer loop
      vertex 57.27937865913889 22.7154074620926 16
      vertex 57.025618726138035 25.38573263192787 16
      vertex 56.88328157299975 25.17863078899613 16
    endloop
  endfacet
  facet normal 0 0 1
    outer loop
      vertex 57.27937865913889 22.7154074620926 16
      vertex 57.156921938165304 25.6 16
      vertex 57.025618726138035 25.38573263192787 16
    endloop
  endfacet
  facet normal 0 0 1
    outer loop
      vertex 57.27937865913889 22.7154074620926 16
      vertex 57.156921938268056 25.60000000018925 16
      vertex 57.156921938165304 25.6 16
    endloop
  endfacet
  facet normal 0 0 1
    outer loop
      vertex 57.80832611206853 23.191673887931476 16
      vertex 58.05338481324628 23.449911876759764 16
      vertex 57.156921938268056 25.60000000018925 16
    endloop
  endfacet
  facet normal 0 0 1
    outer loop
      vertex 58.05338481324628 23.449911876759764 16
      vertex 58.2845925379074 23.720621340861108 16
      vertex 57.156921938268056 25.60000000018925 16
    endloop
  endfacet
  facet normal 0 0 1
    outer loop
      vertex 58.2845925379074 23.720621340861108 16
      vertex 58.50131556174964 24.003060284411184 16
      vertex 57.156921938268056 25.60000000018925 16
    endloop
  endfacet
  facet normal 0 0 1
    outer loop
      vertex 58.50131556174964 24.003060284411184 16
      vertex 58.702959862028884 24.296454561897818 16
      vertex 57.156921938268056 25.60000000018925 16
    endloop
  endfacet
  facet normal 0 0 1
    outer loop
      vertex 58.702959862028884 24.296454561897818 16
      vertex 58.88897274573418 24.6 16
      vertex 57.156921938268056 25.60000000018925 16
    endloop
  endfacet
  facet normal 0 0 1
    outer loop
      vertex 58.88897274573418 24.6 16
      vertex 58.888972745879755 24.600000000268103 16
      vertex 57.156921938268056 25.60000000018925 16
    endloop
  endfacet
  facet normal 0 0 1
    outer loop
      vertex 57.025618726138035 30.61426736807213 16
      vertex 57.156921938165304 30.4 16
      vertex 56.996939715588816 33.50131556174964 16
    endloop
  endfacet
  facet normal 0 0 1
    outer loop
      vertex 57.156921938165304 30.4 16
      vertex 57.156921938268056 30.39999999981075 16
      vertex 58.888972745879755 31.399999999731897 16
    endloop
  endfacet
  facet normal 0 0 1
    outer loop
      vertex 58.888972745879755 31.399999999731897 16
      vertex 58.88897274573418 31.4 16
      vertex 58.702959862028884 31.703545438102182 16
    endloop
  endfacet
  facet normal 0 0 1
    outer loop
      vertex 56.567095162291494 31.211826910522518 16
      vertex 56.4 33.88897274573418 16
      vertex 56.39411254969543 31.39411254969543 16
    endloop
  endfacet
  facet normal 0 0 1
    outer loop
      vertex 56.39411254969543 31.39411254969543 16
      vertex 56.4 33.88897274573418 16
      vertex 56.21182691052252 31.567095162291494 16
    endloop
  endfacet
  facet normal 0 0 1
    outer loop
      vertex 55.4 32.156921938165304 16
      vertex 55.614267368072134 32.025618726138035 16
      vertex 55.43690205690804 34.34834690018097 16
    endloop
  endfacet
  facet normal 0 0 1
    outer loop
      vertex 54.95233588676384 32.385018196684484 16
      vertex 55.17915439874982 32.276831316104165 16
      vertex 55.101315561749644 34.46718431080704 16
    endloop
  endfacet
  facet normal 0 0 1
    outer loop
      vertex 54.720166157817445 32.48118604718657 16
      vertex 54.95233588676384 32.385018196684484 16
      vertex 54.75996950669714 34.56829561876567 16
    endloop
  endfacet
  facet normal 0 0 1
    outer loop
      vertex 55.17915439874982 32.276831316104165 16
      vertex 55.4 32.156921938165304 16
      vertex 55.43690205690804 34.34834690018097 16
    endloop
  endfacet
  facet normal 0 0 1
    outer loop
      vertex 56.020737877039224 31.73030061499346 16
      vertex 55.76580917291544 34.21210911196969 16
      vertex 55.82136921100387 31.88328157299975 16
    endloop
  endfacet
  facet normal 0 0 1
    outer loop
      vertex 56.020737877039224 31.73030061499346 16
      vertex 56.21182691052252 31.567095162291494 16
      vertex 56.08713539822892 34.058844364480905 16
    endloop
  endfacet
  facet normal 0 0 1
    outer loop
      vertex 55.614267368072134 32.025618726138035 16
      vertex 55.82136921100387 31.88328157299975 16
      vertex 55.76580917291544 34.21210911196969 16
    endloop
  endfacet
  facet normal 0 0 1
    outer loop
      vertex 56.567095162291494 31.211826910522518 16
      vertex 56.70354543810218 33.702959862028884 16
      vertex 56.4 33.88897274573418 16
    endloop
  endfacet
  facet normal 0 0 1
    outer loop
      vertex 56.21182691052252 31.567095162291494 16
      vertex 56.4 33.88897274573418 16
      vertex 56.08713539822892 34.058844364480905 16
    endloop
  endfacet
  facet normal 0 0 1
    outer loop
      vertex 57.025618726138035 30.61426736807213 16
      vertex 56.996939715588816 33.50131556174964 16
      vertex 56.88328157299975 30.82136921100387 16
    endloop
  endfacet
  facet normal 0 0 1
    outer loop
      vertex 56.88328157299975 30.82136921100387 16
      vertex 56.70354543810218 33.702959862028884 16
      vertex 56.73030061499346 31.02073787703922 16
    endloop
  endfacet
  facet normal 0 0 1
    outer loop
      vertex 56.567095162291494 31.211826910522518 16
      vertex 56.73030061499346 31.02073787703922 16
      vertex 56.70354543810218 33.702959862028884 16
    endloop
  endfacet
  facet normal 0 0 1
    outer loop
      vertex 57.156921938165304 30.4 16
      vertex 57.27937865913889 33.2845925379074 16
      vertex 56.996939715588816 33.50131556174964 16
    endloop
  endfacet
  facet normal 0 0 1
    outer loop
      vertex 57.156921938165304 30.4 16
      vertex 58.888972745879755 31.399999999731897 16
      vertex 57.27937865913889 33.2845925379074 16
    endloop
  endfacet
  facet normal 0 0 1
    outer loop
      vertex 58.888972745879755 31.399999999731897 16
      vertex 58.2845925379074 32.27937865913889 16
      vertex 58.05338481324628 32.550088123240236 16
    endloop
  endfacet
  facet normal 0 0 1
    outer loop
      vertex 58.888972745879755 31.399999999731897 16
      vertex 58.05338481324628 32.550088123240236 16
      vertex 57.80832611206853 32.80832611206852 16
    endloop
  endfacet
  facet normal 0 0 1
    outer loop
      vertex 56.88328157299975 30.82136921100387 16
      vertex 56.996939715588816 33.50131556174964 16
      vertex 56.70354543810218 33.702959862028884 16
    endloop
  endfacet
  facet normal 0 0 1
    outer loop
      vertex 58.888972745879755 31.399999999731897 16
      vertex 57.550088123240236 33.05338481324628 16
      vertex 57.27937865913889 33.2845925379074 16
    endloop
  endfacet
  facet normal 0 0 1
    outer loop
      vertex 58.888972745879755 31.399999999731897 16
      vertex 57.80832611206853 32.80832611206852 16
      vertex 57.550088123240236 33.05338481324628 16
    endloop
  endfacet
  facet normal 0 0 1
    outer loop
      vertex 55.17915439874982 32.276831316104165 16
      vertex 55.43690205690804 34.34834690018097 16
      vertex 55.101315561749644 34.46718431080704 16
    endloop
  endfacet
  facet normal 0 0 1
    outer loop
      vertex 55.614267368072134 32.025618726138035 16
      vertex 55.76580917291544 34.21210911196969 16
      vertex 55.43690205690804 34.34834690018097 16
    endloop
  endfacet
  facet normal 0 0 1
    outer loop
      vertex 54.75996950669714 34.56829561876567 16
      vertex 54.95233588676384 32.385018196684484 16
      vertex 55.101315561749644 34.46718431080704 16
    endloop
  endfacet
  facet normal 0 0 1
    outer loop
      vertex 56.020737877039224 31.73030061499346 16
      vertex 56.08713539822892 34.058844364480905 16
      vertex 55.76580917291544 34.21210911196969 16
    endloop
  endfacet
  facet normal 0 0 1
    outer loop
      vertex 58.888972745879755 31.399999999731897 16
      vertex 58.702959862028884 31.703545438102182 16
      vertex 58.50131556174964 31.996939715588816 16
    endloop
  endfacet
  facet normal 0 0 1
    outer loop
      vertex 58.888972745879755 31.399999999731897 16
      vertex 58.50131556174964 31.996939715588816 16
      vertex 58.2845925379074 32.27937865913889 16
    endloop
  endfacet
  facet normal 0 0 -1
    outer loop
      vertex 44 22 0
      vertex 46.01 22.00166969721516 0
      vertex 46.01 22 0
    endloop
  endfacet
  facet normal 0 0 -1
    outer loop
      vertex 44 22 0
      vertex 46.01 33.99833030278484 0
      vertex 46.01 22.00166969721516 0
    endloop
  endfacet
  facet normal 0 -1 0
    outer loop
      vertex 44 22 0
      vertex 46.01 22 0
      vertex 46.01 22 16
    endloop
  endfacet
  facet normal 1 0 0
    outer loop
      vertex 46.01 22 0
      vertex 46.01 22.00166969721516 0
      vertex 46.01 22.00166969721516 16
    endloop
  endfacet
  facet normal 0 0 -1
    outer loop
      vertex 44 22 0
      vertex 44 34 0
      vertex 46.01 34 0
    endloop
  endfacet
  facet normal 0 0 -1
    outer loop
      vertex 44 22 0
      vertex 46.01 34 0
      vertex 46.01 33.99833030278484 0
    endloop
  endfacet
  facet normal -1 0 0
    outer loop
      vertex 44 22 0
      vertex 44 34 16
      vertex 44 34 0
    endloop
  endfacet
  facet normal 0 1 0
    outer loop
      vertex 44 34 0
      vertex 44 34 16
      vertex 46.01 34 0
    endloop
  endfacet
  facet normal 1 0 0
    outer loop
      vertex 46.01 34 0
      vertex 46.01 34 16
      vertex 46.01 33.99833030278484 0
    endloop
  endfacet
  facet normal 0 -1 0
    outer loop
      vertex 44 22 0
      vertex 46.01 22 16
      vertex 44 22 16
    endloop
  endfacet
  facet normal 1 0 0
    outer loop
      vertex 46.01 22 0
      vertex 46.01 22.00166969721516 16
      vertex 46.01 22 16
    endloop
  endfacet
  facet normal -1 0 0
    outer loop
      vertex 44 22 0
      vertex 44 22 16
      vertex 44 34 16
    endloop
  endfacet
  facet normal 0 1 0
    outer loop
      vertex 46.01 34 0
      vertex 44 34 16
      vertex 46.01 34 16
    endloop
  endfacet
  facet normal 1 0 0
    outer loop
      vertex 46.01 33.99833030278484 0
      vertex 46.01 34 16
      vertex 46.01 33.99833030278484 16
    endloop
  endfacet
  facet normal 0 0 1
    outer loop
      vertex 44 22 16
      vertex 46.01 22 16
      vertex 44 34 16
    endloop
  endfacet
  facet normal 0 0 1
    outer loop
      vertex 46.01 22 16
      vertex 46.01 22.00166969721516 16
      vertex 44 34 16
    endloop
  endfacet
  facet normal 0 0 1
    outer loop
      vertex 46.01 22.00166969721516 16
      vertex 46.01 22.03833030278484 16
      vertex 44 34 16
    endloop
  endfacet
  facet normal 0 0 1
    outer loop
      vertex 46.01 22.03833030278484 16
      vertex 46.01 33.99833030278484 16
      vertex 44 34 16
    endloop
  endfacet
  facet normal 0 0 1
    outer loop
      vertex 44 34 16
      vertex 46.01 33.99833030278484 16
      vertex 46.01 34 16
    endloop
  endfacet
  facet normal 0 0 -1
    outer loop
      vertex 46.01 22.00166969721516 0
      vertex 48.30489151647773 27.002023884074756 0
      vertex 48.36355603381247 26.7576685835079 0
    endloop
  endfacet
  facet normal 0 0 -1
    outer loop
      vertex 46.01 22.00166969721516 0
      vertex 48.25909596514334 27.249114567806892 0
      vertex 48.30489151647773 27.002023884074756 0
    endloop
  endfacet
  facet normal 0 0 -1
    outer loop
      vertex 46.01 22.00166969721516 0
      vertex 48.22629490223229 27.498263376315265 0
      vertex 48.25909596514334 27.249114567806892 0
    endloop
  endfacet
  facet normal 0 0 -1
    outer loop
      vertex 46.01 22.00166969721516 0
      vertex 48.20657823317805 27.74878741003387 0
      vertex 48.22629490223229 27.498263376315265 0
    endloop
  endfacet
  facet normal 0 0 -1
    outer loop
      vertex 46.01 22.00166969721516 0
      vertex 48.2 28 0
      vertex 48.20657823317805 27.74878741003387 0
    endloop
  endfacet
  facet normal 0 0 -1
    outer loop
      vertex 46.01 22.00166969721516 0
      vertex 48.20657823317805 28.25121258996613 0
      vertex 48.2 28 0
    endloop
  endfacet
  facet normal 0 0 -1
    outer loop
      vertex 46.01 22.00166969721516 0
      vertex 48.22629490223229 28.501736623684735 0
      vertex 48.20657823317805 28.25121258996613 0
    endloop
  endfacet
  facet normal 0 0 -1
    outer loop
      vertex 46.01 22.00166969721516 0
      vertex 48.25909596514334 28.750885432193108 0
      vertex 48.22629490223229 28.501736623684735 0
    endloop
  endfacet
  facet normal 0 0 -1
    outer loop
      vertex 46.01 22.00166969721516 0
      vertex 49 22.50103267706995 0
      vertex 49 22.50090916454792 0
    endloop
  endfacet
  facet normal 0 0 -1
    outer loop
      vertex 46.01 22.00166969721516 0
      vertex 49 25.348457154093943 0
      vertex 49 22.50103267706995 0
    endloop
  endfacet
  facet normal 0 0 -1
    outer loop
      vertex 46.01 22.00166969721516 0
      vertex 48.974381273861965 25.38573263192787 0
      vertex 49 25.348457154093943 0
    endloop
  endfacet
  facet normal 0 0 -1
    outer loop
      vertex 46.01 22.00166969721516 0
      vertex 48.843078061834696 25.6 0
      vertex 48.974381273861965 25.38573263192787 0
    endloop
  endfacet
  facet normal 0 0 -1
    outer loop
      vertex 46.01 22.00166969721516 0
      vertex 48.614981803315516 26.04766411323616 0
      vertex 48.723168683895835 25.820845601250177 0
    endloop
  endfacet
  facet normal 0 0 -1
    outer loop
      vertex 46.01 22.00166969721516 0
      vertex 48.723168683895835 25.820845601250177 0
      vertex 48.843078061834696 25.6 0
    endloop
  endfacet
  facet normal 0 0 -1
    outer loop
      vertex 46.01 22.00166969721516 0
      vertex 48.51881395281343 26.27983384218256 0
      vertex 48.614981803315516 26.04766411323616 0
    endloop
  endfacet
  facet normal 0 0 -1
    outer loop
      vertex 46.01 22.00166969721516 0
      vertex 48.434928721783265 26.516718427000253 0
      vertex 48.51881395281343 26.27983384218256 0
    endloop
  endfacet
  facet normal 0 0 -1
    outer loop
      vertex 46.01 22.00166969721516 0
      vertex 48.36355603381247 26.7576685835079 0
      vertex 48.434928721783265 26.516718427000253 0
    endloop
  endfacet
  facet normal 0 0 -1
    outer loop
      vertex 46.01 22.00166969721516 0
      vertex 49 33.38444801507589 0
      vertex 48.25909596514334 28.750885432193108 0
    endloop
  endfacet
  facet normal 0.16468981808688687 -0.9863454079674665 0
    outer loop
      vertex 46.01 22.00166969721516 0
      vertex 49 22.50090916454792 0
      vertex 46.01 22.00166969721516 16
    endloop
  endfacet
  facet normal 1 0 0
    outer loop
      vertex 49 22.50090916454792 0
      vertex 49 22.50103267706995 0
      vertex 49 22.50090916454792 16
    endloop
  endfacet
  facet normal 0 0 -1
    outer loop
      vertex 46.01 22.00166969721516 0
      vertex 46.01 33.99833030278484 0
      vertex 49 33.49909083545208 0
    endloop
  endfacet
  facet normal 0 0 -1
    outer loop
      vertex 46.01 22.00166969721516 0
      vertex 49 33.49896732293005 0
      vertex 49 33.38444801507589 0
    endloop
  endfacet
  facet normal 0 0 -1
    outer loop
      vertex 46.01 22.00166969721516 0
      vertex 49 33.49909083545208 0
      vertex 49 33.49896732293005 0
    endloop
  endfacet
  facet normal 0 0 -1
    outer loop
      vertex 48.25909596514334 28.750885432193108 0
      vertex 49 33.38444801507589 0
      vertex 48.30489151647773 28.997976115925244 0
    endloop
  endfacet
  facet normal 0 0 -1
    outer loop
      vertex 48.30489151647773 28.997976115925244 0
      vertex 49 33.38444801507589 0
      vertex 48.36355603381247 29.2423314164921 0
    endloop
  endfacet
  facet normal 0 0 -1
    outer loop
      vertex 48.36355603381247 29.2423314164921 0
      vertex 49 33.38444801507589 0
      vertex 48.434928721783265 29.483281572999747 0
    endloop
  endfacet
  facet normal 0 0 -1
    outer loop
      vertex 48.434928721783265 29.483281572999747 0
      vertex 49 33.38444801507589 0
      vertex 48.51881395281343 29.72016615781744 0
    endloop
  endfacet
  facet normal 0 0 -1
    outer loop
      vertex 48.51881395281343 29.72016615781744 0
      vertex 49 33.38444801507589 0
      vertex 48.614981803315516 29.95233588676384 0
    endloop
  endfacet
  facet normal 0 0 -1
    outer loop
      vertex 48.614981803315516 29.95233588676384 0
      vertex 49 33.38444801507589 0
      vertex 48.723168683895835 30.179154398749823 0
    endloop
  endfacet
  facet normal 0 0 -1
    outer loop
      vertex 48.723168683895835 30.179154398749823 0
      vertex 49 33.38444801507589 0
      vertex 48.843078061834696 30.4 0
    endloop
  endfacet
  facet normal 0 0 -1
    outer loop
      vertex 48.843078061834696 30.4 0
      vertex 49 33.38444801507589 0
      vertex 48.974381273861965 30.61426736807213 0
    endloop
  endfacet
  facet normal 0 0 -1
    outer loop
      vertex 48.974381273861965 30.61426736807213 0
      vertex 49 33.38444801507589 0
      vertex 49 30.651542845906057 0
    endloop
  endfacet
  facet normal 0.16468981808688574 0.9863454079674667 0
    outer loop
      vertex 46.01 33.99833030278484 0
      vertex 49 33.49909083545208 16
      vertex 49 33.49909083545208 0
    endloop
  endfacet
  facet normal 1 0 0
    outer loop
      vertex 49 33.49909083545208 0
      vertex 49 33.49896732293005 16
      vertex 49 33.49896732293005 0
    endloop
  endfacet
  facet normal 0.16468981808688687 -0.9863454079674665 0
    outer loop
      vertex 49 22.50090916454792 0
      vertex 49 22.50090916454792 16
      vertex 46.01 22.00166969721516 16
    endloop
  endfacet
  facet normal 1 0 0
    outer loop
      vertex 49 22.50103267706995 0
      vertex 49 22.50103267706995 16
      vertex 49 22.50090916454792 16
    endloop
  endfacet
  facet normal 0.16468981808688574 0.9863454079674667 0
    outer loop
      vertex 46.01 33.99833030278484 0
      vertex 46.01 33.99833030278484 16
      vertex 49 33.49909083545208 16
    endloop
  endfacet
  facet normal 1 0 0
    outer loop
      vertex 49 33.49909083545208 0
      vertex 49 33.49909083545208 16
      vertex 49 33.49896732293005 16
    endloop
  endfacet
  facet normal 0 0 1
    outer loop
      vertex 46.01 22.00166969721516 16
      vertex 49 22.50090916454792 16
      vertex 46.01 22.03833030278484 16
    endloop
  endfacet
  facet normal 0 0 1
    outer loop
      vertex 46.01 22.03833030278484 16
      vertex 49 22.50103267706995 16
      vertex 46.01 33.99833030278484 16
    endloop
  endfacet
  facet normal 0 0 1
    outer loop
      vertex 46.01 22.03833030278484 16
      vertex 49 22.50090916454792 16
      vertex 49 22.50103267706995 16
    endloop
  endfacet
  facet normal 0 0 1
    outer loop
      vertex 49 22.50103267706995 16
      vertex 48.916141921170286 25.480770617875073 16
      vertex 48.843078061834696 25.6 16
    endloop
  endfacet
  facet normal 0 0 1
    outer loop
      vertex 49 22.50103267706995 16
      vertex 48.843078061834696 25.6 16
      vertex 48.723168683895835 25.820845601250177 16
    endloop
  endfacet
  facet normal 0 0 1
    outer loop
      vertex 49 22.50103267706995 16
      vertex 48.723168683895835 25.820845601250177 16
      vertex 48.614981803315516 26.04766411323616 16
    endloop
  endfacet
  facet normal 0 0 1
    outer loop
      vertex 49 22.50103267706995 16
      vertex 48.614981803315516 26.04766411323616 16
      vertex 48.51881395281343 26.27983384218256 16
    endloop
  endfacet
  facet normal 0 0 1
    outer loop
      vertex 49 22.50103267706995 16
      vertex 48.51881395281343 26.27983384218256 16
      vertex 48.434928721783265 26.516718427000253 16
    endloop
  endfacet
  facet normal 0 0 1
    outer loop
      vertex 49 22.50103267706995 16
      vertex 48.434928721783265 26.516718427000253 16
      vertex 46.01 33.99833030278484 16
    endloop
  endfacet
  facet normal 0 0 1
    outer loop
      vertex 48.36355603381247 26.7576685835079 16
      vertex 48.30489151647773 27.002023884074756 16
      vertex 46.01 33.99833030278484 16
    endloop
  endfacet
  facet normal 0 0 1
    outer loop
      vertex 48.30489151647773 27.002023884074756 16
      vertex 48.25909596514334 27.249114567806892 16
      vertex 46.01 33.99833030278484 16
    endloop
  endfacet
  facet normal 0 0 1
    outer loop
      vertex 48.25909596514334 27.249114567806892 16
      vertex 48.22629490223229 27.498263376315265 16
      vertex 46.01 33.99833030278484 16
    endloop
  endfacet
  facet normal 0 0 1
    outer loop
      vertex 48.22629490223229 27.498263376315265 16
      vertex 48.20657823317805 27.74878741003387 16
      vertex 46.01 33.99833030278484 16
    endloop
  endfacet
  facet normal 0 0 1
    outer loop
      vertex 48.20657823317805 27.74878741003387 16
      vertex 48.2 28 16
      vertex 46.01 33.99833030278484 16
    endloop
  endfacet
  facet normal 0 0 1
    outer loop
      vertex 48.2 28 16
      vertex 48.20657823317805 28.25121258996613 16
      vertex 46.01 33.99833030278484 16
    endloop
  endfacet
  facet normal 0 0 1
    outer loop
      vertex 46.01 33.99833030278484 16
      vertex 48.20657823317805 28.25121258996613 16
      vertex 48.22629490223229 28.501736623684735 16
    endloop
  endfacet
  facet normal 0 0 1
    outer loop
      vertex 46.01 33.99833030278484 16
      vertex 48.22629490223229 28.501736623684735 16
      vertex 48.25909596514334 28.750885432193108 16
    endloop
  endfacet
  facet normal 0 0 1
    outer loop
      vertex 46.01 33.99833030278484 16
      vertex 48.25909596514334 28.750885432193108 16
      vertex 48.30489151647773 28.997976115925244 16
    endloop
  endfacet
  facet normal 0 0 1
    outer loop
      vertex 46.01 33.99833030278484 16
      vertex 48.30489151647773 28.997976115925244 16
      vertex 48.36355603381247 29.2423314164921 16
    endloop
  endfacet
  facet normal 0 0 1
    outer loop
      vertex 48.434928721783265 26.516718427000253 16
      vertex 48.36355603381247 26.7576685835079 16
      vertex 46.01 33.99833030278484 16
    endloop
  endfacet
  facet normal 0 0 1
    outer loop
      vertex 46.01 33.99833030278484 16
      vertex 48.36355603381247 29.2423314164921 16
      vertex 48.434928721783265 29.483281572999747 16
    endloop
  endfacet
  facet normal 0 0 1
    outer loop
      vertex 46.01 33.99833030278484 16
      vertex 48.434928721783265 29.483281572999747 16
      vertex 48.51881395281343 29.72016615781744 16
    endloop
  endfacet
  facet normal 0 0 1
    outer loop
      vertex 46.01 33.99833030278484 16
      vertex 48.51881395281343 29.72016615781744 16
      vertex 48.614981803315516 29.95233588676384 16
    endloop
  endfacet
  facet normal 0 0 1
    outer loop
      vertex 46.01 33.99833030278484 16
      vertex 48.614981803315516 29.95233588676384 16
      vertex 48.723168683895835 30.179154398749823 16
    endloop
  endfacet
  facet normal 0 0 1
    outer loop
      vertex 46.01 33.99833030278484 16
      vertex 48.723168683895835 30.179154398749823 16
      vertex 48.78092284370278 30.285524328829588 16
    endloop
  endfacet
  facet normal 0 0 1
    outer loop
      vertex 46.01 33.99833030278484 16
      vertex 48.78092284370278 30.285524328829588 16
      vertex 48.72062134086111 32.42822397581043 16
    endloop
  endfacet
  facet normal 0 0 1
    outer loop
      vertex 46.01 33.99833030278484 16
      vertex 48.72062134086111 32.42822397581043 16
      vertex 48.9999597115212 33.498936408492966 16
    endloop
  endfacet
  facet normal 0 0 1
    outer loop
      vertex 46.01 33.99833030278484 16
      vertex 48.9999597115212 33.498936408492966 16
      vertex 49 33.49909083545208 16
    endloop
  endfacet
  facet normal 0 0 1
    outer loop
      vertex 49 33.49909083545208 16
      vertex 48.9999597115212 33.498936408492966 16
      vertex 49 33.49896732293005 16
    endloop
  endfacet
  facet normal 0.43051109680830085 0.902585284349858 0
    outer loop
      vertex 50.82084560125018 23.723168683895835 0
      vertex 50.82084560125018 23.723168683895835 16
      vertex 51.04766411323616 23.614981803315516 0
    endloop
  endfacet
  facet normal 0.38268343236509594 0.9238795325112841 0
    outer loop
      vertex 51.04766411323616 23.614981803315516 0
      vertex 51.04766411323616 23.614981803315516 16
      vertex 51.279833842182555 23.51881395281343 0
    endloop
  endfacet
  facet normal 0.6087614290087267 0.7933533402912306 0
    outer loop
      vertex 50.17863078899613 24.11671842700025 0
      vertex 49.97926212296078 24.26969938500654 0
      vertex 49.97926212296078 24.26969938500654 16
    endloop
  endfacet
  facet normal 0.5664062369248253 0.8241261886220209 0
    outer loop
      vertex 50.17863078899613 24.11671842700025 0
      vertex 50.17863078899613 24.11671842700025 16
      vertex 50.38573263192787 23.974381273861965 0
    endloop
  endfacet
  facet normal 0.6883545756937535 0.7253743710122881 0
    outer loop
      vertex 49.78817308947748 24.432904837708506 0
      vertex 49.60588745030457 24.60588745030457 0
      vertex 49.60588745030457 24.60588745030457 16
    endloop
  endfacet
  facet normal 0.6494480483301766 0.7604059656000371 0
    outer loop
      vertex 49.78817308947748 24.432904837708506 0
      vertex 49.78817308947748 24.432904837708506 16
      vertex 49.97926212296078 24.26969938500654 0
    endloop
  endfacet
  facet normal 0.5224985647159491 0.8526401643540922 0
    outer loop
      vertex 50.38573263192787 23.974381273861965 0
      vertex 50.38573263192787 23.974381273861965 16
      vertex 50.6 23.843078061834696 0
    endloop
  endfacet
  facet normal 0.4771587602596088 0.8788171126619652 0
    outer loop
      vertex 50.82084560125018 23.723168683895835 0
      vertex 50.6 23.843078061834696 0
      vertex 50.6 23.843078061834696 16
    endloop
  endfacet
  facet normal 0.23344536385590675 0.9723699203976763 0
    outer loop
      vertex 52.00202388407476 23.30489151647773 0
      vertex 51.7576685835079 23.363556033812472 0
      vertex 51.7576685835079 23.363556033812472 16
    endloop
  endfacet
  facet normal 0.18223552549214772 0.9832549075639545 0
    outer loop
      vertex 52.00202388407476 23.30489151647773 0
      vertex 52.00202388407476 23.30489151647773 16
      vertex 52.24911456780689 23.259095965143338 0
    endloop
  endfacet
  facet normal 0.33380685923375153 0.9426414910921853 0
    outer loop
      vertex 51.279833842182555 23.51881395281343 0
      vertex 51.279833842182555 23.51881395281343 16
      vertex 51.51671842700026 23.434928721783265 0
    endloop
  endfacet
  facet normal 0.28401534470393724 0.9588197348681886 0
    outer loop
      vertex 51.51671842700026 23.434928721783265 0
      vertex 51.51671842700026 23.434928721783265 16
      vertex 51.7576685835079 23.363556033812472 0
    endloop
  endfacet
  facet normal 0.13052619222003933 0.9914448613738119 0
    outer loop
      vertex 52.24911456780689 23.259095965143338 0
      vertex 52.24911456780689 23.259095965143338 16
      vertex 52.498263376315265 23.22629490223229 0
    endloop
  endfacet
  facet normal 0.07845909572785031 0.9969173337331275 0
    outer loop
      vertex 52.498263376315265 23.22629490223229 0
      vertex 52.498263376315265 23.22629490223229 16
      vertex 52.74878741003387 23.206578233178046 0
    endloop
  endfacet
  facet normal 0.02617694830787892 0.9996573249755571 0
    outer loop
      vertex 52.74878741003387 23.206578233178046 0
      vertex 52.74878741003387 23.206578233178046 16
      vertex 53 23.2 0
    endloop
  endfacet
  facet normal -0.02617694830787892 0.9996573249755571 0
    outer loop
      vertex 53 23.2 0
      vertex 53 23.2 16
      vertex 53.25121258996613 23.206578233178046 0
    endloop
  endfacet
  facet normal -0.07845909572785031 0.9969173337331275 0
    outer loop
      vertex 53.25121258996613 23.206578233178046 0
      vertex 53.25121258996613 23.206578233178046 16
      vertex 53.501736623684735 23.22629490223229 0
    endloop
  endfacet
  facet normal -0.13052619222003933 0.9914448613738119 0
    outer loop
      vertex 53.501736623684735 23.22629490223229 0
      vertex 53.501736623684735 23.22629490223229 16
      vertex 53.75088543219311 23.259095965143338 0
    endloop
  endfacet
  facet normal -0.18223552549214772 0.9832549075639545 0
    outer loop
      vertex 53.75088543219311 23.259095965143338 0
      vertex 53.75088543219311 23.259095965143338 16
      vertex 53.99797611592524 23.30489151647773 0
    endloop
  endfacet
  facet normal -0.23344536385590675 0.9723699203976763 0
    outer loop
      vertex 53.99797611592524 23.30489151647773 0
      vertex 53.99797611592524 23.30489151647773 16
      vertex 54.2423314164921 23.363556033812472 0
    endloop
  endfacet
  facet normal -0.28401534470393724 0.9588197348681886 0
    outer loop
      vertex 54.2423314164921 23.363556033812472 0
      vertex 54.2423314164921 23.363556033812472 16
      vertex 54.48328157299974 23.434928721783265 0
    endloop
  endfacet
  facet normal -0.33380685923375153 0.9426414910921853 0
    outer loop
      vertex 54.48328157299974 23.434928721783265 0
      vertex 54.48328157299974 23.434928721783265 16
      vertex 54.720166157817445 23.51881395281343 0
    endloop
  endfacet
  facet normal -0.38268343236509594 0.9238795325112841 0
    outer loop
      vertex 54.720166157817445 23.51881395281343 0
      vertex 54.720166157817445 23.51881395281343 16
      vertex 54.95233588676384 23.614981803315516 0
    endloop
  endfacet
  facet normal 0.760405965600031 0.6494480483301834 0
    outer loop
      vertex 49.26969938500654 24.97926212296078 0
      vertex 49.26969938500654 24.97926212296078 16
      vertex 49.432904837708506 24.788173089477482 0
    endloop
  endfacet
  facet normal 0.7933533402912358 0.6087614290087198 0
    outer loop
      vertex 49.26969938500654 24.97926212296078 0
      vertex 49.11671842700025 25.17863078899613 0
      vertex 49.11671842700025 25.17863078899613 16
    endloop
  endfacet
  facet normal 0.8241261886220178 0.5664062369248295 4.314323697295666e-17
    outer loop
      vertex 49.11671842700025 25.17863078899613 0
      vertex 49 25.348457154093943 0
      vertex 48.974381273861965 25.38573263192787 16
    endloop
  endfacet
  facet normal 0.8241261886220091 0.5664062369248423 0
    outer loop
      vertex 49 25.348457154093943 0
      vertex 48.974381273861965 25.38573263192787 0
      vertex 48.974381273861965 25.38573263192787 16
    endloop
  endfacet
  facet normal 0.852640164354096 0.5224985647159427 0
    outer loop
      vertex 48.974381273861965 25.38573263192787 0
      vertex 48.843078061834696 25.6 0
      vertex 48.843078061834696 25.6 16
    endloop
  endfacet
  facet normal 0.8788171126619652 0.4771587602596088 0
    outer loop
      vertex 48.843078061834696 25.6 0
      vertex 48.723168683895835 25.820845601250177 0
      vertex 48.723168683895835 25.820845601250177 16
    endloop
  endfacet
  facet normal 0.902585284349858 0.43051109680830085 0
    outer loop
      vertex 48.723168683895835 25.820845601250177 0
      vertex 48.614981803315516 26.04766411323616 0
      vertex 48.614981803315516 26.04766411323616 16
    endloop
  endfacet
  facet normal 0.9238795325112862 0.38268343236509095 0
    outer loop
      vertex 48.614981803315516 26.04766411323616 0
      vertex 48.51881395281343 26.27983384218256 0
      vertex 48.51881395281343 26.27983384218256 16
    endloop
  endfacet
  facet normal 0.7253743710122881 0.6883545756937535 0
    outer loop
      vertex 49.60588745030457 24.60588745030457 0
      vertex 49.432904837708506 24.788173089477482 0
      vertex 49.432904837708506 24.788173089477482 16
    endloop
  endfacet
  facet normal 0.9426414910921822 0.3338068592337604 0
    outer loop
      vertex 48.51881395281343 26.27983384218256 0
      vertex 48.434928721783265 26.516718427000253 0
      vertex 48.434928721783265 26.516718427000253 16
    endloop
  endfacet
  facet normal 0.9588197348681898 0.2840153447039334 0
    outer loop
      vertex 48.434928721783265 26.516718427000253 0
      vertex 48.36355603381247 26.7576685835079 0
      vertex 48.36355603381247 26.7576685835079 16
    endloop
  endfacet
  facet normal 0.9723699203976756 0.23344536385590997 0
    outer loop
      vertex 48.36355603381247 26.7576685835079 0
      vertex 48.30489151647773 27.002023884074756 0
      vertex 48.30489151647773 27.002023884074756 16
    endloop
  endfacet
  facet normal 0.983254907563955 0.18223552549214517 0
    outer loop
      vertex 48.30489151647773 27.002023884074756 0
      vertex 48.25909596514334 27.249114567806892 0
      vertex 48.25909596514334 27.249114567806892 16
    endloop
  endfacet
  facet normal 0.9914448613738119 0.13052619222003933 0
    outer loop
      vertex 48.25909596514334 27.249114567806892 0
      vertex 48.22629490223229 27.498263376315265 0
      vertex 48.22629490223229 27.498263376315265 16
    endloop
  endfacet
  facet normal 0.9969173337331286 0.07845909572783626 0
    outer loop
      vertex 48.22629490223229 27.498263376315265 0
      vertex 48.20657823317805 27.74878741003387 0
      vertex 48.20657823317805 27.74878741003387 16
    endloop
  endfacet
  facet normal 0.9996573249755571 0.02617694830787892 0
    outer loop
      vertex 48.20657823317805 27.74878741003387 0
      vertex 48.2 28 0
      vertex 48.2 28 16
    endloop
  endfacet
  facet normal 0.9996573249755571 -0.02617694830787892 0
    outer loop
      vertex 48.2 28 0
      vertex 48.20657823317805 28.25121258996613 0
      vertex 48.20657823317805 28.25121258996613 16
    endloop
  endfacet
  facet normal 0.9969173337331286 -0.07845909572783626 0
    outer loop
      vertex 48.20657823317805 28.25121258996613 0
      vertex 48.22629490223229 28.501736623684735 0
      vertex 48.22629490223229 28.501736623684735 16
    endloop
  endfacet
  facet normal 0.9914448613738119 -0.13052619222003933 0
    outer loop
      vertex 48.22629490223229 28.501736623684735 0
      vertex 48.25909596514334 28.750885432193108 0
      vertex 48.25909596514334 28.750885432193108 16
    endloop
  endfacet
  facet normal 0.983254907563955 -0.18223552549214517 0
    outer loop
      vertex 48.25909596514334 28.750885432193108 0
      vertex 48.30489151647773 28.997976115925244 0
      vertex 48.30489151647773 28.997976115925244 16
    endloop
  endfacet
  facet normal 0.9723699203976756 -0.23344536385590997 0
    outer loop
      vertex 48.30489151647773 28.997976115925244 0
      vertex 48.36355603381247 29.2423314164921 0
      vertex 48.36355603381247 29.2423314164921 16
    endloop
  endfacet
  facet normal 0.9588197348681898 -0.2840153447039334 0
    outer loop
      vertex 48.36355603381247 29.2423314164921 0
      vertex 48.434928721783265 29.483281572999747 0
      vertex 48.434928721783265 29.483281572999747 16
    endloop
  endfacet
  facet normal 0.9426414910921822 -0.3338068592337604 0
    outer loop
      vertex 48.434928721783265 29.483281572999747 0
      vertex 48.51881395281343 29.72016615781744 0
      vertex 48.51881395281343 29.72016615781744 16
    endloop
  endfacet
  facet normal 0.9238795325112862 -0.38268343236509095 0
    outer loop
      vertex 48.51881395281343 29.72016615781744 0
      vertex 48.614981803315516 29.95233588676384 0
      vertex 48.614981803315516 29.95233588676384 16
    endloop
  endfacet
  facet normal 0.902585284349858 -0.43051109680830085 0
    outer loop
      vertex 48.614981803315516 29.95233588676384 0
      vertex 48.723168683895835 30.179154398749823 0
      vertex 48.723168683895835 30.179154398749823 16
    endloop
  endfacet
  facet normal 0.8788171126619652 -0.4771587602596088 0
    outer loop
      vertex 48.723168683895835 30.179154398749823 0
      vertex 48.843078061834696 30.4 0
      vertex 48.843078061834696 30.4 16
    endloop
  endfacet
  facet normal 0.852640164354096 -0.5224985647159427 0
    outer loop
      vertex 48.843078061834696 30.4 0
      vertex 48.974381273861965 30.61426736807213 0
      vertex 48.974381273861965 30.61426736807213 16
    endloop
  endfacet
  facet normal 0.8241261886220091 -0.5664062369248423 1.9775829881292013e-16
    outer loop
      vertex 48.974381273861965 30.61426736807213 0
      vertex 49 30.651542845906057 0
      vertex 49.11671842700025 30.82136921100387 16
    endloop
  endfacet
  facet normal 0.8241261886220178 -0.5664062369248295 0
    outer loop
      vertex 49 30.651542845906057 0
      vertex 49.11671842700025 30.82136921100387 0
      vertex 49.11671842700025 30.82136921100387 16
    endloop
  endfacet
  facet normal 0.7933533402912358 -0.6087614290087198 0
    outer loop
      vertex 49.11671842700025 30.82136921100387 0
      vertex 49.26969938500654 31.02073787703922 0
      vertex 49.26969938500654 31.02073787703922 16
    endloop
  endfacet
  facet normal 0.760405965600031 -0.6494480483301834 0
    outer loop
      vertex 49.26969938500654 31.02073787703922 0
      vertex 49.432904837708506 31.211826910522518 0
      vertex 49.432904837708506 31.211826910522518 16
    endloop
  endfacet
  facet normal 0.7253743710122881 -0.6883545756937535 0
    outer loop
      vertex 49.432904837708506 31.211826910522518 0
      vertex 49.60588745030457 31.39411254969543 0
      vertex 49.60588745030457 31.39411254969543 16
    endloop
  endfacet
  facet normal 0.6883545756937535 -0.7253743710122881 0
    outer loop
      vertex 49.60588745030457 31.39411254969543 0
      vertex 49.78817308947748 31.567095162291494 0
      vertex 49.78817308947748 31.567095162291494 16
    endloop
  endfacet
  facet normal 0.6494480483301766 -0.7604059656000371 0
    outer loop
      vertex 49.78817308947748 31.567095162291494 0
      vertex 49.97926212296078 31.73030061499346 0
      vertex 49.97926212296078 31.73030061499346 16
    endloop
  endfacet
  facet normal 0.6087614290087267 -0.7933533402912306 0
    outer loop
      vertex 49.97926212296078 31.73030061499346 0
      vertex 50.17863078899613 31.88328157299975 0
      vertex 50.17863078899613 31.88328157299975 16
    endloop
  endfacet
  facet normal 0.5664062369248253 -0.8241261886220209 0
    outer loop
      vertex 50.17863078899613 31.88328157299975 0
      vertex 50.38573263192787 32.025618726138035 0
      vertex 50.38573263192787 32.025618726138035 16
    endloop
  endfacet
  facet normal 0.5224985647159491 -0.8526401643540922 0
    outer loop
      vertex 50.38573263192787 32.025618726138035 0
      vertex 50.6 32.156921938165304 0
      vertex 50.6 32.156921938165304 16
    endloop
  endfacet
  facet normal 0.4771587602596088 -0.8788171126619652 0
    outer loop
      vertex 50.6 32.156921938165304 0
      vertex 50.82084560125018 32.276831316104165 0
      vertex 50.82084560125018 32.276831316104165 16
    endloop
  endfacet
  facet normal 0.43051109680830085 -0.902585284349858 0
    outer loop
      vertex 50.82084560125018 32.276831316104165 0
      vertex 51.04766411323616 32.385018196684484 0
      vertex 51.04766411323616 32.385018196684484 16
    endloop
  endfacet
  facet normal 0.38268343236509594 -0.9238795325112841 0
    outer loop
      vertex 51.04766411323616 32.385018196684484 0
      vertex 51.279833842182555 32.48118604718657 0
      vertex 51.279833842182555 32.48118604718657 16
    endloop
  endfacet
  facet normal 0.33380685923375153 -0.9426414910921853 0
    outer loop
      vertex 51.279833842182555 32.48118604718657 0
      vertex 51.51671842700026 32.565071278216735 0
      vertex 51.51671842700026 32.565071278216735 16
    endloop
  endfacet
  facet normal 0.28401534470393724 -0.9588197348681886 0
    outer loop
      vertex 51.51671842700026 32.565071278216735 0
      vertex 51.7576685835079 32.63644396618753 0
      vertex 51.7576685835079 32.63644396618753 16
    endloop
  endfacet
  facet normal 0.23344536385590675 -0.9723699203976763 0
    outer loop
      vertex 51.7576685835079 32.63644396618753 0
      vertex 52.00202388407476 32.69510848352227 0
      vertex 52.00202388407476 32.69510848352227 16
    endloop
  endfacet
  facet normal 0.18223552549214772 -0.9832549075639545 0
    outer loop
      vertex 52.00202388407476 32.69510848352227 0
      vertex 52.24911456780689 32.74090403485666 0
      vertex 52.24911456780689 32.74090403485666 16
    endloop
  endfacet
  facet normal 0.13052619222003933 -0.9914448613738119 0
    outer loop
      vertex 52.24911456780689 32.74090403485666 0
      vertex 52.498263376315265 32.77370509776771 0
      vertex 52.498263376315265 32.77370509776771 16
    endloop
  endfacet
  facet normal 0.07845909572783626 -0.9969173337331286 0
    outer loop
      vertex 52.498263376315265 32.77370509776771 0
      vertex 52.74878741003387 32.79342176682195 0
      vertex 52.74878741003387 32.79342176682195 16
    endloop
  endfacet
  facet normal 0.02617694830787892 -0.9996573249755571 0
    outer loop
      vertex 52.74878741003387 32.79342176682195 0
      vertex 53 32.8 0
      vertex 53 32.8 16
    endloop
  endfacet
  facet normal -0.02617694830787892 -0.9996573249755571 0
    outer loop
      vertex 53 32.8 0
      vertex 53.25121258996613 32.79342176682195 0
      vertex 53.25121258996613 32.79342176682195 16
    endloop
  endfacet
  facet normal -0.07845909572783626 -0.9969173337331286 0
    outer loop
      vertex 53.25121258996613 32.79342176682195 0
      vertex 53.501736623684735 32.77370509776771 0
      vertex 53.501736623684735 32.77370509776771 16
    endloop
  endfacet
  facet normal -0.13052619222003933 -0.9914448613738119 0
    outer loop
      vertex 53.501736623684735 32.77370509776771 0
      vertex 53.75088543219311 32.74090403485666 0
      vertex 53.75088543219311 32.74090403485666 16
    endloop
  endfacet
  facet normal -0.18223552549214772 -0.9832549075639545 0
    outer loop
      vertex 53.75088543219311 32.74090403485666 0
      vertex 53.99797611592524 32.69510848352227 0
      vertex 53.99797611592524 32.69510848352227 16
    endloop
  endfacet
  facet normal -0.23344536385590675 -0.9723699203976763 0
    outer loop
      vertex 53.99797611592524 32.69510848352227 0
      vertex 54.2423314164921 32.63644396618753 0
      vertex 54.2423314164921 32.63644396618753 16
    endloop
  endfacet
  facet normal -0.28401534470393724 -0.9588197348681886 0
    outer loop
      vertex 54.2423314164921 32.63644396618753 0
      vertex 54.48328157299974 32.565071278216735 0
      vertex 54.48328157299974 32.565071278216735 16
    endloop
  endfacet
  facet normal -0.33380685923375153 -0.9426414910921853 0
    outer loop
      vertex 54.48328157299974 32.565071278216735 0
      vertex 54.720166157817445 32.48118604718657 0
      vertex 54.720166157817445 32.48118604718657 16
    endloop
  endfacet
  facet normal 0.4771587602596088 0.8788171126619652 0
    outer loop
      vertex 50.82084560125018 23.723168683895835 0
      vertex 50.6 23.843078061834696 16
      vertex 50.82084560125018 23.723168683895835 16
    endloop
  endfacet
  facet normal 0.43051109680830085 0.902585284349858 0
    outer loop
      vertex 51.04766411323616 23.614981803315516 0
      vertex 50.82084560125018 23.723168683895835 16
      vertex 51.04766411323616 23.614981803315516 16
    endloop
  endfacet
  facet normal 0.6087614290087267 0.7933533402912306 0
    outer loop
      vertex 50.17863078899613 24.11671842700025 0
      vertex 49.97926212296078 24.26969938500654 16
      vertex 50.17863078899613 24.11671842700025 16
    endloop
  endfacet
  facet normal 0.6883545756937535 0.7253743710122881 0
    outer loop
      vertex 49.78817308947748 24.432904837708506 0
      vertex 49.60588745030457 24.60588745030457 16
      vertex 49.78817308947748 24.432904837708506 16
    endloop
  endfacet
  facet normal 0.6494480483301766 0.7604059656000371 0
    outer loop
      vertex 49.97926212296078 24.26969938500654 0
      vertex 49.78817308947748 24.432904837708506 16
      vertex 49.97926212296078 24.26969938500654 16
    endloop
  endfacet
  facet normal 0.5224985647159491 0.8526401643540922 0
    outer loop
      vertex 50.6 23.843078061834696 0
      vertex 50.38573263192787 23.974381273861965 16
      vertex 50.6 23.843078061834696 16
    endloop
  endfacet
  facet normal 0.5664062369248253 0.8241261886220209 0
    outer loop
      vertex 50.38573263192787 23.974381273861965 0
      vertex 50.17863078899613 24.11671842700025 16
      vertex 50.38573263192787 23.974381273861965 16
    endloop
  endfacet
  facet normal 0.23344536385590675 0.9723699203976763 0
    outer loop
      vertex 52.00202388407476 23.30489151647773 0
      vertex 51.7576685835079 23.363556033812472 16
      vertex 52.00202388407476 23.30489151647773 16
    endloop
  endfacet
  facet normal 0.38268343236509594 0.9238795325112841 0
    outer loop
      vertex 51.279833842182555 23.51881395281343 0
      vertex 51.04766411323616 23.614981803315516 16
      vertex 51.279833842182555 23.51881395281343 16
    endloop
  endfacet
  facet normal 0.33380685923375153 0.9426414910921853 0
    outer loop
      vertex 51.51671842700026 23.434928721783265 0
      vertex 51.279833842182555 23.51881395281343 16
      vertex 51.51671842700026 23.434928721783265 16
    endloop
  endfacet
  facet normal 0.28401534470393724 0.9588197348681886 0
    outer loop
      vertex 51.7576685835079 23.363556033812472 0
      vertex 51.51671842700026 23.434928721783265 16
      vertex 51.7576685835079 23.363556033812472 16
    endloop
  endfacet
  facet normal 0.18223552549214772 0.9832549075639545 0
    outer loop
      vertex 52.24911456780689 23.259095965143338 0
      vertex 52.00202388407476 23.30489151647773 16
      vertex 52.24911456780689 23.259095965143338 16
    endloop
  endfacet
  facet normal 0.13052619222003933 0.9914448613738119 0
    outer loop
      vertex 52.498263376315265 23.22629490223229 0
      vertex 52.24911456780689 23.259095965143338 16
      vertex 52.498263376315265 23.22629490223229 16
    endloop
  endfacet
  facet normal 0.07845909572785031 0.9969173337331275 0
    outer loop
      vertex 52.74878741003387 23.206578233178046 0
      vertex 52.498263376315265 23.22629490223229 16
      vertex 52.74878741003387 23.206578233178046 16
    endloop
  endfacet
  facet normal 0.02617694830787892 0.9996573249755571 0
    outer loop
      vertex 53 23.2 0
      vertex 52.74878741003387 23.206578233178046 16
      vertex 53 23.2 16
    endloop
  endfacet
  facet normal -0.02617694830787892 0.9996573249755571 0
    outer loop
      vertex 53.25121258996613 23.206578233178046 0
      vertex 53 23.2 16
      vertex 53.25121258996613 23.206578233178046 16
    endloop
  endfacet
  facet normal -0.07845909572785031 0.9969173337331275 0
    outer loop
      vertex 53.501736623684735 23.22629490223229 0
      vertex 53.25121258996613 23.206578233178046 16
      vertex 53.501736623684735 23.22629490223229 16
    endloop
  endfacet
  facet normal -0.13052619222003933 0.9914448613738119 0
    outer loop
      vertex 53.75088543219311 23.259095965143338 0
      vertex 53.501736623684735 23.22629490223229 16
      vertex 53.75088543219311 23.259095965143338 16
    endloop
  endfacet
  facet normal -0.18223552549214772 0.9832549075639545 0
    outer loop
      vertex 53.99797611592524 23.30489151647773 0
      vertex 53.75088543219311 23.259095965143338 16
      vertex 53.99797611592524 23.30489151647773 16
    endloop
  endfacet
  facet normal -0.23344536385590675 0.9723699203976763 0
    outer loop
      vertex 54.2423314164921 23.363556033812472 0
      vertex 53.99797611592524 23.30489151647773 16
      vertex 54.2423314164921 23.363556033812472 16
    endloop
  endfacet
  facet normal -0.28401534470393724 0.9588197348681886 0
    outer loop
      vertex 54.48328157299974 23.434928721783265 0
      vertex 54.2423314164921 23.363556033812472 16
      vertex 54.48328157299974 23.434928721783265 16
    endloop
  endfacet
  facet normal -0.33380685923375153 0.9426414910921853 0
    outer loop
      vertex 54.720166157817445 23.51881395281343 0
      vertex 54.48328157299974 23.434928721783265 16
      vertex 54.720166157817445 23.51881395281343 16
    endloop
  endfacet
  facet normal 0.760405965600031 0.6494480483301834 0
    outer loop
      vertex 49.432904837708506 24.788173089477482 0
      vertex 49.26969938500654 24.97926212296078 16
      vertex 49.432904837708506 24.788173089477482 16
    endloop
  endfacet
  facet normal 0.7933533402912358 0.6087614290087198 0
    outer loop
      vertex 49.26969938500654 24.97926212296078 0
      vertex 49.11671842700025 25.17863078899613 16
      vertex 49.26969938500654 24.97926212296078 16
    endloop
  endfacet
  facet normal 0.8526401643541 0.5224985647159364 1.1785183644667323e-16
    outer loop
      vertex 48.974381273861965 25.38573263192787 0
      vertex 48.843078061834696 25.6 16
      vertex 48.916141921170286 25.480770617875073 16
    endloop
  endfacet
  facet normal 0.8241261886220163 0.5664062369248318 0
    outer loop
      vertex 49.11671842700025 25.17863078899613 0
      vertex 48.974381273861965 25.38573263192787 16
      vertex 49.11671842700025 25.17863078899613 16
    endloop
  endfacet
  facet normal 0.8526401643540911 0.5224985647159508 0
    outer loop
      vertex 48.974381273861965 25.38573263192787 0
      vertex 48.916141921170286 25.480770617875073 16
      vertex 48.974381273861965 25.38573263192787 16
    endloop
  endfacet
  facet normal 0.8788171126619652 0.4771587602596088 0
    outer loop
      vertex 48.843078061834696 25.6 0
      vertex 48.723168683895835 25.820845601250177 16
      vertex 48.843078061834696 25.6 16
    endloop
  endfacet
  facet normal 0.902585284349858 0.43051109680830085 0
    outer loop
      vertex 48.723168683895835 25.820845601250177 0
      vertex 48.614981803315516 26.04766411323616 16
      vertex 48.723168683895835 25.820845601250177 16
    endloop
  endfacet
  facet normal 0.9238795325112862 0.38268343236509095 0
    outer loop
      vertex 48.614981803315516 26.04766411323616 0
      vertex 48.51881395281343 26.27983384218256 16
      vertex 48.614981803315516 26.04766411323616 16
    endloop
  endfacet
  facet normal 0.9426414910921822 0.3338068592337604 0
    outer loop
      vertex 48.51881395281343 26.27983384218256 0
      vertex 48.434928721783265 26.516718427000253 16
      vertex 48.51881395281343 26.27983384218256 16
    endloop
  endfacet
  facet normal 0.7253743710122881 0.6883545756937535 0
    outer loop
      vertex 49.60588745030457 24.60588745030457 0
      vertex 49.432904837708506 24.788173089477482 16
      vertex 49.60588745030457 24.60588745030457 16
    endloop
  endfacet
  facet normal 0.9588197348681898 0.2840153447039334 0
    outer loop
      vertex 48.434928721783265 26.516718427000253 0
      vertex 48.36355603381247 26.7576685835079 16
      vertex 48.434928721783265 26.516718427000253 16
    endloop
  endfacet
  facet normal 0.9723699203976756 0.23344536385590997 0
    outer loop
      vertex 48.36355603381247 26.7576685835079 0
      vertex 48.30489151647773 27.002023884074756 16
      vertex 48.36355603381247 26.7576685835079 16
    endloop
  endfacet
  facet normal 0.983254907563955 0.18223552549214517 0
    outer loop
      vertex 48.30489151647773 27.002023884074756 0
      vertex 48.25909596514334 27.249114567806892 16
      vertex 48.30489151647773 27.002023884074756 16
    endloop
  endfacet
  facet normal 0.9914448613738119 0.13052619222003933 0
    outer loop
      vertex 48.25909596514334 27.249114567806892 0
      vertex 48.22629490223229 27.498263376315265 16
      vertex 48.25909596514334 27.249114567806892 16
    endloop
  endfacet
  facet normal 0.9969173337331286 0.07845909572783626 0
    outer loop
      vertex 48.22629490223229 27.498263376315265 0
      vertex 48.20657823317805 27.74878741003387 16
      vertex 48.22629490223229 27.498263376315265 16
    endloop
  endfacet
  facet normal 0.9996573249755571 0.02617694830787892 0
    outer loop
      vertex 48.20657823317805 27.74878741003387 0
      vertex 48.2 28 16
      vertex 48.20657823317805 27.74878741003387 16
    endloop
  endfacet
  facet normal 0.9996573249755571 -0.02617694830787892 0
    outer loop
      vertex 48.2 28 0
      vertex 48.20657823317805 28.25121258996613 16
      vertex 48.2 28 16
    endloop
  endfacet
  facet normal 0.9969173337331286 -0.07845909572783626 0
    outer loop
      vertex 48.20657823317805 28.25121258996613 0
      vertex 48.22629490223229 28.501736623684735 16
      vertex 48.20657823317805 28.25121258996613 16
    endloop
  endfacet
  facet normal 0.9914448613738119 -0.13052619222003933 0
    outer loop
      vertex 48.22629490223229 28.501736623684735 0
      vertex 48.25909596514334 28.750885432193108 16
      vertex 48.22629490223229 28.501736623684735 16
    endloop
  endfacet
  facet normal 0.983254907563955 -0.18223552549214517 0
    outer loop
      vertex 48.25909596514334 28.750885432193108 0
      vertex 48.30489151647773 28.997976115925244 16
      vertex 48.25909596514334 28.750885432193108 16
    endloop
  endfacet
  facet normal 0.9723699203976756 -0.23344536385590997 0
    outer loop
      vertex 48.30489151647773 28.997976115925244 0
      vertex 48.36355603381247 29.2423314164921 16
      vertex 48.30489151647773 28.997976115925244 16
    endloop
  endfacet
  facet normal 0.9588197348681898 -0.2840153447039334 0
    outer loop
      vertex 48.36355603381247 29.2423314164921 0
      vertex 48.434928721783265 29.483281572999747 16
      vertex 48.36355603381247 29.2423314164921 16
    endloop
  endfacet
  facet normal 0.9426414910921822 -0.3338068592337604 0
    outer loop
      vertex 48.434928721783265 29.483281572999747 0
      vertex 48.51881395281343 29.72016615781744 16
      vertex 48.434928721783265 29.483281572999747 16
    endloop
  endfacet
  facet normal 0.9238795325112862 -0.38268343236509095 0
    outer loop
      vertex 48.51881395281343 29.72016615781744 0
      vertex 48.614981803315516 29.95233588676384 16
      vertex 48.51881395281343 29.72016615781744 16
    endloop
  endfacet
  facet normal 0.902585284349858 -0.43051109680830085 0
    outer loop
      vertex 48.614981803315516 29.95233588676384 0
      vertex 48.723168683895835 30.179154398749823 16
      vertex 48.614981803315516 29.95233588676384 16
    endloop
  endfacet
  facet normal 0.8788171126619765 -0.47715876025958814 0
    outer loop
      vertex 48.723168683895835 30.179154398749823 0
      vertex 48.78092284370278 30.285524328829588 16
      vertex 48.723168683895835 30.179154398749823 16
    endloop
  endfacet
  facet normal 0.8788171126619546 -0.47715876025962795 3.4291998480185945e-16
    outer loop
      vertex 48.723168683895835 30.179154398749823 0
      vertex 48.843078061834696 30.4 16
      vertex 48.78092284370278 30.285524328829588 16
    endloop
  endfacet
  facet normal 0.852640164354096 -0.5224985647159427 0
    outer loop
      vertex 48.843078061834696 30.4 0
      vertex 48.974381273861965 30.61426736807213 16
      vertex 48.843078061834696 30.4 16
    endloop
  endfacet
  facet normal 0.8241261886220163 -0.5664062369248318 0
    outer loop
      vertex 48.974381273861965 30.61426736807213 0
      vertex 49.11671842700025 30.82136921100387 16
      vertex 48.974381273861965 30.61426736807213 16
    endloop
  endfacet
  facet normal 0.7933533402912358 -0.6087614290087198 0
    outer loop
      vertex 49.11671842700025 30.82136921100387 0
      vertex 49.26969938500654 31.02073787703922 16
      vertex 49.11671842700025 30.82136921100387 16
    endloop
  endfacet
  facet normal 0.760405965600031 -0.6494480483301834 0
    outer loop
      vertex 49.26969938500654 31.02073787703922 0
      vertex 49.432904837708506 31.211826910522518 16
      vertex 49.26969938500654 31.02073787703922 16
    endloop
  endfacet
  facet normal 0.7253743710122881 -0.6883545756937535 0
    outer loop
      vertex 49.432904837708506 31.211826910522518 0
      vertex 49.60588745030457 31.39411254969543 16
      vertex 49.432904837708506 31.211826910522518 16
    endloop
  endfacet
  facet normal 0.6883545756937535 -0.7253743710122881 0
    outer loop
      vertex 49.60588745030457 31.39411254969543 0
      vertex 49.78817308947748 31.567095162291494 16
      vertex 49.60588745030457 31.39411254969543 16
    endloop
  endfacet
  facet normal 0.6494480483301766 -0.7604059656000371 0
    outer loop
      vertex 49.78817308947748 31.567095162291494 0
      vertex 49.97926212296078 31.73030061499346 16
      vertex 49.78817308947748 31.567095162291494 16
    endloop
  endfacet
  facet normal 0.6087614290087267 -0.7933533402912306 0
    outer loop
      vertex 49.97926212296078 31.73030061499346 0
      vertex 50.17863078899613 31.88328157299975 16
      vertex 49.97926212296078 31.73030061499346 16
    endloop
  endfacet
  facet normal 0.5664062369248253 -0.8241261886220209 0
    outer loop
      vertex 50.17863078899613 31.88328157299975 0
      vertex 50.38573263192787 32.025618726138035 16
      vertex 50.17863078899613 31.88328157299975 16
    endloop
  endfacet
  facet normal 0.5224985647159491 -0.8526401643540922 0
    outer loop
      vertex 50.38573263192787 32.025618726138035 0
      vertex 50.6 32.156921938165304 16
      vertex 50.38573263192787 32.025618726138035 16
    endloop
  endfacet
  facet normal 0.4771587602596088 -0.8788171126619652 0
    outer loop
      vertex 50.6 32.156921938165304 0
      vertex 50.82084560125018 32.276831316104165 16
      vertex 50.6 32.156921938165304 16
    endloop
  endfacet
  facet normal 0.43051109680830085 -0.902585284349858 0
    outer loop
      vertex 50.82084560125018 32.276831316104165 0
      vertex 51.04766411323616 32.385018196684484 16
      vertex 50.82084560125018 32.276831316104165 16
    endloop
  endfacet
  facet normal 0.38268343236509594 -0.9238795325112841 0
    outer loop
      vertex 51.04766411323616 32.385018196684484 0
      vertex 51.279833842182555 32.48118604718657 16
      vertex 51.04766411323616 32.385018196684484 16
    endloop
  endfacet
  facet normal 0.33380685923375153 -0.9426414910921853 0
    outer loop
      vertex 51.279833842182555 32.48118604718657 0
      vertex 51.51671842700026 32.565071278216735 16
      vertex 51.279833842182555 32.48118604718657 16
    endloop
  endfacet
  facet normal 0.28401534470393724 -0.9588197348681886 0
    outer loop
      vertex 51.51671842700026 32.565071278216735 0
      vertex 51.7576685835079 32.63644396618753 16
      vertex 51.51671842700026 32.565071278216735 16
    endloop
  endfacet
  facet normal 0.23344536385590675 -0.9723699203976763 0
    outer loop
      vertex 51.7576685835079 32.63644396618753 0
      vertex 52.00202388407476 32.69510848352227 16
      vertex 51.7576685835079 32.63644396618753 16
    endloop
  endfacet
  facet normal 0.18223552549214772 -0.9832549075639545 0
    outer loop
      vertex 52.00202388407476 32.69510848352227 0
      vertex 52.24911456780689 32.74090403485666 16
      vertex 52.00202388407476 32.69510848352227 16
    endloop
  endfacet
  facet normal 0.13052619222003933 -0.9914448613738119 0
    outer loop
      vertex 52.24911456780689 32.74090403485666 0
      vertex 52.498263376315265 32.77370509776771 16
      vertex 52.24911456780689 32.74090403485666 16
    endloop
  endfacet
  facet normal 0.07845909572783626 -0.9969173337331286 0
    outer loop
      vertex 52.498263376315265 32.77370509776771 0
      vertex 52.74878741003387 32.79342176682195 16
      vertex 52.498263376315265 32.77370509776771 16
    endloop
  endfacet
  facet normal 0.02617694830787892 -0.9996573249755571 0
    outer loop
      vertex 52.74878741003387 32.79342176682195 0
      vertex 53 32.8 16
      vertex 52.74878741003387 32.79342176682195 16
    endloop
  endfacet
  facet normal -0.02617694830787892 -0.9996573249755571 0
    outer loop
      vertex 53 32.8 0
      vertex 53.25121258996613 32.79342176682195 16
      vertex 53 32.8 16
    endloop
  endfacet
  facet normal -0.07845909572783626 -0.9969173337331286 0
    outer loop
      vertex 53.25121258996613 32.79342176682195 0
      vertex 53.501736623684735 32.77370509776771 16
      vertex 53.25121258996613 32.79342176682195 16
    endloop
  endfacet
  facet normal -0.13052619222003933 -0.9914448613738119 0
    outer loop
      vertex 53.501736623684735 32.77370509776771 0
      vertex 53.75088543219311 32.74090403485666 16
      vertex 53.501736623684735 32.77370509776771 16
    endloop
  endfacet
  facet normal -0.18223552549214772 -0.9832549075639545 0
    outer loop
      vertex 53.75088543219311 32.74090403485666 0
      vertex 53.99797611592524 32.69510848352227 16
      vertex 53.75088543219311 32.74090403485666 16
    endloop
  endfacet
  facet normal -0.28401534470393724 -0.9588197348681886 0
    outer loop
      vertex 54.2423314164921 32.63644396618753 0
      vertex 54.48328157299974 32.565071278216735 16
      vertex 54.2423314164921 32.63644396618753 16
    endloop
  endfacet
  facet normal -0.23344536385590675 -0.9723699203976763 0
    outer loop
      vertex 53.99797611592524 32.69510848352227 0
      vertex 54.2423314164921 32.63644396618753 16
      vertex 53.99797611592524 32.69510848352227 16
    endloop
  endfacet
  facet normal -0.33380685923375153 -0.9426414910921853 0
    outer loop
      vertex 54.48328157299974 32.565071278216735 0
      vertex 54.720166157817445 32.48118604718657 16
      vertex 54.48328157299974 32.565071278216735 16
    endloop
  endfacet
  facet normal -0.38268343236509594 -0.9238795325112841 0
    outer loop
      vertex 54.720166157817445 32.48118604718657 0
      vertex 54.95233588676384 32.385018196684484 16
      vertex 54.720166157817445 32.48118604718657 16
    endloop
  endfacet
  facet normal -0.43051109680830085 0.902585284349858 0
    outer loop
      vertex 54.95233588676384 23.614981803315516 0
      vertex 54.95233588676384 23.614981803315516 16
      vertex 55.17915439874982 23.723168683895835 0
    endloop
  endfacet
  facet normal -0.4771587602596088 0.8788171126619652 0
    outer loop
      vertex 55.17915439874982 23.723168683895835 0
      vertex 55.17915439874982 23.723168683895835 16
      vertex 55.4 23.843078061834696 0
    endloop
  endfacet
  facet normal -0.5224985647159365 0.8526401643541 0
    outer loop
      vertex 55.4 23.843078061834696 0
      vertex 55.4 23.843078061834696 16
      vertex 55.614267368072134 23.974381273861965 0
    endloop
  endfacet
  facet normal -0.5664062369248385 0.8241261886220117 0
    outer loop
      vertex 55.614267368072134 23.974381273861965 0
      vertex 55.614267368072134 23.974381273861965 16
      vertex 55.82136921100387 24.11671842700025 0
    endloop
  endfacet
  facet normal -0.6087614290087129 0.793353340291241 0
    outer loop
      vertex 55.82136921100387 24.11671842700025 0
      vertex 55.82136921100387 24.11671842700025 16
      vertex 56.020737877039224 24.26969938500654 0
    endloop
  endfacet
  facet normal -0.6494480483301904 0.7604059656000252 0
    outer loop
      vertex 56.020737877039224 24.26969938500654 0
      vertex 56.020737877039224 24.26969938500654 16
      vertex 56.21182691052252 24.432904837708506 0
    endloop
  endfacet
  facet normal -0.6883545756937535 0.7253743710122881 0
    outer loop
      vertex 56.21182691052252 24.432904837708506 0
      vertex 56.21182691052252 24.432904837708506 16
      vertex 56.39411254969543 24.60588745030457 0
    endloop
  endfacet
  facet normal -0.7253743710122881 0.6883545756937535 0
    outer loop
      vertex 56.39411254969543 24.60588745030457 0
      vertex 56.39411254969543 24.60588745030457 16
      vertex 56.567095162291494 24.788173089477482 0
    endloop
  endfacet
  facet normal -0.760405965600031 0.6494480483301834 0
    outer loop
      vertex 56.567095162291494 24.788173089477482 0
      vertex 56.567095162291494 24.788173089477482 16
      vertex 56.73030061499346 24.97926212296078 0
    endloop
  endfacet
  facet normal -0.7933533402912358 0.6087614290087198 0
    outer loop
      vertex 56.73030061499346 24.97926212296078 0
      vertex 56.73030061499346 24.97926212296078 16
      vertex 56.88328157299975 25.17863078899613 0
    endloop
  endfacet
  facet normal -0.8241261886220163 0.5664062369248318 0
    outer loop
      vertex 56.88328157299975 25.17863078899613 0
      vertex 56.88328157299975 25.17863078899613 16
      vertex 57.025618726138035 25.38573263192787 0
    endloop
  endfacet
  facet normal -0.852640164354096 0.5224985647159427 0
    outer loop
      vertex 57.025618726138035 25.38573263192787 0
      vertex 57.025618726138035 25.38573263192787 16
      vertex 57.156921938165304 25.6 0
    endloop
  endfacet
  facet normal -0.8788220048580194 0.477149749845194 0
    outer loop
      vertex 57.156921938165304 25.6 0
      vertex 57.156921938165304 25.6 16
      vertex 57.156921938268056 25.60000000018925 0
    endloop
  endfacet
  facet normal -0.7253743710122881 -0.6883545756937535 0
    outer loop
      vertex 56.567095162291494 31.211826910522518 0
      vertex 56.567095162291494 31.211826910522518 16
      vertex 56.39411254969543 31.39411254969543 0
    endloop
  endfacet
  facet normal -0.6883545756937535 -0.7253743710122881 0
    outer loop
      vertex 56.39411254969543 31.39411254969543 0
      vertex 56.39411254969543 31.39411254969543 16
      vertex 56.21182691052252 31.567095162291494 0
    endloop
  endfacet
  facet normal -0.8241261886220163 -0.5664062369248318 0
    outer loop
      vertex 57.025618726138035 30.61426736807213 0
      vertex 57.025618726138035 30.61426736807213 16
      vertex 56.88328157299975 30.82136921100387 0
    endloop
  endfacet
  facet normal -0.8788220048580194 -0.477149749845194 0
    outer loop
      vertex 57.156921938165304 30.4 0
      vertex 57.156921938268056 30.39999999981075 0
      vertex 57.156921938268056 30.39999999981075 16
    endloop
  endfacet
  facet normal -0.852640164354096 -0.5224985647159427 0
    outer loop
      vertex 57.025618726138035 30.61426736807213 0
      vertex 57.156921938165304 30.4 0
      vertex 57.156921938165304 30.4 16
    endloop
  endfacet
  facet normal -0.7933533402912358 -0.6087614290087198 0
    outer loop
      vertex 56.88328157299975 30.82136921100387 0
      vertex 56.88328157299975 30.82136921100387 16
      vertex 56.73030061499346 31.02073787703922 0
    endloop
  endfacet
  facet normal -0.760405965600031 -0.6494480483301834 0
    outer loop
      vertex 56.567095162291494 31.211826910522518 0
      vertex 56.73030061499346 31.02073787703922 0
      vertex 56.73030061499346 31.02073787703922 16
    endloop
  endfacet
  facet normal -0.43051109680830085 -0.902585284349858 0
    outer loop
      vertex 54.95233588676384 32.385018196684484 0
      vertex 55.17915439874982 32.276831316104165 0
      vertex 55.17915439874982 32.276831316104165 16
    endloop
  endfacet
  facet normal -0.5224985647159365 -0.8526401643541 0
    outer loop
      vertex 55.4 32.156921938165304 0
      vertex 55.614267368072134 32.025618726138035 0
      vertex 55.614267368072134 32.025618726138035 16
    endloop
  endfacet
  facet normal -0.4771587602596088 -0.8788171126619652 0
    outer loop
      vertex 55.17915439874982 32.276831316104165 0
      vertex 55.4 32.156921938165304 0
      vertex 55.4 32.156921938165304 16
    endloop
  endfacet
  facet normal -0.6494480483301904 -0.7604059656000252 0
    outer loop
      vertex 56.020737877039224 31.73030061499346 0
      vertex 56.21182691052252 31.567095162291494 0
      vertex 56.21182691052252 31.567095162291494 16
    endloop
  endfacet
  facet normal -0.5664062369248385 -0.8241261886220117 0
    outer loop
      vertex 55.614267368072134 32.025618726138035 0
      vertex 55.82136921100387 31.88328157299975 0
      vertex 55.82136921100387 31.88328157299975 16
    endloop
  endfacet
  facet normal -0.6087614290087129 -0.793353340291241 0
    outer loop
      vertex 56.020737877039224 31.73030061499346 0
      vertex 56.020737877039224 31.73030061499346 16
      vertex 55.82136921100387 31.88328157299975 0
    endloop
  endfacet
  facet normal -0.38268343236509594 -0.9238795325112841 0
    outer loop
      vertex 54.720166157817445 32.48118604718657 0
      vertex 54.95233588676384 32.385018196684484 0
      vertex 54.95233588676384 32.385018196684484 16
    endloop
  endfacet
  facet normal -0.38268343236509594 0.9238795325112841 0
    outer loop
      vertex 54.95233588676384 23.614981803315516 0
      vertex 54.720166157817445 23.51881395281343 16
      vertex 54.95233588676384 23.614981803315516 16
    endloop
  endfacet
  facet normal -0.43051109680830085 0.902585284349858 0
    outer loop
      vertex 55.17915439874982 23.723168683895835 0
      vertex 54.95233588676384 23.614981803315516 16
      vertex 55.17915439874982 23.723168683895835 16
    endloop
  endfacet
  facet normal -0.4771587602596088 0.8788171126619652 0
    outer loop
      vertex 55.4 23.843078061834696 0
      vertex 55.17915439874982 23.723168683895835 16
      vertex 55.4 23.843078061834696 16
    endloop
  endfacet
  facet normal -0.5224985647159365 0.8526401643541 0
    outer loop
      vertex 55.614267368072134 23.974381273861965 0
      vertex 55.4 23.843078061834696 16
      vertex 55.614267368072134 23.974381273861965 16
    endloop
  endfacet
  facet normal -0.5664062369248385 0.8241261886220117 0
    outer loop
      vertex 55.82136921100387 24.11671842700025 0
      vertex 55.614267368072134 23.974381273861965 16
      vertex 55.82136921100387 24.11671842700025 16
    endloop
  endfacet
  facet normal -0.6087614290087129 0.793353340291241 0
    outer loop
      vertex 56.020737877039224 24.26969938500654 0
      vertex 55.82136921100387 24.11671842700025 16
      vertex 56.020737877039224 24.26969938500654 16
    endloop
  endfacet
  facet normal -0.6494480483301904 0.7604059656000252 0
    outer loop
      vertex 56.21182691052252 24.432904837708506 0
      vertex 56.020737877039224 24.26969938500654 16
      vertex 56.21182691052252 24.432904837708506 16
    endloop
  endfacet
  facet normal -0.6883545756937535 0.7253743710122881 0
    outer loop
      vertex 56.39411254969543 24.60588745030457 0
      vertex 56.21182691052252 24.432904837708506 16
      vertex 56.39411254969543 24.60588745030457 16
    endloop
  endfacet
  facet normal -0.7253743710122881 0.6883545756937535 0
    outer loop
      vertex 56.567095162291494 24.788173089477482 0
      vertex 56.39411254969543 24.60588745030457 16
      vertex 56.567095162291494 24.788173089477482 16
    endloop
  endfacet
  facet normal -0.760405965600031 0.6494480483301834 0
    outer loop
      vertex 56.73030061499346 24.97926212296078 0
      vertex 56.567095162291494 24.788173089477482 16
      vertex 56.73030061499346 24.97926212296078 16
    endloop
  endfacet
  facet normal -0.7933533402912358 0.6087614290087198 0
    outer loop
      vertex 56.88328157299975 25.17863078899613 0
      vertex 56.73030061499346 24.97926212296078 16
      vertex 56.88328157299975 25.17863078899613 16
    endloop
  endfacet
  facet normal -0.8241261886220163 0.5664062369248318 0
    outer loop
      vertex 57.025618726138035 25.38573263192787 0
      vertex 56.88328157299975 25.17863078899613 16
      vertex 57.025618726138035 25.38573263192787 16
    endloop
  endfacet
  facet normal -0.852640164354096 0.5224985647159427 0
    outer loop
      vertex 57.156921938165304 25.6 0
      vertex 57.025618726138035 25.38573263192787 16
      vertex 57.156921938165304 25.6 16
    endloop
  endfacet
  facet normal -0.8788220048580194 0.477149749845194 0
    outer loop
      vertex 57.156921938268056 25.60000000018925 0
      vertex 57.156921938165304 25.6 16
      vertex 57.156921938268056 25.60000000018925 16
    endloop
  endfacet
  facet normal -0.7253743710122881 -0.6883545756937535 0
    outer loop
      vertex 56.39411254969543 31.39411254969543 0
      vertex 56.567095162291494 31.211826910522518 16
      vertex 56.39411254969543 31.39411254969543 16
    endloop
  endfacet
  facet normal -0.6883545756937535 -0.7253743710122881 0
    outer loop
      vertex 56.21182691052252 31.567095162291494 0
      vertex 56.39411254969543 31.39411254969543 16
      vertex 56.21182691052252 31.567095162291494 16
    endloop
  endfacet
  facet normal -0.8788220048580194 -0.477149749845194 0
    outer loop
      vertex 57.156921938165304 30.4 0
      vertex 57.156921938268056 30.39999999981075 16
      vertex 57.156921938165304 30.4 16
    endloop
  endfacet
  facet normal -0.852640164354096 -0.5224985647159427 0
    outer loop
      vertex 57.025618726138035 30.61426736807213 0
      vertex 57.156921938165304 30.4 16
      vertex 57.025618726138035 30.61426736807213 16
    endloop
  endfacet
  facet normal -0.8241261886220163 -0.5664062369248318 0
    outer loop
      vertex 56.88328157299975 30.82136921100387 0
      vertex 57.025618726138035 30.61426736807213 16
      vertex 56.88328157299975 30.82136921100387 16
    endloop
  endfacet
  facet normal -0.7933533402912358 -0.6087614290087198 0
    outer loop
      vertex 56.73030061499346 31.02073787703922 0
      vertex 56.88328157299975 30.82136921100387 16
      vertex 56.73030061499346 31.02073787703922 16
    endloop
  endfacet
  facet normal -0.760405965600031 -0.6494480483301834 0
    outer loop
      vertex 56.567095162291494 31.211826910522518 0
      vertex 56.73030061499346 31.02073787703922 16
      vertex 56.567095162291494 31.211826910522518 16
    endloop
  endfacet
  facet normal -0.5664062369248385 -0.8241261886220117 0
    outer loop
      vertex 55.614267368072134 32.025618726138035 0
      vertex 55.82136921100387 31.88328157299975 16
      vertex 55.614267368072134 32.025618726138035 16
    endloop
  endfacet
  facet normal -0.43051109680830085 -0.902585284349858 0
    outer loop
      vertex 54.95233588676384 32.385018196684484 0
      vertex 55.17915439874982 32.276831316104165 16
      vertex 54.95233588676384 32.385018196684484 16
    endloop
  endfacet
  facet normal -0.4771587602596088 -0.8788171126619652 0
    outer loop
      vertex 55.17915439874982 32.276831316104165 0
      vertex 55.4 32.156921938165304 16
      vertex 55.17915439874982 32.276831316104165 16
    endloop
  endfacet
  facet normal -0.5224985647159365 -0.8526401643541 0
    outer loop
      vertex 55.4 32.156921938165304 0
      vertex 55.614267368072134 32.025618726138035 16
      vertex 55.4 32.156921938165304 16
    endloop
  endfacet
  facet normal -0.6494480483301904 -0.7604059656000252 0
    outer loop
      vertex 56.020737877039224 31.73030061499346 0
      vertex 56.21182691052252 31.567095162291494 16
      vertex 56.020737877039224 31.73030061499346 16
    endloop
  endfacet
  facet normal -0.6087614290087129 -0.793353340291241 0
    outer loop
      vertex 55.82136921100387 31.88328157299975 0
      vertex 56.020737877039224 31.73030061499346 16
      vertex 55.82136921100387 31.88328157299975 16
    endloop
  endfacet
  facet normal 0.49999999996115907 0.8660254038068634 0
    outer loop
      vertex 58.888972745879755 24.600000000268103 0
      vertex 57.156921938268056 25.60000000018925 0
      vertex 58.888972745879755 24.600000000268103 16
    endloop
  endfacet
  facet normal 0.49999999996115907 -0.8660254038068634 0
    outer loop
      vertex 57.156921938268056 30.39999999981075 0
      vertex 58.888972745879755 31.399999999731897 0
      vertex 57.156921938268056 30.39999999981075 16
    endloop
  endfacet
  facet normal 0.49999999996115907 0.8660254038068634 0
    outer loop
      vertex 57.156921938268056 25.60000000018925 0
      vertex 57.156921938268056 25.60000000018925 16
      vertex 58.888972745879755 24.600000000268103 16
    endloop
  endfacet
  facet normal 0.49999999996115907 -0.8660254038068634 0
    outer loop
      vertex 58.888972745879755 31.399999999731897 0
      vertex 58.888972745879755 31.399999999731897 16
      vertex 57.156921938268056 30.39999999981075 16
    endloop
  endfacet
  facet normal 0 0 -1
    outer loop
      vertex 58.02939190526116 -17.998331788605032 0
      vertex 59.1 -14.029611541307904 0
      vertex 58.98391980986884 -18.453618244380536 0
    endloop
  endfacet
  facet normal 0 0 -1
    outer loop
      vertex 59.96096741918493 -18.858324615243475 0
      vertex 58.98391980986884 -18.453618244380536 0
      vertex 60.610866382172034 -14.799436413810133 0
    endloop
  endfacet
  facet normal 0 0 -1
    outer loop
      vertex 59.96096741918493 -18.858324615243475 0
      vertex 61.394439217366134 -15.124002909254667 0
      vertex 60.95785671362606 -19.2113416291621 0
    endloop
  endfacet
  facet normal 0 0 -1
    outer loop
      vertex 61.97185528892908 -19.51170169103918 0
      vertex 60.95785671362606 -19.2113416291621 0
      vertex 62.19392469112585 -15.407115563981487 0
    endloop
  endfacet
  facet normal 0 0 -1
    outer loop
      vertex 57 -17.432433077631664 0
      vertex 57.677878912861935 -13.106075308874148 0
      vertex 57.1 -17.493713156445658 0
    endloop
  endfacet
  facet normal 0 0 -1
    outer loop
      vertex 58.02939190526116 -17.998331788605032 0
      vertex 57.1 -17.493713156445658 0
      vertex 58.376847632756565 -13.586463200715869 0
    endloop
  endfacet
  facet normal 0 0 -1
    outer loop
      vertex 57 -17.432433077631664 0
      vertex 57 -12.585485917492075 0
      vertex 57.005009664992635 -12.589764575602928 0
    endloop
  endfacet
  facet normal 0 0 -1
    outer loop
      vertex 57 -17.432433077631664 0
      vertex 57.005009664992635 -12.589764575602928 0
      vertex 57.677878912861935 -13.106075308874148 0
    endloop
  endfacet
  facet normal 0 0 -1
    outer loop
      vertex 57.1 -17.493713156445658 0
      vertex 57.677878912861935 -13.106075308874148 0
      vertex 58.376847632756565 -13.586463200715869 0
    endloop
  endfacet
  facet normal 0 0 -1
    outer loop
      vertex 58.98391980986884 -18.453618244380536 0
      vertex 59.845353904219344 -14.43430569185156 0
      vertex 60.610866382172034 -14.799436413810133 0
    endloop
  endfacet
  facet normal 0 0 -1
    outer loop
      vertex 58.98391980986884 -18.453618244380536 0
      vertex 59.1 -14.029611541307904 0
      vertex 59.845353904219344 -14.43430569185156 0
    endloop
  endfacet
  facet normal 0 0 -1
    outer loop
      vertex 58.02939190526116 -17.998331788605032 0
      vertex 58.376847632756565 -13.586463200715869 0
      vertex 59.1 -14.029611541307904 0
    endloop
  endfacet
  facet normal 0 0 -1
    outer loop
      vertex 59.96096741918493 -18.858324615243475 0
      vertex 60.610866382172034 -14.799436413810133 0
      vertex 61.394439217366134 -15.124002909254667 0
    endloop
  endfacet
  facet normal 0 0 -1
    outer loop
      vertex 60.95785671362606 -19.2113416291621 0
      vertex 61.394439217366134 -15.124002909254667 0
      vertex 62.19392469112585 -15.407115563981487 0
    endloop
  endfacet
  facet normal 0 0 -1
    outer loop
      vertex 63.00018384548126 -19.758581534822873 0
      vertex 64.66576166634826 -16.00055111764123 0
      vertex 64.04002380618734 -19.951304480021783 0
    endloop
  endfacet
  facet normal 0 0 -1
    outer loop
      vertex 64.04002380618734 -19.951304480021783 0
      vertex 65.50663889506401 -16.111254704966026 0
      vertex 65.08852504199339 -20.08934228643912 0
    endloop
  endfacet
  facet normal 0 0 -1
    outer loop
      vertex 61.97185528892908 -19.51170169103918 0
      vertex 63.007131469339164 -15.647998385882905 0
      vertex 63.00018384548126 -19.758581534822873 0
    endloop
  endfacet
  facet normal 0 0 -1
    outer loop
      vertex 61.97185528892908 -19.51170169103918 0
      vertex 62.19392469112585 -15.407115563981487 0
      vertex 63.007131469339164 -15.647998385882905 0
    endloop
  endfacet
  facet normal 0 0 -1
    outer loop
      vertex 63.00018384548126 -19.758581534822873 0
      vertex 63.8318306087523 -15.84599113188765 0
      vertex 64.66576166634826 -16.00055111764123 0
    endloop
  endfacet
  facet normal 0 0 -1
    outer loop
      vertex 63.00018384548126 -19.758581534822873 0
      vertex 63.007131469339164 -15.647998385882905 0
      vertex 63.8318306087523 -15.84599113188765 0
    endloop
  endfacet
  facet normal 0 0 -1
    outer loop
      vertex 64.04002380618734 -19.951304480021783 0
      vertex 64.66576166634826 -16.00055111764123 0
      vertex 65.50663889506401 -16.111254704966026 0
    endloop
  endfacet
  facet normal 0 0 -1
    outer loop
      vertex 65.08852504199339 -20.08934228643912 0
      vertex 65.50663889506401 -16.111254704966026 0
      vertex 66.35215750886431 -16.177798463024097 0
    endloop
  endfacet
  facet normal 0 0 -1
    outer loop
      vertex 65.08852504199339 -20.08934228643912 0
      vertex 66.35215750886431 -16.177798463024097 0
      vertex 66.14281368389254 -20.17231660204239 0
    endloop
  endfacet
  facet normal 0 0 -1
    outer loop
      vertex 66.14281368389254 -20.17231660204239 0
      vertex 66.35215750886431 -16.177798463024097 0
      vertex 67.2 -20.2 0
    endloop
  endfacet
  facet normal 0 0 -1
    outer loop
      vertex 67.2 -20.2 0
      vertex 68.0478424911357 -16.177798463024097 0
      vertex 68.25718631610746 -20.17231660204239 0
    endloop
  endfacet
  facet normal 0 0 -1
    outer loop
      vertex 68.25718631610746 -20.17231660204239 0
      vertex 68.89336110493599 -16.111254704966026 0
      vertex 69.3114749580066 -20.08934228643912 0
    endloop
  endfacet
  facet normal 0 0 -1
    outer loop
      vertex 67.2 -20.2 0
      vertex 66.35215750886431 -16.177798463024097 0
      vertex 67.2 -16.2 0
    endloop
  endfacet
  facet normal 0 0 -1
    outer loop
      vertex 67.2 -20.2 0
      vertex 67.2 -16.2 0
      vertex 68.0478424911357 -16.177798463024097 0
    endloop
  endfacet
  facet normal 0 0 -1
    outer loop
      vertex 68.25718631610746 -20.17231660204239 0
      vertex 68.0478424911357 -16.177798463024097 0
      vertex 68.89336110493599 -16.111254704966026 0
    endloop
  endfacet
  facet normal 0 0 -1
    outer loop
      vertex 69.3114749580066 -20.08934228643912 0
      vertex 69.73423833365175 -16.00055111764123 0
      vertex 70.35997619381266 -19.951304480021783 0
    endloop
  endfacet
  facet normal 0 0 -1
    outer loop
      vertex 70.35997619381266 -19.951304480021783 0
      vertex 70.5681693912477 -15.84599113188765 0
      vertex 71.39981615451873 -19.758581534822873 0
    endloop
  endfacet
  facet normal 0 0 -1
    outer loop
      vertex 68.89336110493599 -16.111254704966026 0
      vertex 69.73423833365175 -16.00055111764123 0
      vertex 69.3114749580066 -20.08934228643912 0
    endloop
  endfacet
  facet normal 0 0 -1
    outer loop
      vertex 70.35997619381266 -19.951304480021783 0
      vertex 69.73423833365175 -16.00055111764123 0
      vertex 70.5681693912477 -15.84599113188765 0
    endloop
  endfacet
  facet normal 0 0 -1
    outer loop
      vertex 71.39981615451873 -19.758581534822873 0
      vertex 72.20607530887415 -15.407115563981487 0
      vertex 72.42814471107091 -19.51170169103918 0
    endloop
  endfacet
  facet normal 0 0 -1
    outer loop
      vertex 71.39981615451873 -19.758581534822873 0
      vertex 70.5681693912477 -15.84599113188765 0
      vertex 71.39286853066083 -15.647998385882905 0
    endloop
  endfacet
  facet normal 0 0 -1
    outer loop
      vertex 71.39981615451873 -19.758581534822873 0
      vertex 71.39286853066083 -15.647998385882905 0
      vertex 72.20607530887415 -15.407115563981487 0
    endloop
  endfacet
  facet normal 0 0 -1
    outer loop
      vertex 72.42814471107091 -19.51170169103918 0
      vertex 73.00556078263386 -15.124002909254667 0
      vertex 73.44214328637393 -19.2113416291621 0
    endloop
  endfacet
  facet normal 0 0 -1
    outer loop
      vertex 73.44214328637393 -19.2113416291621 0
      vertex 73.78913361782796 -14.799436413810133 0
      vertex 74.43903258081507 -18.858324615243475 0
    endloop
  endfacet
  facet normal 0 0 -1
    outer loop
      vertex 74.43903258081507 -18.858324615243475 0
      vertex 75.3 -14.029611541307904 0
      vertex 75.41608019013117 -18.453618244380536 0
    endloop
  endfacet
  facet normal 0 0 -1
    outer loop
      vertex 72.42814471107091 -19.51170169103918 0
      vertex 72.20607530887415 -15.407115563981487 0
      vertex 73.00556078263386 -15.124002909254667 0
    endloop
  endfacet
  facet normal 0 0 -1
    outer loop
      vertex 73.44214328637393 -19.2113416291621 0
      vertex 73.00556078263386 -15.124002909254667 0
      vertex 73.78913361782796 -14.799436413810133 0
    endloop
  endfacet
  facet normal 0 0 -1
    outer loop
      vertex 74.43903258081507 -18.858324615243475 0
      vertex 73.78913361782796 -14.799436413810133 0
      vertex 74.55464609578065 -14.43430569185156 0
    endloop
  endfacet
  facet normal 0 0 -1
    outer loop
      vertex 75.41608019013117 -18.453618244380536 0
      vertex 76.02315236724344 -13.586463200715869 0
      vertex 76.37060809473884 -17.998331788605032 0
    endloop
  endfacet
  facet normal 0 0 -1
    outer loop
      vertex 74.43903258081507 -18.858324615243475 0
      vertex 74.55464609578065 -14.43430569185156 0
      vertex 75.3 -14.029611541307904 0
    endloop
  endfacet
  facet normal 0 0 -1
    outer loop
      vertex 75.41608019013117 -18.453618244380536 0
      vertex 75.3 -14.029611541307904 0
      vertex 76.02315236724344 -13.586463200715869 0
    endloop
  endfacet
  facet normal 0 0 -1
    outer loop
      vertex 76.37060809473884 -17.998331788605032 0
      vertex 76.02315236724344 -13.586463200715869 0
      vertex 76.72212108713806 -13.106075308874148 0
    endloop
  endfacet
  facet normal 0 0 -1
    outer loop
      vertex 76.37060809473884 -17.998331788605032 0
      vertex 76.72212108713806 -13.106075308874148 0
      vertex 77.3 -17.493713156445658 0
    endloop
  endfacet
  facet normal 0 0 -1
    outer loop
      vertex 77.3 -17.493713156445658 0
      vertex 78.0399158230135 -12.038946172733786 0
      vertex 78.20170850730355 -16.941145472497567 0
    endloop
  endfacet
  facet normal 0 0 -1
    outer loop
      vertex 77.3 -17.493713156445658 0
      vertex 76.72212108713806 -13.106075308874148 0
      vertex 77.39499033500736 -12.589764575602928 0
    endloop
  endfacet
  facet normal 0 0 -1
    outer loop
      vertex 77.3 -17.493713156445658 0
      vertex 77.39499033500736 -12.589764575602928 0
      vertex 78.0399158230135 -12.038946172733786 0
    endloop
  endfacet
  facet normal 0 0 -1
    outer loop
      vertex 78.20170850730355 -16.941145472497567 0
      vertex 78.0399158230135 -12.038946172733786 0
      vertex 78.65512985522207 -11.45512985522207 0
    endloop
  endfacet
  facet normal 0 0 -1
    outer loop
      vertex 78.20170850730355 -16.941145472497567 0
      vertex 78.65512985522207 -11.45512985522207 0
      vertex 79.07326209630796 -16.342143286373936 0
    endloop
  endfacet
  facet normal 0 0 -1
    outer loop
      vertex 79.07326209630796 -16.342143286373936 0
      vertex 79.23894617273379 -10.839915823013502 0
      vertex 79.91227189920671 -15.698348421430811 0
    endloop
  endfacet
  facet normal 0 0 -1
    outer loop
      vertex 79.91227189920671 -15.698348421430811 0
      vertex 80.30607530887414 -9.522121087138064 0
      vertex 80.71643824844894 -15.011525474643364 0
    endloop
  endfacet
  facet normal 0 0 -1
    outer loop
      vertex 80.71643824844894 -15.011525474643364 0
      vertex 83.7418309582398 -11.582714730828544 0
      vertex 81.48355697996826 -14.28355697996826 0
    endloop
  endfacet
  facet normal 0 0 -1
    outer loop
      vertex 79.07326209630796 -16.342143286373936 0
      vertex 78.65512985522207 -11.45512985522207 0
      vertex 79.23894617273379 -10.839915823013502 0
    endloop
  endfacet
  facet normal 0 0 -1
    outer loop
      vertex 79.91227189920671 -15.698348421430811 0
      vertex 79.23894617273379 -10.839915823013502 0
      vertex 79.78976457560293 -10.194990335007365 0
    endloop
  endfacet
  facet normal 0 0 -1
    outer loop
      vertex 79.91227189920671 -15.698348421430811 0
      vertex 79.78976457560293 -10.194990335007365 0
      vertex 80.30607530887414 -9.522121087138064 0
    endloop
  endfacet
  facet normal 0 0 -1
    outer loop
      vertex 80.71643824844894 -15.011525474643364 0
      vertex 80.30607530887414 -9.522121087138064 0
      vertex 83.7418309582398 -11.582714730828544 0
    endloop
  endfacet
  facet normal 0 0 -1
    outer loop
      vertex 81.48355697996826 -14.28355697996826 0
      vertex 83.7418309582398 -11.582714730828544 0
      vertex 82.21152547464337 -13.516438248448935 0
    endloop
  endfacet
  facet normal 0 0 -1
    outer loop
      vertex 82.21152547464337 -13.516438248448935 0
      vertex 83.7418309582398 -11.582714730828544 0
      vertex 82.89834842143081 -12.712271899206716 0
    endloop
  endfacet
  facet normal 0 0 -1
    outer loop
      vertex 82.89834842143081 -12.712271899206716 0
      vertex 83.7418309582398 -11.582714730828544 0
      vertex 83.54214328637394 -11.873262096307958 0
    endloop
  endfacet
  facet normal 0 0 -1
    outer loop
      vertex 83.7418309582398 -11.582714730828544 0
      vertex 80.30607530887414 -9.522121087138064 0
      vertex 80.46622086749925 -9.289107853436754 0
    endloop
  endfacet
  facet normal -0.47715876025961124 -0.8788171126619639 0
    outer loop
      vertex 58.02939190526116 -17.998331788605032 0
      vertex 58.02939190526116 -17.998331788605032 22
      vertex 57.1 -17.493713156445658 0
    endloop
  endfacet
  facet normal -0.5224985647159457 -0.8526401643540942 0
    outer loop
      vertex 57 -17.432433077631664 0
      vertex 57.1 -17.493713156445658 0
      vertex 57.1 -17.493713156445658 22
    endloop
  endfacet
  facet normal -0.3826834323650927 -0.9238795325112854 0
    outer loop
      vertex 59.96096741918493 -18.858324615243475 0
      vertex 59.96096741918493 -18.858324615243475 22
      vertex 58.98391980986884 -18.453618244380536 0
    endloop
  endfacet
  facet normal -0.2840153447039237 -0.9588197348681927 0
    outer loop
      vertex 61.97185528892908 -19.51170169103918 0
      vertex 61.97185528892908 -19.51170169103918 22
      vertex 60.95785671362606 -19.2113416291621 0
    endloop
  endfacet
  facet normal -0.3338068592337692 -0.942641491092179 0
    outer loop
      vertex 59.96096741918493 -18.858324615243475 0
      vertex 60.95785671362606 -19.2113416291621 0
      vertex 60.95785671362606 -19.2113416291621 22
    endloop
  endfacet
  facet normal -0.43051109680829264 -0.9025852843498616 0
    outer loop
      vertex 58.02939190526116 -17.998331788605032 0
      vertex 58.98391980986884 -18.453618244380536 0
      vertex 58.98391980986884 -18.453618244380536 22
    endloop
  endfacet
  facet normal -0.23344536385590575 -0.9723699203976766 0
    outer loop
      vertex 61.97185528892908 -19.51170169103918 0
      vertex 63.00018384548126 -19.758581534822873 0
      vertex 63.00018384548126 -19.758581534822873 22
    endloop
  endfacet
  facet normal -0.18223552549214836 -0.9832549075639545 0
    outer loop
      vertex 63.00018384548126 -19.758581534822873 0
      vertex 64.04002380618734 -19.951304480021783 0
      vertex 64.04002380618734 -19.951304480021783 22
    endloop
  endfacet
  facet normal -0.13052619222005027 -0.9914448613738107 0
    outer loop
      vertex 64.04002380618734 -19.951304480021783 0
      vertex 65.08852504199339 -20.08934228643912 0
      vertex 65.08852504199339 -20.08934228643912 22
    endloop
  endfacet
  facet normal -0.07845909572784297 -0.9969173337331281 0
    outer loop
      vertex 65.08852504199339 -20.08934228643912 0
      vertex 66.14281368389254 -20.17231660204239 0
      vertex 66.14281368389254 -20.17231660204239 22
    endloop
  endfacet
  facet normal -0.026176948307875047 -0.9996573249755573 0
    outer loop
      vertex 66.14281368389254 -20.17231660204239 0
      vertex 67.2 -20.2 0
      vertex 67.2 -20.2 22
    endloop
  endfacet
  facet normal 0.026176948307875047 -0.9996573249755573 0
    outer loop
      vertex 67.2 -20.2 0
      vertex 68.25718631610746 -20.17231660204239 0
      vertex 68.25718631610746 -20.17231660204239 22
    endloop
  endfacet
  facet normal 0.07845909572784403 -0.9969173337331281 0
    outer loop
      vertex 68.25718631610746 -20.17231660204239 0
      vertex 69.3114749580066 -20.08934228643912 0
      vertex 69.3114749580066 -20.08934228643912 22
    endloop
  endfacet
  facet normal 0.13052619222005027 -0.9914448613738107 0
    outer loop
      vertex 69.3114749580066 -20.08934228643912 0
      vertex 70.35997619381266 -19.951304480021783 0
      vertex 70.35997619381266 -19.951304480021783 22
    endloop
  endfacet
  facet normal 0.18223552549214836 -0.9832549075639545 0
    outer loop
      vertex 70.35997619381266 -19.951304480021783 0
      vertex 71.39981615451873 -19.758581534822873 0
      vertex 71.39981615451873 -19.758581534822873 22
    endloop
  endfacet
  facet normal 0.23344536385590575 -0.9723699203976766 0
    outer loop
      vertex 71.39981615451873 -19.758581534822873 0
      vertex 72.42814471107091 -19.51170169103918 0
      vertex 72.42814471107091 -19.51170169103918 22
    endloop
  endfacet
  facet normal 0.2840153447039237 -0.9588197348681927 0
    outer loop
      vertex 72.42814471107091 -19.51170169103918 0
      vertex 73.44214328637393 -19.2113416291621 0
      vertex 73.44214328637393 -19.2113416291621 22
    endloop
  endfacet
  facet normal 0.33380685923376713 -0.9426414910921798 0
    outer loop
      vertex 73.44214328637393 -19.2113416291621 0
      vertex 74.43903258081507 -18.858324615243475 0
      vertex 74.43903258081507 -18.858324615243475 22
    endloop
  endfacet
  facet normal 0.3826834323650904 -0.9238795325112865 0
    outer loop
      vertex 74.43903258081507 -18.858324615243475 0
      vertex 75.41608019013117 -18.453618244380536 0
      vertex 75.41608019013117 -18.453618244380536 22
    endloop
  endfacet
  facet normal 0.4305110968082953 -0.9025852843498604 0
    outer loop
      vertex 75.41608019013117 -18.453618244380536 0
      vertex 76.37060809473884 -17.998331788605032 0
      vertex 76.37060809473884 -17.998331788605032 22
    endloop
  endfacet
  facet normal 0.47715876025961124 -0.8788171126619639 0
    outer loop
      vertex 76.37060809473884 -17.998331788605032 0
      vertex 77.3 -17.493713156445658 0
      vertex 77.3 -17.493713156445658 22
    endloop
  endfacet
  facet normal 0.5224985647159432 -0.8526401643540956 0
    outer loop
      vertex 77.3 -17.493713156445658 0
      vertex 78.20170850730355 -16.941145472497567 0
      vertex 78.20170850730355 -16.941145472497567 22
    endloop
  endfacet
  facet normal 0.5664062369248365 -0.8241261886220131 0
    outer loop
      vertex 78.20170850730355 -16.941145472497567 0
      vertex 79.07326209630796 -16.342143286373936 0
      vertex 79.07326209630796 -16.342143286373936 22
    endloop
  endfacet
  facet normal 0.6087614290087204 -0.7933533402912353 0
    outer loop
      vertex 79.07326209630796 -16.342143286373936 0
      vertex 79.91227189920671 -15.698348421430811 0
      vertex 79.91227189920671 -15.698348421430811 22
    endloop
  endfacet
  facet normal 0.6494480483301818 -0.7604059656000326 0
    outer loop
      vertex 79.91227189920671 -15.698348421430811 0
      vertex 80.71643824844894 -15.011525474643364 0
      vertex 80.71643824844894 -15.011525474643364 22
    endloop
  endfacet
  facet normal 0.6883545756937567 -0.7253743710122851 0
    outer loop
      vertex 80.71643824844894 -15.011525474643364 0
      vertex 81.48355697996826 -14.28355697996826 0
      vertex 81.48355697996826 -14.28355697996826 22
    endloop
  endfacet
  facet normal 0.7253743710122849 -0.6883545756937569 0
    outer loop
      vertex 81.48355697996826 -14.28355697996826 0
      vertex 82.21152547464337 -13.516438248448935 0
      vertex 81.48355697996826 -14.28355697996826 22
    endloop
  endfacet
  facet normal 0.7604059656000327 -0.6494480483301813 0
    outer loop
      vertex 82.21152547464337 -13.516438248448935 0
      vertex 82.89834842143081 -12.712271899206716 0
      vertex 82.21152547464337 -13.516438248448935 22
    endloop
  endfacet
  facet normal 0.7933533402912321 -0.6087614290087247 0
    outer loop
      vertex 82.89834842143081 -12.712271899206716 0
      vertex 83.54214328637394 -11.873262096307958 0
      vertex 82.89834842143081 -12.712271899206716 22
    endloop
  endfacet
  facet normal 0.8241261886220225 -0.566406236924823 0
    outer loop
      vertex 83.54214328637394 -11.873262096307958 0
      vertex 83.7418309582398 -11.582714730828544 0
      vertex 83.7418309582398 -11.582714730828544 22
    endloop
  endfacet
  facet normal -0.47715876025961124 -0.8788171126619639 0
    outer loop
      vertex 57.1 -17.493713156445658 0
      vertex 58.02939190526116 -17.998331788605032 22
      vertex 57.1 -17.493713156445658 22
    endloop
  endfacet
  facet normal -0.43051109680829264 -0.9025852843498616 0
    outer loop
      vertex 58.02939190526116 -17.998331788605032 0
      vertex 58.98391980986884 -18.453618244380536 22
      vertex 58.02939190526116 -17.998331788605032 22
    endloop
  endfacet
  facet normal -0.5224985647159457 -0.8526401643540942 0
    outer loop
      vertex 57 -17.432433077631664 0
      vertex 57.1 -17.493713156445658 22
      vertex 57 -17.432433077631664 22
    endloop
  endfacet
  facet normal -0.3826834323650927 -0.9238795325112854 0
    outer loop
      vertex 58.98391980986884 -18.453618244380536 0
      vertex 59.96096741918493 -18.858324615243475 22
      vertex 58.98391980986884 -18.453618244380536 22
    endloop
  endfacet
  facet normal -0.3338068592337692 -0.942641491092179 0
    outer loop
      vertex 59.96096741918493 -18.858324615243475 0
      vertex 60.95785671362606 -19.2113416291621 22
      vertex 59.96096741918493 -18.858324615243475 22
    endloop
  endfacet
  facet normal -0.2840153447039237 -0.9588197348681927 0
    outer loop
      vertex 60.95785671362606 -19.2113416291621 0
      vertex 61.97185528892908 -19.51170169103918 22
      vertex 60.95785671362606 -19.2113416291621 22
    endloop
  endfacet
  facet normal -0.23344536385590575 -0.9723699203976766 0
    outer loop
      vertex 61.97185528892908 -19.51170169103918 0
      vertex 63.00018384548126 -19.758581534822873 22
      vertex 61.97185528892908 -19.51170169103918 22
    endloop
  endfacet
  facet normal -0.18223552549214836 -0.9832549075639545 0
    outer loop
      vertex 63.00018384548126 -19.758581534822873 0
      vertex 64.04002380618734 -19.951304480021783 22
      vertex 63.00018384548126 -19.758581534822873 22
    endloop
  endfacet
  facet normal -0.13052619222005027 -0.9914448613738107 0
    outer loop
      vertex 64.04002380618734 -19.951304480021783 0
      vertex 65.08852504199339 -20.08934228643912 22
      vertex 64.04002380618734 -19.951304480021783 22
    endloop
  endfacet
  facet normal -0.07845909572784297 -0.9969173337331281 0
    outer loop
      vertex 65.08852504199339 -20.08934228643912 0
      vertex 66.14281368389254 -20.17231660204239 22
      vertex 65.08852504199339 -20.08934228643912 22
    endloop
  endfacet
  facet normal -0.026176948307875047 -0.9996573249755573 0
    outer loop
      vertex 66.14281368389254 -20.17231660204239 0
      vertex 67.2 -20.2 22
      vertex 66.14281368389254 -20.17231660204239 22
    endloop
  endfacet
  facet normal 0.026176948307875047 -0.9996573249755573 0
    outer loop
      vertex 67.2 -20.2 0
      vertex 68.25718631610746 -20.17231660204239 22
      vertex 67.2 -20.2 22
    endloop
  endfacet
  facet normal 0.07845909572784403 -0.9969173337331281 0
    outer loop
      vertex 68.25718631610746 -20.17231660204239 0
      vertex 69.3114749580066 -20.08934228643912 22
      vertex 68.25718631610746 -20.17231660204239 22
    endloop
  endfacet
  facet normal 0.13052619222005027 -0.9914448613738107 0
    outer loop
      vertex 69.3114749580066 -20.08934228643912 0
      vertex 70.35997619381266 -19.951304480021783 22
      vertex 69.3114749580066 -20.08934228643912 22
    endloop
  endfacet
  facet normal 0.18223552549214836 -0.9832549075639545 0
    outer loop
      vertex 70.35997619381266 -19.951304480021783 0
      vertex 71.39981615451873 -19.758581534822873 22
      vertex 70.35997619381266 -19.951304480021783 22
    endloop
  endfacet
  facet normal 0.23344536385590575 -0.9723699203976766 0
    outer loop
      vertex 71.39981615451873 -19.758581534822873 0
      vertex 72.42814471107091 -19.51170169103918 22
      vertex 71.39981615451873 -19.758581534822873 22
    endloop
  endfacet
  facet normal 0.2840153447039237 -0.9588197348681927 0
    outer loop
      vertex 72.42814471107091 -19.51170169103918 0
      vertex 73.44214328637393 -19.2113416291621 22
      vertex 72.42814471107091 -19.51170169103918 22
    endloop
  endfacet
  facet normal 0.33380685923376713 -0.9426414910921798 0
    outer loop
      vertex 73.44214328637393 -19.2113416291621 0
      vertex 74.43903258081507 -18.858324615243475 22
      vertex 73.44214328637393 -19.2113416291621 22
    endloop
  endfacet
  facet normal 0.3826834323650904 -0.9238795325112865 0
    outer loop
      vertex 74.43903258081507 -18.858324615243475 0
      vertex 75.41608019013117 -18.453618244380536 22
      vertex 74.43903258081507 -18.858324615243475 22
    endloop
  endfacet
  facet normal 0.4305110968082953 -0.9025852843498604 0
    outer loop
      vertex 75.41608019013117 -18.453618244380536 0
      vertex 76.37060809473884 -17.998331788605032 22
      vertex 75.41608019013117 -18.453618244380536 22
    endloop
  endfacet
  facet normal 0.47715876025961124 -0.8788171126619639 0
    outer loop
      vertex 76.37060809473884 -17.998331788605032 0
      vertex 77.3 -17.493713156445658 22
      vertex 76.37060809473884 -17.998331788605032 22
    endloop
  endfacet
  facet normal 0.5224985647159432 -0.8526401643540956 0
    outer loop
      vertex 77.3 -17.493713156445658 0
      vertex 78.20170850730355 -16.941145472497567 22
      vertex 77.3 -17.493713156445658 22
    endloop
  endfacet
  facet normal 0.5664062369248365 -0.8241261886220131 0
    outer loop
      vertex 78.20170850730355 -16.941145472497567 0
      vertex 79.07326209630796 -16.342143286373936 22
      vertex 78.20170850730355 -16.941145472497567 22
    endloop
  endfacet
  facet normal 0.6087614290087204 -0.7933533402912353 0
    outer loop
      vertex 79.07326209630796 -16.342143286373936 0
      vertex 79.91227189920671 -15.698348421430811 22
      vertex 79.07326209630796 -16.342143286373936 22
    endloop
  endfacet
  facet normal 0.6494480483301818 -0.7604059656000326 0
    outer loop
      vertex 79.91227189920671 -15.698348421430811 0
      vertex 80.71643824844894 -15.011525474643364 22
      vertex 79.91227189920671 -15.698348421430811 22
    endloop
  endfacet
  facet normal 0.6883545756937567 -0.7253743710122851 0
    outer loop
      vertex 80.71643824844894 -15.011525474643364 0
      vertex 81.48355697996826 -14.28355697996826 22
      vertex 80.71643824844894 -15.011525474643364 22
    endloop
  endfacet
  facet normal 0.7253743710122849 -0.6883545756937569 0
    outer loop
      vertex 82.21152547464337 -13.516438248448935 0
      vertex 82.21152547464337 -13.516438248448935 22
      vertex 81.48355697996826 -14.28355697996826 22
    endloop
  endfacet
  facet normal 0.7604059656000327 -0.6494480483301813 0
    outer loop
      vertex 82.89834842143081 -12.712271899206716 0
      vertex 82.89834842143081 -12.712271899206716 22
      vertex 82.21152547464337 -13.516438248448935 22
    endloop
  endfacet
  facet normal 0.7933533402912321 -0.6087614290087247 0
    outer loop
      vertex 83.54214328637394 -11.873262096307958 0
      vertex 83.54214328637394 -11.873262096307958 22
      vertex 82.89834842143081 -12.712271899206716 22
    endloop
  endfacet
  facet normal 0.8241261886220225 -0.566406236924823 0
    outer loop
      vertex 83.54214328637394 -11.873262096307958 0
      vertex 83.7418309582398 -11.582714730828544 22
      vertex 83.54214328637394 -11.873262096307958 22
    endloop
  endfacet
  facet normal 0 0 1
    outer loop
      vertex 59.96096741918493 -18.858324615243475 22
      vertex 59.1 -14.029611541307904 22
      vertex 58.98391980986884 -18.453618244380536 22
    endloop
  endfacet
  facet normal 0 0 1
    outer loop
      vertex 59.96096741918493 -18.858324615243475 22
      vertex 60.95785671362606 -19.2113416291621 22
      vertex 60.610866382172034 -14.799436413810133 22
    endloop
  endfacet
  facet normal 0 0 1
    outer loop
      vertex 61.97185528892908 -19.51170169103918 22
      vertex 61.394439217366134 -15.124002909254667 22
      vertex 60.95785671362606 -19.2113416291621 22
    endloop
  endfacet
  facet normal 0 0 1
    outer loop
      vertex 58.02939190526116 -17.998331788605032 22
      vertex 57.677878912861935 -13.106075308874148 22
      vertex 57.1 -17.493713156445658 22
    endloop
  endfacet
  facet normal 0 0 1
    outer loop
      vertex 57 -17.432433077631664 22
      vertex 57.1 -17.493713156445658 22
      vertex 56.875382236420634 -12.479052292553282 22
    endloop
  endfacet
  facet normal 0 0 1
    outer loop
      vertex 57.1 -17.493713156445658 22
      vertex 57.005009664992635 -12.589764575602928 22
      vertex 56.875382236420634 -12.479052292553282 22
    endloop
  endfacet
  facet normal 0 0 1
    outer loop
      vertex 57.1 -17.493713156445658 22
      vertex 57.677878912861935 -13.106075308874148 22
      vertex 57.005009664992635 -12.589764575602928 22
    endloop
  endfacet
  facet normal 0 0 1
    outer loop
      vertex 58.02939190526116 -17.998331788605032 22
      vertex 58.376847632756565 -13.586463200715869 22
      vertex 57.677878912861935 -13.106075308874148 22
    endloop
  endfacet
  facet normal 0 0 1
    outer loop
      vertex 58.02939190526116 -17.998331788605032 22
      vertex 58.98391980986884 -18.453618244380536 22
      vertex 58.376847632756565 -13.586463200715869 22
    endloop
  endfacet
  facet normal 0 0 1
    outer loop
      vertex 59.96096741918493 -18.858324615243475 22
      vertex 60.610866382172034 -14.799436413810133 22
      vertex 59.845353904219344 -14.43430569185156 22
    endloop
  endfacet
  facet normal 0 0 1
    outer loop
      vertex 58.98391980986884 -18.453618244380536 22
      vertex 59.1 -14.029611541307904 22
      vertex 58.376847632756565 -13.586463200715869 22
    endloop
  endfacet
  facet normal 0 0 1
    outer loop
      vertex 59.96096741918493 -18.858324615243475 22
      vertex 59.845353904219344 -14.43430569185156 22
      vertex 59.1 -14.029611541307904 22
    endloop
  endfacet
  facet normal 0 0 1
    outer loop
      vertex 60.95785671362606 -19.2113416291621 22
      vertex 61.394439217366134 -15.124002909254667 22
      vertex 60.610866382172034 -14.799436413810133 22
    endloop
  endfacet
  facet normal 0 0 1
    outer loop
      vertex 61.97185528892908 -19.51170169103918 22
      vertex 62.19392469112585 -15.407115563981487 22
      vertex 61.394439217366134 -15.124002909254667 22
    endloop
  endfacet
  facet normal 0 0 1
    outer loop
      vertex 63.00018384548126 -19.758581534822873 22
      vertex 64.04002380618734 -19.951304480021783 22
      vertex 63.8318306087523 -15.84599113188765 22
    endloop
  endfacet
  facet normal 0 0 1
    outer loop
      vertex 64.04002380618734 -19.951304480021783 22
      vertex 65.08852504199339 -20.08934228643912 22
      vertex 64.66576166634826 -16.00055111764123 22
    endloop
  endfacet
  facet normal 0 0 1
    outer loop
      vertex 65.08852504199339 -20.08934228643912 22
      vertex 66.14281368389254 -20.17231660204239 22
      vertex 65.50663889506401 -16.111254704966026 22
    endloop
  endfacet
  facet normal 0 0 1
    outer loop
      vertex 61.97185528892908 -19.51170169103918 22
      vertex 63.00018384548126 -19.758581534822873 22
      vertex 62.19392469112585 -15.407115563981487 22
    endloop
  endfacet
  facet normal 0 0 1
    outer loop
      vertex 63.00018384548126 -19.758581534822873 22
      vertex 63.007131469339164 -15.647998385882905 22
      vertex 62.19392469112585 -15.407115563981487 22
    endloop
  endfacet
  facet normal 0 0 1
    outer loop
      vertex 63.00018384548126 -19.758581534822873 22
      vertex 63.8318306087523 -15.84599113188765 22
      vertex 63.007131469339164 -15.647998385882905 22
    endloop
  endfacet
  facet normal 0 0 1
    outer loop
      vertex 64.04002380618734 -19.951304480021783 22
      vertex 64.66576166634826 -16.00055111764123 22
      vertex 63.8318306087523 -15.84599113188765 22
    endloop
  endfacet
  facet normal 0 0 1
    outer loop
      vertex 65.08852504199339 -20.08934228643912 22
      vertex 65.50663889506401 -16.111254704966026 22
      vertex 64.66576166634826 -16.00055111764123 22
    endloop
  endfacet
  facet normal 0 0 1
    outer loop
      vertex 66.14281368389254 -20.17231660204239 22
      vertex 67.2 -20.2 22
      vertex 66.35215750886431 -16.177798463024097 22
    endloop
  endfacet
  facet normal 0 0 1
    outer loop
      vertex 67.2 -20.2 22
      vertex 68.25718631610746 -20.17231660204239 22
      vertex 68.0478424911357 -16.177798463024097 22
    endloop
  endfacet
  facet normal 0 0 1
    outer loop
      vertex 68.25718631610746 -20.17231660204239 22
      vertex 69.3114749580066 -20.08934228643912 22
      vertex 68.0478424911357 -16.177798463024097 22
    endloop
  endfacet
  facet normal 0 0 1
    outer loop
      vertex 66.14281368389254 -20.17231660204239 22
      vertex 66.35215750886431 -16.177798463024097 22
      vertex 65.50663889506401 -16.111254704966026 22
    endloop
  endfacet
  facet normal 0 0 1
    outer loop
      vertex 67.2 -20.2 22
      vertex 67.2 -16.2 22
      vertex 66.35215750886431 -16.177798463024097 22
    endloop
  endfacet
  facet normal 0 0 1
    outer loop
      vertex 67.2 -20.2 22
      vertex 68.0478424911357 -16.177798463024097 22
      vertex 67.2 -16.2 22
    endloop
  endfacet
  facet normal 0 0 1
    outer loop
      vertex 68.0478424911357 -16.177798463024097 22
      vertex 69.3114749580066 -20.08934228643912 22
      vertex 68.89336110493599 -16.111254704966026 22
    endloop
  endfacet
  facet normal 0 0 1
    outer loop
      vertex 68.89336110493599 -16.111254704966026 22
      vertex 69.3114749580066 -20.08934228643912 22
      vertex 70.35997619381266 -19.951304480021783 22
    endloop
  endfacet
  facet normal 0 0 1
    outer loop
      vertex 70.35997619381266 -19.951304480021783 22
      vertex 71.39981615451873 -19.758581534822873 22
      vertex 69.73423833365175 -16.00055111764123 22
    endloop
  endfacet
  facet normal 0 0 1
    outer loop
      vertex 68.89336110493599 -16.111254704966026 22
      vertex 70.35997619381266 -19.951304480021783 22
      vertex 69.73423833365175 -16.00055111764123 22
    endloop
  endfacet
  facet normal 0 0 1
    outer loop
      vertex 71.39981615451873 -19.758581534822873 22
      vertex 70.5681693912477 -15.84599113188765 22
      vertex 69.73423833365175 -16.00055111764123 22
    endloop
  endfacet
  facet normal 0 0 1
    outer loop
      vertex 71.39981615451873 -19.758581534822873 22
      vertex 72.42814471107091 -19.51170169103918 22
      vertex 71.39286853066083 -15.647998385882905 22
    endloop
  endfacet
  facet normal 0 0 1
    outer loop
      vertex 72.42814471107091 -19.51170169103918 22
      vertex 73.44214328637393 -19.2113416291621 22
      vertex 72.20607530887415 -15.407115563981487 22
    endloop
  endfacet
  facet normal 0 0 1
    outer loop
      vertex 71.39981615451873 -19.758581534822873 22
      vertex 71.39286853066083 -15.647998385882905 22
      vertex 70.5681693912477 -15.84599113188765 22
    endloop
  endfacet
  facet normal 0 0 1
    outer loop
      vertex 72.42814471107091 -19.51170169103918 22
      vertex 72.20607530887415 -15.407115563981487 22
      vertex 71.39286853066083 -15.647998385882905 22
    endloop
  endfacet
  facet normal 0 0 1
    outer loop
      vertex 73.44214328637393 -19.2113416291621 22
      vertex 74.43903258081507 -18.858324615243475 22
      vertex 73.00556078263386 -15.124002909254667 22
    endloop
  endfacet
  facet normal 0 0 1
    outer loop
      vertex 74.43903258081507 -18.858324615243475 22
      vertex 75.41608019013117 -18.453618244380536 22
      vertex 73.78913361782796 -14.799436413810133 22
    endloop
  endfacet
  facet normal 0 0 1
    outer loop
      vertex 75.41608019013117 -18.453618244380536 22
      vertex 76.37060809473884 -17.998331788605032 22
      vertex 75.3 -14.029611541307904 22
    endloop
  endfacet
  facet normal 0 0 1
    outer loop
      vertex 73.44214328637393 -19.2113416291621 22
      vertex 73.00556078263386 -15.124002909254667 22
      vertex 72.20607530887415 -15.407115563981487 22
    endloop
  endfacet
  facet normal 0 0 1
    outer loop
      vertex 74.43903258081507 -18.858324615243475 22
      vertex 73.78913361782796 -14.799436413810133 22
      vertex 73.00556078263386 -15.124002909254667 22
    endloop
  endfacet
  facet normal 0 0 1
    outer loop
      vertex 75.41608019013117 -18.453618244380536 22
      vertex 74.55464609578065 -14.43430569185156 22
      vertex 73.78913361782796 -14.799436413810133 22
    endloop
  endfacet
  facet normal 0 0 1
    outer loop
      vertex 75.41608019013117 -18.453618244380536 22
      vertex 75.3 -14.029611541307904 22
      vertex 74.55464609578065 -14.43430569185156 22
    endloop
  endfacet
  facet normal 0 0 1
    outer loop
      vertex 76.37060809473884 -17.998331788605032 22
      vertex 76.02315236724344 -13.586463200715869 22
      vertex 75.3 -14.029611541307904 22
    endloop
  endfacet
  facet normal 0 0 1
    outer loop
      vertex 76.37060809473884 -17.998331788605032 22
      vertex 77.3 -17.493713156445658 22
      vertex 76.02315236724344 -13.586463200715869 22
    endloop
  endfacet
  facet normal 0 0 1
    outer loop
      vertex 77.3 -17.493713156445658 22
      vertex 78.20170850730355 -16.941145472497567 22
      vertex 76.72212108713806 -13.106075308874148 22
    endloop
  endfacet
  facet normal 0 0 1
    outer loop
      vertex 78.20170850730355 -16.941145472497567 22
      vertex 79.07326209630796 -16.342143286373936 22
      vertex 78.0399158230135 -12.038946172733786 22
    endloop
  endfacet
  facet normal 0 0 1
    outer loop
      vertex 76.02315236724344 -13.586463200715869 22
      vertex 77.3 -17.493713156445658 22
      vertex 76.72212108713806 -13.106075308874148 22
    endloop
  endfacet
  facet normal 0 0 1
    outer loop
      vertex 78.20170850730355 -16.941145472497567 22
      vertex 77.39499033500736 -12.589764575602928 22
      vertex 76.72212108713806 -13.106075308874148 22
    endloop
  endfacet
  facet normal 0 0 1
    outer loop
      vertex 78.20170850730355 -16.941145472497567 22
      vertex 78.0399158230135 -12.038946172733786 22
      vertex 77.39499033500736 -12.589764575602928 22
    endloop
  endfacet
  facet normal 0 0 1
    outer loop
      vertex 79.07326209630796 -16.342143286373936 22
      vertex 79.91227189920671 -15.698348421430811 22
      vertex 78.65512985522207 -11.45512985522207 22
    endloop
  endfacet
  facet normal 0 0 1
    outer loop
      vertex 79.91227189920671 -15.698348421430811 22
      vertex 80.71643824844894 -15.011525474643364 22
      vertex 79.78976457560293 -10.194990335007365 22
    endloop
  endfacet
  facet normal 0 0 1
    outer loop
      vertex 79.07326209630796 -16.342143286373936 22
      vertex 78.65512985522207 -11.45512985522207 22
      vertex 78.0399158230135 -12.038946172733786 22
    endloop
  endfacet
  facet normal 0 0 1
    outer loop
      vertex 79.91227189920671 -15.698348421430811 22
      vertex 79.23894617273379 -10.839915823013502 22
      vertex 78.65512985522207 -11.45512985522207 22
    endloop
  endfacet
  facet normal 0 0 1
    outer loop
      vertex 79.91227189920671 -15.698348421430811 22
      vertex 79.78976457560293 -10.194990335007365 22
      vertex 79.23894617273379 -10.839915823013502 22
    endloop
  endfacet
  facet normal 0 0 1
    outer loop
      vertex 80.71643824844894 -15.011525474643364 22
      vertex 81.48355697996826 -14.28355697996826 22
      vertex 80.30607530887414 -9.522121087138064 22
    endloop
  endfacet
  facet normal 0 0 1
    outer loop
      vertex 80.71643824844894 -15.011525474643364 22
      vertex 80.30607530887414 -9.522121087138064 22
      vertex 79.78976457560293 -10.194990335007365 22
    endloop
  endfacet
  facet normal 0 0 1
    outer loop
      vertex 81.48355697996826 -14.28355697996826 22
      vertex 82.21152547464337 -13.516438248448935 22
      vertex 80.46622086749925 -9.289107853436754 22
    endloop
  endfacet
  facet normal 0 0 1
    outer loop
      vertex 82.21152547464337 -13.516438248448935 22
      vertex 82.89834842143081 -12.712271899206716 22
      vertex 80.46622086749925 -9.289107853436754 22
    endloop
  endfacet
  facet normal 0 0 1
    outer loop
      vertex 81.48355697996826 -14.28355697996826 22
      vertex 80.46622086749925 -9.289107853436754 22
      vertex 80.30607530887414 -9.522121087138064 22
    endloop
  endfacet
  facet normal 0 0 1
    outer loop
      vertex 82.89834842143081 -12.712271899206716 22
      vertex 83.54214328637394 -11.873262096307958 22
      vertex 80.46622086749925 -9.289107853436754 22
    endloop
  endfacet
  facet normal 0 0 1
    outer loop
      vertex 83.54214328637394 -11.873262096307958 22
      vertex 83.7418309582398 -11.582714730828544 22
      vertex 80.46622086749925 -9.289107853436754 22
    endloop
  endfacet
  facet normal 0 0 -1
    outer loop
      vertex 57 12.585485917492075 0
      vertex 57 13.674867226743114 0
      vertex 57.005009664992635 12.589764575602928 0
    endloop
  endfacet
  facet normal 0 0 -1
    outer loop
      vertex 57.005009664992635 12.589764575602928 0
      vertex 57 13.674867226743114 0
      vertex 57.1 17.493713156445658 0
    endloop
  endfacet
  facet normal 0 0 -1
    outer loop
      vertex 57.005009664992635 12.589764575602928 0
      vertex 57.1 17.493713156445658 0
      vertex 57.677878912861935 13.106075308874148 0
    endloop
  endfacet
  facet normal 0 0 -1
    outer loop
      vertex 57.677878912861935 13.106075308874148 0
      vertex 58.02939190526116 17.998331788605032 0
      vertex 58.376847632756565 13.586463200715869 0
    endloop
  endfacet
  facet normal 0 0 -1
    outer loop
      vertex 57 13.674867226743114 0
      vertex 57 17.432433077631664 0
      vertex 57.1 17.493713156445658 0
    endloop
  endfacet
  facet normal 0 0 -1
    outer loop
      vertex 57.677878912861935 13.106075308874148 0
      vertex 57.1 17.493713156445658 0
      vertex 58.02939190526116 17.998331788605032 0
    endloop
  endfacet
  facet normal 0 0 -1
    outer loop
      vertex 58.376847632756565 13.586463200715869 0
      vertex 58.98391980986884 18.453618244380536 0
      vertex 59.1 14.029611541307904 0
    endloop
  endfacet
  facet normal 0 0 -1
    outer loop
      vertex 59.1 14.029611541307904 0
      vertex 59.96096741918493 18.858324615243475 0
      vertex 59.845353904219344 14.43430569185156 0
    endloop
  endfacet
  facet normal 0 0 -1
    outer loop
      vertex 58.376847632756565 13.586463200715869 0
      vertex 58.02939190526116 17.998331788605032 0
      vertex 58.98391980986884 18.453618244380536 0
    endloop
  endfacet
  facet normal 0 0 -1
    outer loop
      vertex 59.845353904219344 14.43430569185156 0
      vertex 59.96096741918493 18.858324615243475 0
      vertex 60.610866382172034 14.799436413810133 0
    endloop
  endfacet
  facet normal 0 0 -1
    outer loop
      vertex 59.1 14.029611541307904 0
      vertex 58.98391980986884 18.453618244380536 0
      vertex 59.96096741918493 18.858324615243475 0
    endloop
  endfacet
  facet normal 0 0 -1
    outer loop
      vertex 60.610866382172034 14.799436413810133 0
      vertex 60.95785671362606 19.2113416291621 0
      vertex 61.394439217366134 15.124002909254667 0
    endloop
  endfacet
  facet normal 0 0 -1
    outer loop
      vertex 61.394439217366134 15.124002909254667 0
      vertex 61.97185528892908 19.51170169103918 0
      vertex 62.19392469112585 15.407115563981487 0
    endloop
  endfacet
  facet normal 0 0 -1
    outer loop
      vertex 60.610866382172034 14.799436413810133 0
      vertex 59.96096741918493 18.858324615243475 0
      vertex 60.95785671362606 19.2113416291621 0
    endloop
  endfacet
  facet normal 0 0 -1
    outer loop
      vertex 61.394439217366134 15.124002909254667 0
      vertex 60.95785671362606 19.2113416291621 0
      vertex 61.97185528892908 19.51170169103918 0
    endloop
  endfacet
  facet normal 0 0 -1
    outer loop
      vertex 62.19392469112585 15.407115563981487 0
      vertex 63.00018384548126 19.758581534822873 0
      vertex 63.007131469339164 15.647998385882905 0
    endloop
  endfacet
  facet normal 0 0 -1
    outer loop
      vertex 63.007131469339164 15.647998385882905 0
      vertex 63.00018384548126 19.758581534822873 0
      vertex 63.8318306087523 15.84599113188765 0
    endloop
  endfacet
  facet normal 0 0 -1
    outer loop
      vertex 63.8318306087523 15.84599113188765 0
      vertex 64.04002380618734 19.951304480021783 0
      vertex 64.66576166634826 16.00055111764123 0
    endloop
  endfacet
  facet normal 0 0 -1
    outer loop
      vertex 64.66576166634826 16.00055111764123 0
      vertex 65.08852504199339 20.08934228643912 0
      vertex 65.50663889506401 16.111254704966026 0
    endloop
  endfacet
  facet normal 0 0 -1
    outer loop
      vertex 65.50663889506401 16.111254704966026 0
      vertex 66.14281368389254 20.17231660204239 0
      vertex 66.35215750886431 16.177798463024097 0
    endloop
  endfacet
  facet normal 0 0 -1
    outer loop
      vertex 66.35215750886431 16.177798463024097 0
      vertex 67.2 20.2 0
      vertex 67.2 16.2 0
    endloop
  endfacet
  facet normal 0 0 -1
    outer loop
      vertex 67.2 16.2 0
      vertex 67.2 20.2 0
      vertex 68.0478424911357 16.177798463024097 0
    endloop
  endfacet
  facet normal 0 0 -1
    outer loop
      vertex 68.0478424911357 16.177798463024097 0
      vertex 69.3114749580066 20.08934228643912 0
      vertex 68.89336110493599 16.111254704966026 0
    endloop
  endfacet
  facet normal 0 0 -1
    outer loop
      vertex 61.97185528892908 19.51170169103918 0
      vertex 63.00018384548126 19.758581534822873 0
      vertex 62.19392469112585 15.407115563981487 0
    endloop
  endfacet
  facet normal 0 0 -1
    outer loop
      vertex 63.8318306087523 15.84599113188765 0
      vertex 63.00018384548126 19.758581534822873 0
      vertex 64.04002380618734 19.951304480021783 0
    endloop
  endfacet
  facet normal 0 0 -1
    outer loop
      vertex 64.66576166634826 16.00055111764123 0
      vertex 64.04002380618734 19.951304480021783 0
      vertex 65.08852504199339 20.08934228643912 0
    endloop
  endfacet
  facet normal 0 0 -1
    outer loop
      vertex 65.50663889506401 16.111254704966026 0
      vertex 65.08852504199339 20.08934228643912 0
      vertex 66.14281368389254 20.17231660204239 0
    endloop
  endfacet
  facet normal 0 0 -1
    outer loop
      vertex 66.35215750886431 16.177798463024097 0
      vertex 66.14281368389254 20.17231660204239 0
      vertex 67.2 20.2 0
    endloop
  endfacet
  facet normal 0 0 -1
    outer loop
      vertex 68.0478424911357 16.177798463024097 0
      vertex 67.2 20.2 0
      vertex 68.25718631610746 20.17231660204239 0
    endloop
  endfacet
  facet normal 0 0 -1
    outer loop
      vertex 68.0478424911357 16.177798463024097 0
      vertex 68.25718631610746 20.17231660204239 0
      vertex 69.3114749580066 20.08934228643912 0
    endloop
  endfacet
  facet normal 0 0 -1
    outer loop
      vertex 79.78976457560293 10.194990335007365 0
      vertex 79.23894617273379 10.839915823013502 0
      vertex 79.91227189920671 15.698348421430811 0
    endloop
  endfacet
  facet normal 0 0 -1
    outer loop
      vertex 78.0399158230135 12.038946172733786 0
      vertex 77.39499033500736 12.589764575602928 0
      vertex 78.20170850730355 16.941145472497567 0
    endloop
  endfacet
  facet normal 0 0 -1
    outer loop
      vertex 77.39499033500736 12.589764575602928 0
      vertex 76.72212108713806 13.106075308874148 0
      vertex 78.20170850730355 16.941145472497567 0
    endloop
  endfacet
  facet normal 0 0 -1
    outer loop
      vertex 78.0399158230135 12.038946172733786 0
      vertex 79.07326209630796 16.342143286373936 0
      vertex 78.65512985522207 11.45512985522207 0
    endloop
  endfacet
  facet normal 0 0 -1
    outer loop
      vertex 79.23894617273379 10.839915823013502 0
      vertex 78.65512985522207 11.45512985522207 0
      vertex 79.91227189920671 15.698348421430811 0
    endloop
  endfacet
  facet normal 0 0 -1
    outer loop
      vertex 80.46622086749925 9.289107853436754 0
      vertex 80.30607530887414 9.522121087138064 0
      vertex 81.48355697996826 14.28355697996826 0
    endloop
  endfacet
  facet normal 0 0 -1
    outer loop
      vertex 79.78976457560293 10.194990335007365 0
      vertex 80.71643824844894 15.011525474643364 0
      vertex 80.30607530887414 9.522121087138064 0
    endloop
  endfacet
  facet normal 0 0 -1
    outer loop
      vertex 80.46622086749925 9.289107853436754 0
      vertex 82.21152547464337 13.516438248448935 0
      vertex 82.89834842143081 12.712271899206716 0
    endloop
  endfacet
  facet normal 0 0 -1
    outer loop
      vertex 80.46622086749925 9.289107853436754 0
      vertex 81.48355697996826 14.28355697996826 0
      vertex 82.21152547464337 13.516438248448935 0
    endloop
  endfacet
  facet normal 0 0 -1
    outer loop
      vertex 80.46622086749925 9.289107853436754 0
      vertex 83.54214328637394 11.873262096307958 0
      vertex 83.7418309582398 11.582714730828544 0
    endloop
  endfacet
  facet normal 0 0 -1
    outer loop
      vertex 80.46622086749925 9.289107853436754 0
      vertex 82.89834842143081 12.712271899206716 0
      vertex 83.54214328637394 11.873262096307958 0
    endloop
  endfacet
  facet normal 0 0 -1
    outer loop
      vertex 80.30607530887414 9.522121087138064 0
      vertex 80.71643824844894 15.011525474643364 0
      vertex 81.48355697996826 14.28355697996826 0
    endloop
  endfacet
  facet normal 0 0 -1
    outer loop
      vertex 79.78976457560293 10.194990335007365 0
      vertex 79.91227189920671 15.698348421430811 0
      vertex 80.71643824844894 15.011525474643364 0
    endloop
  endfacet
  facet normal 0 0 -1
    outer loop
      vertex 68.89336110493599 16.111254704966026 0
      vertex 70.35997619381266 19.951304480021783 0
      vertex 69.73423833365175 16.00055111764123 0
    endloop
  endfacet
  facet normal 0 0 -1
    outer loop
      vertex 69.73423833365175 16.00055111764123 0
      vertex 71.39981615451873 19.758581534822873 0
      vertex 70.5681693912477 15.84599113188765 0
    endloop
  endfacet
  facet normal 0 0 -1
    outer loop
      vertex 71.39286853066083 15.647998385882905 0
      vertex 72.42814471107091 19.51170169103918 0
      vertex 72.20607530887415 15.407115563981487 0
    endloop
  endfacet
  facet normal 0 0 -1
    outer loop
      vertex 72.20607530887415 15.407115563981487 0
      vertex 73.44214328637393 19.2113416291621 0
      vertex 73.00556078263386 15.124002909254667 0
    endloop
  endfacet
  facet normal 0 0 -1
    outer loop
      vertex 70.5681693912477 15.84599113188765 0
      vertex 71.39981615451873 19.758581534822873 0
      vertex 71.39286853066083 15.647998385882905 0
    endloop
  endfacet
  facet normal 0 0 -1
    outer loop
      vertex 73.78913361782796 14.799436413810133 0
      vertex 75.41608019013117 18.453618244380536 0
      vertex 74.55464609578065 14.43430569185156 0
    endloop
  endfacet
  facet normal 0 0 -1
    outer loop
      vertex 75.3 14.029611541307904 0
      vertex 74.55464609578065 14.43430569185156 0
      vertex 75.41608019013117 18.453618244380536 0
    endloop
  endfacet
  facet normal 0 0 -1
    outer loop
      vertex 75.3 14.029611541307904 0
      vertex 76.37060809473884 17.998331788605032 0
      vertex 76.02315236724344 13.586463200715869 0
    endloop
  endfacet
  facet normal 0 0 -1
    outer loop
      vertex 73.00556078263386 15.124002909254667 0
      vertex 74.43903258081507 18.858324615243475 0
      vertex 73.78913361782796 14.799436413810133 0
    endloop
  endfacet
  facet normal 0 0 -1
    outer loop
      vertex 73.00556078263386 15.124002909254667 0
      vertex 73.44214328637393 19.2113416291621 0
      vertex 74.43903258081507 18.858324615243475 0
    endloop
  endfacet
  facet normal 0 0 -1
    outer loop
      vertex 73.78913361782796 14.799436413810133 0
      vertex 74.43903258081507 18.858324615243475 0
      vertex 75.41608019013117 18.453618244380536 0
    endloop
  endfacet
  facet normal 0 0 -1
    outer loop
      vertex 75.3 14.029611541307904 0
      vertex 75.41608019013117 18.453618244380536 0
      vertex 76.37060809473884 17.998331788605032 0
    endloop
  endfacet
  facet normal 0 0 -1
    outer loop
      vertex 69.73423833365175 16.00055111764123 0
      vertex 70.35997619381266 19.951304480021783 0
      vertex 71.39981615451873 19.758581534822873 0
    endloop
  endfacet
  facet normal 0 0 -1
    outer loop
      vertex 68.89336110493599 16.111254704966026 0
      vertex 69.3114749580066 20.08934228643912 0
      vertex 70.35997619381266 19.951304480021783 0
    endloop
  endfacet
  facet normal 0 0 -1
    outer loop
      vertex 71.39286853066083 15.647998385882905 0
      vertex 71.39981615451873 19.758581534822873 0
      vertex 72.42814471107091 19.51170169103918 0
    endloop
  endfacet
  facet normal 0 0 -1
    outer loop
      vertex 72.20607530887415 15.407115563981487 0
      vertex 72.42814471107091 19.51170169103918 0
      vertex 73.44214328637393 19.2113416291621 0
    endloop
  endfacet
  facet normal 0 0 -1
    outer loop
      vertex 76.02315236724344 13.586463200715869 0
      vertex 77.3 17.493713156445658 0
      vertex 76.72212108713806 13.106075308874148 0
    endloop
  endfacet
  facet normal 0 0 -1
    outer loop
      vertex 76.72212108713806 13.106075308874148 0
      vertex 77.3 17.493713156445658 0
      vertex 78.20170850730355 16.941145472497567 0
    endloop
  endfacet
  facet normal 0 0 -1
    outer loop
      vertex 78.65512985522207 11.45512985522207 0
      vertex 79.07326209630796 16.342143286373936 0
      vertex 79.91227189920671 15.698348421430811 0
    endloop
  endfacet
  facet normal 0 0 -1
    outer loop
      vertex 78.0399158230135 12.038946172733786 0
      vertex 78.20170850730355 16.941145472497567 0
      vertex 79.07326209630796 16.342143286373936 0
    endloop
  endfacet
  facet normal 0 0 -1
    outer loop
      vertex 76.02315236724344 13.586463200715869 0
      vertex 76.37060809473884 17.998331788605032 0
      vertex 77.3 17.493713156445658 0
    endloop
  endfacet
  facet normal -0.5224985647159457 0.8526401643540942 0
    outer loop
      vertex 57 17.432433077631664 0
      vertex 57 17.432433077631664 22
      vertex 57.1 17.493713156445658 0
    endloop
  endfacet
  facet normal -0.47715876025961124 0.8788171126619639 0
    outer loop
      vertex 57.1 17.493713156445658 0
      vertex 57.1 17.493713156445658 22
      vertex 58.02939190526116 17.998331788605032 0
    endloop
  endfacet
  facet normal -0.43051109680829264 0.9025852843498616 0
    outer loop
      vertex 58.02939190526116 17.998331788605032 0
      vertex 58.02939190526116 17.998331788605032 22
      vertex 58.98391980986884 18.453618244380536 0
    endloop
  endfacet
  facet normal -0.3826834323650927 0.9238795325112854 0
    outer loop
      vertex 58.98391980986884 18.453618244380536 0
      vertex 58.98391980986884 18.453618244380536 22
      vertex 59.96096741918493 18.858324615243475 0
    endloop
  endfacet
  facet normal -0.3338068592337692 0.942641491092179 0
    outer loop
      vertex 59.96096741918493 18.858324615243475 0
      vertex 59.96096741918493 18.858324615243475 22
      vertex 60.95785671362606 19.2113416291621 0
    endloop
  endfacet
  facet normal -0.2840153447039237 0.9588197348681927 0
    outer loop
      vertex 60.95785671362606 19.2113416291621 0
      vertex 60.95785671362606 19.2113416291621 22
      vertex 61.97185528892908 19.51170169103918 0
    endloop
  endfacet
  facet normal -0.23344536385590575 0.9723699203976766 0
    outer loop
      vertex 61.97185528892908 19.51170169103918 0
      vertex 61.97185528892908 19.51170169103918 22
      vertex 63.00018384548126 19.758581534822873 0
    endloop
  endfacet
  facet normal -0.18223552549214836 0.9832549075639545 0
    outer loop
      vertex 63.00018384548126 19.758581534822873 0
      vertex 63.00018384548126 19.758581534822873 22
      vertex 64.04002380618734 19.951304480021783 0
    endloop
  endfacet
  facet normal -0.13052619222005027 0.9914448613738107 0
    outer loop
      vertex 64.04002380618734 19.951304480021783 0
      vertex 64.04002380618734 19.951304480021783 22
      vertex 65.08852504199339 20.08934228643912 0
    endloop
  endfacet
  facet normal -0.07845909572784297 0.9969173337331281 0
    outer loop
      vertex 65.08852504199339 20.08934228643912 0
      vertex 65.08852504199339 20.08934228643912 22
      vertex 66.14281368389254 20.17231660204239 0
    endloop
  endfacet
  facet normal -0.026176948307875047 0.9996573249755573 0
    outer loop
      vertex 66.14281368389254 20.17231660204239 0
      vertex 66.14281368389254 20.17231660204239 22
      vertex 67.2 20.2 0
    endloop
  endfacet
  facet normal 0.026176948307875047 0.9996573249755573 0
    outer loop
      vertex 67.2 20.2 0
      vertex 67.2 20.2 22
      vertex 68.25718631610746 20.17231660204239 0
    endloop
  endfacet
  facet normal 0.07845909572784403 0.9969173337331281 0
    outer loop
      vertex 68.25718631610746 20.17231660204239 0
      vertex 68.25718631610746 20.17231660204239 22
      vertex 69.3114749580066 20.08934228643912 0
    endloop
  endfacet
  facet normal 0.8241261886220225 0.566406236924823 0
    outer loop
      vertex 83.7418309582398 11.582714730828544 0
      vertex 83.54214328637394 11.873262096307958 0
      vertex 83.54214328637394 11.873262096307958 22
    endloop
  endfacet
  facet normal 0.7933533402912321 0.6087614290087247 0
    outer loop
      vertex 83.54214328637394 11.873262096307958 0
      vertex 82.89834842143081 12.712271899206716 0
      vertex 83.54214328637394 11.873262096307958 22
    endloop
  endfacet
  facet normal 0.7604059656000327 0.6494480483301813 0
    outer loop
      vertex 82.89834842143081 12.712271899206716 0
      vertex 82.21152547464337 13.516438248448935 0
      vertex 82.89834842143081 12.712271899206716 22
    endloop
  endfacet
  facet normal 0.7253743710122849 0.6883545756937569 0
    outer loop
      vertex 81.48355697996826 14.28355697996826 0
      vertex 82.21152547464337 13.516438248448935 22
      vertex 82.21152547464337 13.516438248448935 0
    endloop
  endfacet
  facet normal 0.2840153447039237 0.9588197348681927 0
    outer loop
      vertex 72.42814471107091 19.51170169103918 0
      vertex 72.42814471107091 19.51170169103918 22
      vertex 73.44214328637393 19.2113416291621 0
    endloop
  endfacet
  facet normal 0.13052619222005027 0.9914448613738107 0
    outer loop
      vertex 69.3114749580066 20.08934228643912 0
      vertex 69.3114749580066 20.08934228643912 22
      vertex 70.35997619381266 19.951304480021783 0
    endloop
  endfacet
  facet normal 0.18223552549214836 0.9832549075639545 0
    outer loop
      vertex 70.35997619381266 19.951304480021783 0
      vertex 70.35997619381266 19.951304480021783 22
      vertex 71.39981615451873 19.758581534822873 0
    endloop
  endfacet
  facet normal 0.23344536385590575 0.9723699203976766 0
    outer loop
      vertex 71.39981615451873 19.758581534822873 0
      vertex 71.39981615451873 19.758581534822873 22
      vertex 72.42814471107091 19.51170169103918 0
    endloop
  endfacet
  facet normal 0.33380685923376713 0.9426414910921798 0
    outer loop
      vertex 73.44214328637393 19.2113416291621 0
      vertex 73.44214328637393 19.2113416291621 22
      vertex 74.43903258081507 18.858324615243475 0
    endloop
  endfacet
  facet normal 0.4305110968082953 0.9025852843498604 0
    outer loop
      vertex 75.41608019013117 18.453618244380536 0
      vertex 75.41608019013117 18.453618244380536 22
      vertex 76.37060809473884 17.998331788605032 0
    endloop
  endfacet
  facet normal 0.3826834323650904 0.9238795325112865 0
    outer loop
      vertex 74.43903258081507 18.858324615243475 0
      vertex 74.43903258081507 18.858324615243475 22
      vertex 75.41608019013117 18.453618244380536 0
    endloop
  endfacet
  facet normal 0.5224985647159432 0.8526401643540956 0
    outer loop
      vertex 77.3 17.493713156445658 0
      vertex 77.3 17.493713156445658 22
      vertex 78.20170850730355 16.941145472497567 0
    endloop
  endfacet
  facet normal 0.5664062369248365 0.8241261886220131 0
    outer loop
      vertex 78.20170850730355 16.941145472497567 0
      vertex 78.20170850730355 16.941145472497567 22
      vertex 79.07326209630796 16.342143286373936 0
    endloop
  endfacet
  facet normal 0.6087614290087204 0.7933533402912353 0
    outer loop
      vertex 79.91227189920671 15.698348421430811 0
      vertex 79.07326209630796 16.342143286373936 0
      vertex 79.07326209630796 16.342143286373936 22
    endloop
  endfacet
  facet normal 0.6883545756937567 0.7253743710122851 0
    outer loop
      vertex 81.48355697996826 14.28355697996826 0
      vertex 80.71643824844894 15.011525474643364 0
      vertex 80.71643824844894 15.011525474643364 22
    endloop
  endfacet
  facet normal 0.6494480483301818 0.7604059656000326 0
    outer loop
      vertex 79.91227189920671 15.698348421430811 0
      vertex 79.91227189920671 15.698348421430811 22
      vertex 80.71643824844894 15.011525474643364 0
    endloop
  endfacet
  facet normal 0.47715876025961124 0.8788171126619639 0
    outer loop
      vertex 76.37060809473884 17.998331788605032 0
      vertex 76.37060809473884 17.998331788605032 22
      vertex 77.3 17.493713156445658 0
    endloop
  endfacet
  facet normal -0.5224985647159457 0.8526401643540942 0
    outer loop
      vertex 57.1 17.493713156445658 0
      vertex 57 17.432433077631664 22
      vertex 57.1 17.493713156445658 22
    endloop
  endfacet
  facet normal -0.47715876025961124 0.8788171126619639 0
    outer loop
      vertex 58.02939190526116 17.998331788605032 0
      vertex 57.1 17.493713156445658 22
      vertex 58.02939190526116 17.998331788605032 22
    endloop
  endfacet
  facet normal -0.43051109680829264 0.9025852843498616 0
    outer loop
      vertex 58.98391980986884 18.453618244380536 0
      vertex 58.02939190526116 17.998331788605032 22
      vertex 58.98391980986884 18.453618244380536 22
    endloop
  endfacet
  facet normal -0.3826834323650927 0.9238795325112854 0
    outer loop
      vertex 59.96096741918493 18.858324615243475 0
      vertex 58.98391980986884 18.453618244380536 22
      vertex 59.96096741918493 18.858324615243475 22
    endloop
  endfacet
  facet normal -0.3338068592337692 0.942641491092179 0
    outer loop
      vertex 60.95785671362606 19.2113416291621 0
      vertex 59.96096741918493 18.858324615243475 22
      vertex 60.95785671362606 19.2113416291621 22
    endloop
  endfacet
  facet normal -0.2840153447039237 0.9588197348681927 0
    outer loop
      vertex 61.97185528892908 19.51170169103918 0
      vertex 60.95785671362606 19.2113416291621 22
      vertex 61.97185528892908 19.51170169103918 22
    endloop
  endfacet
  facet normal -0.23344536385590575 0.9723699203976766 0
    outer loop
      vertex 63.00018384548126 19.758581534822873 0
      vertex 61.97185528892908 19.51170169103918 22
      vertex 63.00018384548126 19.758581534822873 22
    endloop
  endfacet
  facet normal -0.18223552549214836 0.9832549075639545 0
    outer loop
      vertex 64.04002380618734 19.951304480021783 0
      vertex 63.00018384548126 19.758581534822873 22
      vertex 64.04002380618734 19.951304480021783 22
    endloop
  endfacet
  facet normal -0.13052619222005027 0.9914448613738107 0
    outer loop
      vertex 65.08852504199339 20.08934228643912 0
      vertex 64.04002380618734 19.951304480021783 22
      vertex 65.08852504199339 20.08934228643912 22
    endloop
  endfacet
  facet normal -0.07845909572784297 0.9969173337331281 0
    outer loop
      vertex 66.14281368389254 20.17231660204239 0
      vertex 65.08852504199339 20.08934228643912 22
      vertex 66.14281368389254 20.17231660204239 22
    endloop
  endfacet
  facet normal -0.026176948307875047 0.9996573249755573 0
    outer loop
      vertex 67.2 20.2 0
      vertex 66.14281368389254 20.17231660204239 22
      vertex 67.2 20.2 22
    endloop
  endfacet
  facet normal 0.026176948307875047 0.9996573249755573 0
    outer loop
      vertex 68.25718631610746 20.17231660204239 0
      vertex 67.2 20.2 22
      vertex 68.25718631610746 20.17231660204239 22
    endloop
  endfacet
  facet normal 0.07845909572784403 0.9969173337331281 0
    outer loop
      vertex 69.3114749580066 20.08934228643912 0
      vertex 68.25718631610746 20.17231660204239 22
      vertex 69.3114749580066 20.08934228643912 22
    endloop
  endfacet
  facet normal 0.8241261886220225 0.566406236924823 0
    outer loop
      vertex 83.7418309582398 11.582714730828544 0
      vertex 83.54214328637394 11.873262096307958 22
      vertex 83.7418309582398 11.582714730828544 22
    endloop
  endfacet
  facet normal 0.7933533402912321 0.6087614290087247 0
    outer loop
      vertex 82.89834842143081 12.712271899206716 0
      vertex 82.89834842143081 12.712271899206716 22
      vertex 83.54214328637394 11.873262096307958 22
    endloop
  endfacet
  facet normal 0.7253743710122849 0.6883545756937569 0
    outer loop
      vertex 81.48355697996826 14.28355697996826 0
      vertex 81.48355697996826 14.28355697996826 22
      vertex 82.21152547464337 13.516438248448935 22
    endloop
  endfacet
  facet normal 0.7604059656000327 0.6494480483301813 0
    outer loop
      vertex 82.21152547464337 13.516438248448935 0
      vertex 82.21152547464337 13.516438248448935 22
      vertex 82.89834842143081 12.712271899206716 22
    endloop
  endfacet
  facet normal 0.13052619222005027 0.9914448613738107 0
    outer loop
      vertex 70.35997619381266 19.951304480021783 0
      vertex 69.3114749580066 20.08934228643912 22
      vertex 70.35997619381266 19.951304480021783 22
    endloop
  endfacet
  facet normal 0.18223552549214836 0.9832549075639545 0
    outer loop
      vertex 71.39981615451873 19.758581534822873 0
      vertex 70.35997619381266 19.951304480021783 22
      vertex 71.39981615451873 19.758581534822873 22
    endloop
  endfacet
  facet normal 0.23344536385590575 0.9723699203976766 0
    outer loop
      vertex 72.42814471107091 19.51170169103918 0
      vertex 71.39981615451873 19.758581534822873 22
      vertex 72.42814471107091 19.51170169103918 22
    endloop
  endfacet
  facet normal 0.2840153447039237 0.9588197348681927 0
    outer loop
      vertex 73.44214328637393 19.2113416291621 0
      vertex 72.42814471107091 19.51170169103918 22
      vertex 73.44214328637393 19.2113416291621 22
    endloop
  endfacet
  facet normal 0.33380685923376713 0.9426414910921798 0
    outer loop
      vertex 74.43903258081507 18.858324615243475 0
      vertex 73.44214328637393 19.2113416291621 22
      vertex 74.43903258081507 18.858324615243475 22
    endloop
  endfacet
  facet normal 0.3826834323650904 0.9238795325112865 0
    outer loop
      vertex 75.41608019013117 18.453618244380536 0
      vertex 74.43903258081507 18.858324615243475 22
      vertex 75.41608019013117 18.453618244380536 22
    endloop
  endfacet
  facet normal 0.4305110968082953 0.9025852843498604 0
    outer loop
      vertex 76.37060809473884 17.998331788605032 0
      vertex 75.41608019013117 18.453618244380536 22
      vertex 76.37060809473884 17.998331788605032 22
    endloop
  endfacet
  facet normal 0.6087614290087204 0.7933533402912353 0
    outer loop
      vertex 79.91227189920671 15.698348421430811 0
      vertex 79.07326209630796 16.342143286373936 22
      vertex 79.91227189920671 15.698348421430811 22
    endloop
  endfacet
  facet normal 0.47715876025961124 0.8788171126619639 0
    outer loop
      vertex 77.3 17.493713156445658 0
      vertex 76.37060809473884 17.998331788605032 22
      vertex 77.3 17.493713156445658 22
    endloop
  endfacet
  facet normal 0.5224985647159432 0.8526401643540956 0
    outer loop
      vertex 78.20170850730355 16.941145472497567 0
      vertex 77.3 17.493713156445658 22
      vertex 78.20170850730355 16.941145472497567 22
    endloop
  endfacet
  facet normal 0.5664062369248365 0.8241261886220131 0
    outer loop
      vertex 79.07326209630796 16.342143286373936 0
      vertex 78.20170850730355 16.941145472497567 22
      vertex 79.07326209630796 16.342143286373936 22
    endloop
  endfacet
  facet normal 0.6883545756937567 0.7253743710122851 0
    outer loop
      vertex 81.48355697996826 14.28355697996826 0
      vertex 80.71643824844894 15.011525474643364 22
      vertex 81.48355697996826 14.28355697996826 22
    endloop
  endfacet
  facet normal 0.6494480483301818 0.7604059656000326 0
    outer loop
      vertex 80.71643824844894 15.011525474643364 0
      vertex 79.91227189920671 15.698348421430811 22
      vertex 80.71643824844894 15.011525474643364 22
    endloop
  endfacet
  facet normal 0 0 1
    outer loop
      vertex 56.260922807856176 11.94484554704218 22
      vertex 56.3600841769865 12.038946172733786 22
      vertex 56.198291492696455 14.434352212428509 22
    endloop
  endfacet
  facet normal 0 0 1
    outer loop
      vertex 56.3600841769865 12.038946172733786 22
      vertex 57.005009664992635 12.589764575602928 22
      vertex 56.198291492696455 14.434352212428509 22
    endloop
  endfacet
  facet normal 0 0 1
    outer loop
      vertex 57.005009664992635 12.589764575602928 22
      vertex 57.677878912861935 13.106075308874148 22
      vertex 56.198291492696455 14.434352212428509 22
    endloop
  endfacet
  facet normal 0 0 1
    outer loop
      vertex 57.677878912861935 13.106075308874148 22
      vertex 57.1 17.493713156445658 22
      vertex 56.198291492696455 14.434352212428509 22
    endloop
  endfacet
  facet normal 0 0 1
    outer loop
      vertex 57.677878912861935 13.106075308874148 22
      vertex 58.376847632756565 13.586463200715869 22
      vertex 57.1 17.493713156445658 22
    endloop
  endfacet
  facet normal 0 0 1
    outer loop
      vertex 56.198291492696455 14.434352212428509 22
      vertex 57 17.432433077631664 22
      vertex 56.99898979904178 17.431814025688286 22
    endloop
  endfacet
  facet normal 0 0 1
    outer loop
      vertex 56.198291492696455 14.434352212428509 22
      vertex 57.1 17.493713156445658 22
      vertex 57 17.432433077631664 22
    endloop
  endfacet
  facet normal 0 0 1
    outer loop
      vertex 58.376847632756565 13.586463200715869 22
      vertex 58.02939190526116 17.998331788605032 22
      vertex 57.1 17.493713156445658 22
    endloop
  endfacet
  facet normal 0 0 1
    outer loop
      vertex 58.376847632756565 13.586463200715869 22
      vertex 59.1 14.029611541307904 22
      vertex 58.02939190526116 17.998331788605032 22
    endloop
  endfacet
  facet normal 0 0 1
    outer loop
      vertex 59.1 14.029611541307904 22
      vertex 59.845353904219344 14.43430569185156 22
      vertex 58.98391980986884 18.453618244380536 22
    endloop
  endfacet
  facet normal 0 0 1
    outer loop
      vertex 59.845353904219344 14.43430569185156 22
      vertex 60.610866382172034 14.799436413810133 22
      vertex 58.98391980986884 18.453618244380536 22
    endloop
  endfacet
  facet normal 0 0 1
    outer loop
      vertex 59.1 14.029611541307904 22
      vertex 58.98391980986884 18.453618244380536 22
      vertex 58.02939190526116 17.998331788605032 22
    endloop
  endfacet
  facet normal 0 0 1
    outer loop
      vertex 60.610866382172034 14.799436413810133 22
      vertex 59.96096741918493 18.858324615243475 22
      vertex 58.98391980986884 18.453618244380536 22
    endloop
  endfacet
  facet normal 0 0 1
    outer loop
      vertex 60.610866382172034 14.799436413810133 22
      vertex 61.394439217366134 15.124002909254667 22
      vertex 59.96096741918493 18.858324615243475 22
    endloop
  endfacet
  facet normal 0 0 1
    outer loop
      vertex 61.394439217366134 15.124002909254667 22
      vertex 62.19392469112585 15.407115563981487 22
      vertex 60.95785671362606 19.2113416291621 22
    endloop
  endfacet
  facet normal 0 0 1
    outer loop
      vertex 61.394439217366134 15.124002909254667 22
      vertex 60.95785671362606 19.2113416291621 22
      vertex 59.96096741918493 18.858324615243475 22
    endloop
  endfacet
  facet normal 0 0 1
    outer loop
      vertex 60.95785671362606 19.2113416291621 22
      vertex 62.19392469112585 15.407115563981487 22
      vertex 61.97185528892908 19.51170169103918 22
    endloop
  endfacet
  facet normal 0 0 1
    outer loop
      vertex 61.97185528892908 19.51170169103918 22
      vertex 62.19392469112585 15.407115563981487 22
      vertex 63.007131469339164 15.647998385882905 22
    endloop
  endfacet
  facet normal 0 0 1
    outer loop
      vertex 63.007131469339164 15.647998385882905 22
      vertex 63.8318306087523 15.84599113188765 22
      vertex 63.00018384548126 19.758581534822873 22
    endloop
  endfacet
  facet normal 0 0 1
    outer loop
      vertex 63.8318306087523 15.84599113188765 22
      vertex 64.66576166634826 16.00055111764123 22
      vertex 63.00018384548126 19.758581534822873 22
    endloop
  endfacet
  facet normal 0 0 1
    outer loop
      vertex 64.66576166634826 16.00055111764123 22
      vertex 65.50663889506401 16.111254704966026 22
      vertex 64.04002380618734 19.951304480021783 22
    endloop
  endfacet
  facet normal 0 0 1
    outer loop
      vertex 65.50663889506401 16.111254704966026 22
      vertex 66.35215750886431 16.177798463024097 22
      vertex 65.08852504199339 20.08934228643912 22
    endloop
  endfacet
  facet normal 0 0 1
    outer loop
      vertex 66.35215750886431 16.177798463024097 22
      vertex 67.2 16.2 22
      vertex 67.2 20.2 22
    endloop
  endfacet
  facet normal 0 0 1
    outer loop
      vertex 67.2 16.2 22
      vertex 68.0478424911357 16.177798463024097 22
      vertex 67.2 20.2 22
    endloop
  endfacet
  facet normal 0 0 1
    outer loop
      vertex 68.0478424911357 16.177798463024097 22
      vertex 68.89336110493599 16.111254704966026 22
      vertex 68.25718631610746 20.17231660204239 22
    endloop
  endfacet
  facet normal 0 0 1
    outer loop
      vertex 61.97185528892908 19.51170169103918 22
      vertex 63.007131469339164 15.647998385882905 22
      vertex 63.00018384548126 19.758581534822873 22
    endloop
  endfacet
  facet normal 0 0 1
    outer loop
      vertex 64.66576166634826 16.00055111764123 22
      vertex 64.04002380618734 19.951304480021783 22
      vertex 63.00018384548126 19.758581534822873 22
    endloop
  endfacet
  facet normal 0 0 1
    outer loop
      vertex 65.50663889506401 16.111254704966026 22
      vertex 65.08852504199339 20.08934228643912 22
      vertex 64.04002380618734 19.951304480021783 22
    endloop
  endfacet
  facet normal 0 0 1
    outer loop
      vertex 66.35215750886431 16.177798463024097 22
      vertex 66.14281368389254 20.17231660204239 22
      vertex 65.08852504199339 20.08934228643912 22
    endloop
  endfacet
  facet normal 0 0 1
    outer loop
      vertex 66.35215750886431 16.177798463024097 22
      vertex 67.2 20.2 22
      vertex 66.14281368389254 20.17231660204239 22
    endloop
  endfacet
  facet normal 0 0 1
    outer loop
      vertex 68.0478424911357 16.177798463024097 22
      vertex 68.25718631610746 20.17231660204239 22
      vertex 67.2 20.2 22
    endloop
  endfacet
  facet normal 0 0 1
    outer loop
      vertex 68.89336110493599 16.111254704966026 22
      vertex 69.3114749580066 20.08934228643912 22
      vertex 68.25718631610746 20.17231660204239 22
    endloop
  endfacet
  facet normal 0 0 1
    outer loop
      vertex 80.46622086749925 9.289107853436754 22
      vertex 83.7418309582398 11.582714730828544 22
      vertex 80.30607530887414 9.522121087138064 22
    endloop
  endfacet
  facet normal 0 0 1
    outer loop
      vertex 79.78976457560293 10.194990335007365 22
      vertex 80.30607530887414 9.522121087138064 22
      vertex 79.91227189920671 15.698348421430811 22
    endloop
  endfacet
  facet normal 0 0 1
    outer loop
      vertex 79.78976457560293 10.194990335007365 22
      vertex 79.91227189920671 15.698348421430811 22
      vertex 79.23894617273379 10.839915823013502 22
    endloop
  endfacet
  facet normal 0 0 1
    outer loop
      vertex 78.0399158230135 12.038946172733786 22
      vertex 78.65512985522207 11.45512985522207 22
      vertex 78.20170850730355 16.941145472497567 22
    endloop
  endfacet
  facet normal 0 0 1
    outer loop
      vertex 78.0399158230135 12.038946172733786 22
      vertex 77.3 17.493713156445658 22
      vertex 77.39499033500736 12.589764575602928 22
    endloop
  endfacet
  facet normal 0 0 1
    outer loop
      vertex 79.23894617273379 10.839915823013502 22
      vertex 79.07326209630796 16.342143286373936 22
      vertex 78.65512985522207 11.45512985522207 22
    endloop
  endfacet
  facet normal 0 0 1
    outer loop
      vertex 79.23894617273379 10.839915823013502 22
      vertex 79.91227189920671 15.698348421430811 22
      vertex 79.07326209630796 16.342143286373936 22
    endloop
  endfacet
  facet normal 0 0 1
    outer loop
      vertex 80.30607530887414 9.522121087138064 22
      vertex 83.7418309582398 11.582714730828544 22
      vertex 80.71643824844894 15.011525474643364 22
    endloop
  endfacet
  facet normal 0 0 1
    outer loop
      vertex 83.7418309582398 11.582714730828544 22
      vertex 83.54214328637394 11.873262096307958 22
      vertex 82.89834842143081 12.712271899206716 22
    endloop
  endfacet
  facet normal 0 0 1
    outer loop
      vertex 80.30607530887414 9.522121087138064 22
      vertex 80.71643824844894 15.011525474643364 22
      vertex 79.91227189920671 15.698348421430811 22
    endloop
  endfacet
  facet normal 0 0 1
    outer loop
      vertex 83.7418309582398 11.582714730828544 22
      vertex 82.21152547464337 13.516438248448935 22
      vertex 81.48355697996826 14.28355697996826 22
    endloop
  endfacet
  facet normal 0 0 1
    outer loop
      vertex 83.7418309582398 11.582714730828544 22
      vertex 82.89834842143081 12.712271899206716 22
      vertex 82.21152547464337 13.516438248448935 22
    endloop
  endfacet
  facet normal 0 0 1
    outer loop
      vertex 83.7418309582398 11.582714730828544 22
      vertex 81.48355697996826 14.28355697996826 22
      vertex 80.71643824844894 15.011525474643364 22
    endloop
  endfacet
  facet normal 0 0 1
    outer loop
      vertex 68.89336110493599 16.111254704966026 22
      vertex 69.73423833365175 16.00055111764123 22
      vertex 69.3114749580066 20.08934228643912 22
    endloop
  endfacet
  facet normal 0 0 1
    outer loop
      vertex 69.73423833365175 16.00055111764123 22
      vertex 70.5681693912477 15.84599113188765 22
      vertex 70.35997619381266 19.951304480021783 22
    endloop
  endfacet
  facet normal 0 0 1
    outer loop
      vertex 72.20607530887415 15.407115563981487 22
      vertex 73.00556078263386 15.124002909254667 22
      vertex 72.42814471107091 19.51170169103918 22
    endloop
  endfacet
  facet normal 0 0 1
    outer loop
      vertex 70.5681693912477 15.84599113188765 22
      vertex 71.39286853066083 15.647998385882905 22
      vertex 71.39981615451873 19.758581534822873 22
    endloop
  endfacet
  facet normal 0 0 1
    outer loop
      vertex 71.39286853066083 15.647998385882905 22
      vertex 72.20607530887415 15.407115563981487 22
      vertex 71.39981615451873 19.758581534822873 22
    endloop
  endfacet
  facet normal 0 0 1
    outer loop
      vertex 76.02315236724344 13.586463200715869 22
      vertex 76.72212108713806 13.106075308874148 22
      vertex 76.37060809473884 17.998331788605032 22
    endloop
  endfacet
  facet normal 0 0 1
    outer loop
      vertex 75.3 14.029611541307904 22
      vertex 76.02315236724344 13.586463200715869 22
      vertex 75.41608019013117 18.453618244380536 22
    endloop
  endfacet
  facet normal 0 0 1
    outer loop
      vertex 75.3 14.029611541307904 22
      vertex 74.43903258081507 18.858324615243475 22
      vertex 74.55464609578065 14.43430569185156 22
    endloop
  endfacet
  facet normal 0 0 1
    outer loop
      vertex 73.00556078263386 15.124002909254667 22
      vertex 73.78913361782796 14.799436413810133 22
      vertex 73.44214328637393 19.2113416291621 22
    endloop
  endfacet
  facet normal 0 0 1
    outer loop
      vertex 73.78913361782796 14.799436413810133 22
      vertex 74.55464609578065 14.43430569185156 22
      vertex 74.43903258081507 18.858324615243475 22
    endloop
  endfacet
  facet normal 0 0 1
    outer loop
      vertex 73.78913361782796 14.799436413810133 22
      vertex 74.43903258081507 18.858324615243475 22
      vertex 73.44214328637393 19.2113416291621 22
    endloop
  endfacet
  facet normal 0 0 1
    outer loop
      vertex 76.02315236724344 13.586463200715869 22
      vertex 76.37060809473884 17.998331788605032 22
      vertex 75.41608019013117 18.453618244380536 22
    endloop
  endfacet
  facet normal 0 0 1
    outer loop
      vertex 75.3 14.029611541307904 22
      vertex 75.41608019013117 18.453618244380536 22
      vertex 74.43903258081507 18.858324615243475 22
    endloop
  endfacet
  facet normal 0 0 1
    outer loop
      vertex 70.5681693912477 15.84599113188765 22
      vertex 71.39981615451873 19.758581534822873 22
      vertex 70.35997619381266 19.951304480021783 22
    endloop
  endfacet
  facet normal 0 0 1
    outer loop
      vertex 69.73423833365175 16.00055111764123 22
      vertex 70.35997619381266 19.951304480021783 22
      vertex 69.3114749580066 20.08934228643912 22
    endloop
  endfacet
  facet normal 0 0 1
    outer loop
      vertex 72.20607530887415 15.407115563981487 22
      vertex 72.42814471107091 19.51170169103918 22
      vertex 71.39981615451873 19.758581534822873 22
    endloop
  endfacet
  facet normal 0 0 1
    outer loop
      vertex 73.00556078263386 15.124002909254667 22
      vertex 73.44214328637393 19.2113416291621 22
      vertex 72.42814471107091 19.51170169103918 22
    endloop
  endfacet
  facet normal 0 0 1
    outer loop
      vertex 77.39499033500736 12.589764575602928 22
      vertex 77.3 17.493713156445658 22
      vertex 76.72212108713806 13.106075308874148 22
    endloop
  endfacet
  facet normal 0 0 1
    outer loop
      vertex 78.0399158230135 12.038946172733786 22
      vertex 78.20170850730355 16.941145472497567 22
      vertex 77.3 17.493713156445658 22
    endloop
  endfacet
  facet normal 0 0 1
    outer loop
      vertex 78.65512985522207 11.45512985522207 22
      vertex 79.07326209630796 16.342143286373936 22
      vertex 78.20170850730355 16.941145472497567 22
    endloop
  endfacet
  facet normal 0 0 1
    outer loop
      vertex 76.72212108713806 13.106075308874148 22
      vertex 77.3 17.493713156445658 22
      vertex 76.37060809473884 17.998331788605032 22
    endloop
  endfacet
  facet normal 0 0 -1
    outer loop
      vertex 42 -20 0
      vertex 47.01 -19.99743559577316 0
      vertex 47.01 -20 0
    endloop
  endfacet
  facet normal 0 0 -1
    outer loop
      vertex 42 -20 0
      vertex 47.01 -19.96256440422684 0
      vertex 47.01 -19.99743559577316 0
    endloop
  endfacet
  facet normal 0 0 -1
    outer loop
      vertex 42 -20 0
      vertex 47 -0.4210425079543122 0
      vertex 47.01 -19.96256440422684 0
    endloop
  endfacet
  facet normal 0 0 -1
    outer loop
      vertex 42 -20 0
      vertex 47 0.34120218859303647 0
      vertex 47 -0.4210425079543122 0
    endloop
  endfacet
  facet normal 0 -1 0
    outer loop
      vertex 42 -20 0
      vertex 47.01 -20 0
      vertex 47.01 -20 22
    endloop
  endfacet
  facet normal 1 0 0
    outer loop
      vertex 47.01 -20 0
      vertex 47.01 -19.99743559577316 0
      vertex 47.01 -19.99743559577316 22
    endloop
  endfacet
  facet normal 0 0 -1
    outer loop
      vertex 42 -20 0
      vertex 47.01 20 0
      vertex 47 0.34120218859303647 0
    endloop
  endfacet
  facet normal 0 0 -1
    outer loop
      vertex 42 -20 0
      vertex 42 20 0
      vertex 47.01 20 0
    endloop
  endfacet
  facet normal -1 0 0
    outer loop
      vertex 42 -20 0
      vertex 42 20 22
      vertex 42 20 0
    endloop
  endfacet
  facet normal 0 -1 0
    outer loop
      vertex 42 -20 0
      vertex 47.01 -20 22
      vertex 42 -20 22
    endloop
  endfacet
  facet normal 1 0 0
    outer loop
      vertex 47.01 -20 0
      vertex 47.01 -19.99743559577316 22
      vertex 47.01 -20 22
    endloop
  endfacet
  facet normal -1 0 0
    outer loop
      vertex 42 -20 0
      vertex 42 -20 22
      vertex 42 20 22
    endloop
  endfacet
  facet normal 0 0 1
    outer loop
      vertex 47.01 -20 22
      vertex 47.01 -19.99743559577316 22
      vertex 47 -0.34120218859303647 22
    endloop
  endfacet
  facet normal 0 0 1
    outer loop
      vertex 47.01 -19.99743559577316 22
      vertex 47.01 -19.96256440422684 22
      vertex 47 -0.34120218859303647 22
    endloop
  endfacet
  facet normal 0 0 1
    outer loop
      vertex 42 -20 22
      vertex 47.01 -20 22
      vertex 42 20 22
    endloop
  endfacet
  facet normal 0 0 1
    outer loop
      vertex 47.01 -20 22
      vertex 47 -0.34120218859303647 22
      vertex 42 20 22
    endloop
  endfacet
  facet normal 0 0 1
    outer loop
      vertex 47 -0.34120218859303647 22
      vertex 47 0.4210425079543122 22
      vertex 42 20 22
    endloop
  endfacet
  facet normal 0 0 -1
    outer loop
      vertex 47 0.34120218859303647 0
      vertex 47.01 20 0
      vertex 47.01 19.99743559577316 0
    endloop
  endfacet
  facet normal 0 1 0
    outer loop
      vertex 42 20 0
      vertex 42 20 22
      vertex 47.01 20 0
    endloop
  endfacet
  facet normal 1 0 0
    outer loop
      vertex 47.01 20 0
      vertex 47.01 20 22
      vertex 47.01 19.99743559577316 0
    endloop
  endfacet
  facet normal 0 1 0
    outer loop
      vertex 47.01 20 0
      vertex 42 20 22
      vertex 47.01 20 22
    endloop
  endfacet
  facet normal 1 0 0
    outer loop
      vertex 47.01 19.99743559577316 0
      vertex 47.01 20 22
      vertex 47.01 19.99743559577316 22
    endloop
  endfacet
  facet normal 0 0 1
    outer loop
      vertex 47 0.4210425079543122 22
      vertex 47.01 19.99743559577316 22
      vertex 42 20 22
    endloop
  endfacet
  facet normal 0 0 1
    outer loop
      vertex 42 20 22
      vertex 47.01 19.99743559577316 22
      vertex 47.01 20 22
    endloop
  endfacet
  facet normal 0 0 -1
    outer loop
      vertex 47.01 -19.99743559577316 0
      vertex 47.01 -19.96256440422684 0
      vertex 57 -17.435595773160458 0
    endloop
  endfacet
  facet normal 0 0 -1
    outer loop
      vertex 47.01 -19.96256440422684 0
      vertex 57 -17.432433077631664 0
      vertex 57 -17.435595773160458 0
    endloop
  endfacet
  facet normal 0 0 -1
    outer loop
      vertex 47.01 -19.96256440422684 0
      vertex 57 -12.585485917492075 0
      vertex 57 -17.432433077631664 0
    endloop
  endfacet
  facet normal 0 0 -1
    outer loop
      vertex 47.01 -19.96256440422684 0
      vertex 55.161053827266215 -10.839915823013502 0
      vertex 55.74487014477793 -11.45512985522207 0
    endloop
  endfacet
  facet normal 0 0 -1
    outer loop
      vertex 47.01 -19.96256440422684 0
      vertex 54.610235424397075 -10.194990335007365 0
      vertex 55.161053827266215 -10.839915823013502 0
    endloop
  endfacet
  facet normal 0 0 -1
    outer loop
      vertex 47.01 -19.96256440422684 0
      vertex 56.3600841769865 -12.038946172733786 0
      vertex 57 -12.585485917492075 0
    endloop
  endfacet
  facet normal 0 0 -1
    outer loop
      vertex 47.01 -19.96256440422684 0
      vertex 55.74487014477793 -11.45512985522207 0
      vertex 56.3600841769865 -12.038946172733786 0
    endloop
  endfacet
  facet normal 0 0 -1
    outer loop
      vertex 47.01 -19.96256440422684 0
      vertex 52.76569430814844 -7.354646095780657 0
      vertex 53.170388458692095 -8.1 0
    endloop
  endfacet
  facet normal 0 0 -1
    outer loop
      vertex 47.01 -19.96256440422684 0
      vertex 52.40056358618987 -6.589133617827963 0
      vertex 52.76569430814844 -7.354646095780657 0
    endloop
  endfacet
  facet normal 0 0 -1
    outer loop
      vertex 47.01 -19.96256440422684 0
      vertex 52.07599709074533 -5.805560782633864 0
      vertex 52.40056358618987 -6.589133617827963 0
    endloop
  endfacet
  facet normal 0 0 -1
    outer loop
      vertex 47.01 -19.96256440422684 0
      vertex 51.79288443601851 -5.006075308874148 0
      vertex 52.07599709074533 -5.805560782633864 0
    endloop
  endfacet
  facet normal 0 0 -1
    outer loop
      vertex 47.01 -19.96256440422684 0
      vertex 54.09392469112585 -9.522121087138064 0
      vertex 54.610235424397075 -10.194990335007365 0
    endloop
  endfacet
  facet normal 0 0 -1
    outer loop
      vertex 47.01 -19.96256440422684 0
      vertex 53.613536799284134 -8.823152367243438 0
      vertex 54.09392469112585 -9.522121087138064 0
    endloop
  endfacet
  facet normal 0 0 -1
    outer loop
      vertex 47.01 -19.96256440422684 0
      vertex 53.170388458692095 -8.1 0
      vertex 53.613536799284134 -8.823152367243438 0
    endloop
  endfacet
  facet normal 0 0 -1
    outer loop
      vertex 47.01 -19.96256440422684 0
      vertex 47 -0.4210425079543122 0
      vertex 51.552001614117096 -4.192868530660836 0
    endloop
  endfacet
  facet normal 0 0 -1
    outer loop
      vertex 47.01 -19.96256440422684 0
      vertex 51.552001614117096 -4.192868530660836 0
      vertex 51.79288443601851 -5.006075308874148 0
    endloop
  endfacet
  facet normal 0.24840276829709937 -0.9686568353665489 0
    outer loop
      vertex 47.01 -19.99743559577316 0
      vertex 57 -17.435595773160458 0
      vertex 47.01 -19.99743559577316 22
    endloop
  endfacet
  facet normal 0 0 -1
    outer loop
      vertex 47 -0.4210425079543122 0
      vertex 51.354008868112345 -3.3681693912477013 0
      vertex 51.552001614117096 -4.192868530660836 0
    endloop
  endfacet
  facet normal 0 0 -1
    outer loop
      vertex 47 -0.4210425079543122 0
      vertex 51.199448882358766 -2.53423833365174 0
      vertex 51.354008868112345 -3.3681693912477013 0
    endloop
  endfacet
  facet normal 0 0 -1
    outer loop
      vertex 47 -0.4210425079543122 0
      vertex 51.08874529503397 -1.6933611049359862 0
      vertex 51.199448882358766 -2.53423833365174 0
    endloop
  endfacet
  facet normal 0 0 -1
    outer loop
      vertex 47 -0.4210425079543122 0
      vertex 51.0222015369759 -0.8478424911356901 0
      vertex 51.08874529503397 -1.6933611049359862 0
    endloop
  endfacet
  facet normal 0 0 -1
    outer loop
      vertex 47 -0.4210425079543122 0
      vertex 51 0 0
      vertex 51.0222015369759 -0.8478424911356901 0
    endloop
  endfacet
  facet normal 0 0 -1
    outer loop
      vertex 47 -0.4210425079543122 0
      vertex 51.0222015369759 0.8478424911356901 0
      vertex 51 0 0
    endloop
  endfacet
  facet normal 0 0 -1
    outer loop
      vertex 47 -0.4210425079543122 0
      vertex 51.08874529503397 1.6933611049359862 0
      vertex 51.0222015369759 0.8478424911356901 0
    endloop
  endfacet
  facet normal 0 0 -1
    outer loop
      vertex 47 -0.4210425079543122 0
      vertex 51.199448882358766 2.53423833365174 0
      vertex 51.08874529503397 1.6933611049359862 0
    endloop
  endfacet
  facet normal 0 0 -1
    outer loop
      vertex 47 -0.4210425079543122 0
      vertex 51.354008868112345 3.3681693912477013 0
      vertex 51.199448882358766 2.53423833365174 0
    endloop
  endfacet
  facet normal 0 0 -1
    outer loop
      vertex 47 -0.4210425079543122 0
      vertex 51.552001614117096 4.192868530660836 0
      vertex 51.354008868112345 3.3681693912477013 0
    endloop
  endfacet
  facet normal 0 0 -1
    outer loop
      vertex 47 -0.4210425079543122 0
      vertex 51.79288443601851 5.006075308874148 0
      vertex 51.552001614117096 4.192868530660836 0
    endloop
  endfacet
  facet normal 0 0 -1
    outer loop
      vertex 47 -0.4210425079543122 0
      vertex 52.07599709074533 5.805560782633864 0
      vertex 51.79288443601851 5.006075308874148 0
    endloop
  endfacet
  facet normal 0 0 -1
    outer loop
      vertex 47 -0.4210425079543122 0
      vertex 52.40056358618987 6.589133617827963 0
      vertex 52.07599709074533 5.805560782633864 0
    endloop
  endfacet
  facet normal 0 0 -1
    outer loop
      vertex 47 -0.4210425079543122 0
      vertex 52.76569430814844 7.354646095780657 0
      vertex 52.40056358618987 6.589133617827963 0
    endloop
  endfacet
  facet normal 0 0 -1
    outer loop
      vertex 47 -0.4210425079543122 0
      vertex 53.170388458692095 8.1 0
      vertex 52.76569430814844 7.354646095780657 0
    endloop
  endfacet
  facet normal 0 0 -1
    outer loop
      vertex 47 -0.4210425079543122 0
      vertex 47 0.34120218859303647 0
      vertex 57 17.435595773160458 0
    endloop
  endfacet
  facet normal 0 0 -1
    outer loop
      vertex 47 -0.4210425079543122 0
      vertex 53.613536799284134 8.823152367243438 0
      vertex 53.170388458692095 8.1 0
    endloop
  endfacet
  facet normal 0 0 -1
    outer loop
      vertex 47 -0.4210425079543122 0
      vertex 54.09392469112585 9.522121087138064 0
      vertex 53.613536799284134 8.823152367243438 0
    endloop
  endfacet
  facet normal 1 0 0
    outer loop
      vertex 57 -17.435595773160458 0
      vertex 57 -17.432433077631664 0
      vertex 57 -17.435595773160458 22
    endloop
  endfacet
  facet normal 0.24840276829709937 -0.9686568353665489 0
    outer loop
      vertex 57 -17.435595773160458 0
      vertex 57 -17.435595773160458 22
      vertex 47.01 -19.99743559577316 22
    endloop
  endfacet
  facet normal 0 0 1
    outer loop
      vertex 47.01 -19.99743559577316 22
      vertex 57 -17.435595773160458 22
      vertex 47.01 -19.96256440422684 22
    endloop
  endfacet
  facet normal 0 0 1
    outer loop
      vertex 47.01 -19.96256440422684 22
      vertex 57 -17.435595773160458 22
      vertex 56.3600841769865 -12.038946172733786 22
    endloop
  endfacet
  facet normal 0 0 1
    outer loop
      vertex 47.01 -19.96256440422684 22
      vertex 55.74487014477793 -11.45512985522207 22
      vertex 55.161053827266215 -10.839915823013502 22
    endloop
  endfacet
  facet normal 0 0 1
    outer loop
      vertex 47.01 -19.96256440422684 22
      vertex 55.161053827266215 -10.839915823013502 22
      vertex 54.610235424397075 -10.194990335007365 22
    endloop
  endfacet
  facet normal 0 0 1
    outer loop
      vertex 47.01 -19.96256440422684 22
      vertex 56.3600841769865 -12.038946172733786 22
      vertex 55.74487014477793 -11.45512985522207 22
    endloop
  endfacet
  facet normal 0 0 1
    outer loop
      vertex 47.01 -19.96256440422684 22
      vertex 53.170388458692095 -8.1 22
      vertex 52.76569430814844 -7.354646095780657 22
    endloop
  endfacet
  facet normal 0 0 1
    outer loop
      vertex 47.01 -19.96256440422684 22
      vertex 52.76569430814844 -7.354646095780657 22
      vertex 52.40056358618987 -6.589133617827963 22
    endloop
  endfacet
  facet normal 0 0 1
    outer loop
      vertex 47.01 -19.96256440422684 22
      vertex 52.40056358618987 -6.589133617827963 22
      vertex 52.07599709074533 -5.805560782633864 22
    endloop
  endfacet
  facet normal 0 0 1
    outer loop
      vertex 47.01 -19.96256440422684 22
      vertex 52.07599709074533 -5.805560782633864 22
      vertex 51.79288443601851 -5.006075308874148 22
    endloop
  endfacet
  facet normal 0 0 1
    outer loop
      vertex 47.01 -19.96256440422684 22
      vertex 54.610235424397075 -10.194990335007365 22
      vertex 54.09392469112585 -9.522121087138064 22
    endloop
  endfacet
  facet normal 0 0 1
    outer loop
      vertex 47.01 -19.96256440422684 22
      vertex 54.09392469112585 -9.522121087138064 22
      vertex 53.613536799284134 -8.823152367243438 22
    endloop
  endfacet
  facet normal 0 0 1
    outer loop
      vertex 47.01 -19.96256440422684 22
      vertex 53.613536799284134 -8.823152367243438 22
      vertex 53.170388458692095 -8.1 22
    endloop
  endfacet
  facet normal 0 0 1
    outer loop
      vertex 47.01 -19.96256440422684 22
      vertex 51.79288443601851 -5.006075308874148 22
      vertex 51.552001614117096 -4.192868530660836 22
    endloop
  endfacet
  facet normal 0 0 1
    outer loop
      vertex 47.01 -19.96256440422684 22
      vertex 51.552001614117096 -4.192868530660836 22
      vertex 51.354008868112345 -3.3681693912477013 22
    endloop
  endfacet
  facet normal 0 0 1
    outer loop
      vertex 47.01 -19.96256440422684 22
      vertex 51.354008868112345 -3.3681693912477013 22
      vertex 47 -0.34120218859303647 22
    endloop
  endfacet
  facet normal 0 0 1
    outer loop
      vertex 47 -0.34120218859303647 22
      vertex 51.354008868112345 -3.3681693912477013 22
      vertex 51.199448882358766 -2.53423833365174 22
    endloop
  endfacet
  facet normal 0 0 1
    outer loop
      vertex 47 -0.34120218859303647 22
      vertex 51.199448882358766 -2.53423833365174 22
      vertex 51.08874529503397 -1.6933611049359862 22
    endloop
  endfacet
  facet normal 0 0 1
    outer loop
      vertex 47 -0.34120218859303647 22
      vertex 51.08874529503397 -1.6933611049359862 22
      vertex 51.0222015369759 -0.8478424911356901 22
    endloop
  endfacet
  facet normal 0 0 1
    outer loop
      vertex 47 -0.34120218859303647 22
      vertex 51.0222015369759 -0.8478424911356901 22
      vertex 51 0 22
    endloop
  endfacet
  facet normal 0 0 1
    outer loop
      vertex 47 -0.34120218859303647 22
      vertex 51 0 22
      vertex 51.0222015369759 0.8478424911356901 22
    endloop
  endfacet
  facet normal 0 0 1
    outer loop
      vertex 47 -0.34120218859303647 22
      vertex 51.0222015369759 0.8478424911356901 22
      vertex 51.08874529503397 1.6933611049359862 22
    endloop
  endfacet
  facet normal 0 0 1
    outer loop
      vertex 47 -0.34120218859303647 22
      vertex 51.08874529503397 1.6933611049359862 22
      vertex 51.199448882358766 2.53423833365174 22
    endloop
  endfacet
  facet normal 0 0 1
    outer loop
      vertex 47 -0.34120218859303647 22
      vertex 51.199448882358766 2.53423833365174 22
      vertex 51.354008868112345 3.3681693912477013 22
    endloop
  endfacet
  facet normal 0 0 1
    outer loop
      vertex 47 -0.34120218859303647 22
      vertex 51.354008868112345 3.3681693912477013 22
      vertex 51.552001614117096 4.192868530660836 22
    endloop
  endfacet
  facet normal 0 0 1
    outer loop
      vertex 47 -0.34120218859303647 22
      vertex 51.552001614117096 4.192868530660836 22
      vertex 51.79288443601851 5.006075308874148 22
    endloop
  endfacet
  facet normal 0 0 1
    outer loop
      vertex 47 -0.34120218859303647 22
      vertex 51.79288443601851 5.006075308874148 22
      vertex 52.07599709074533 5.805560782633864 22
    endloop
  endfacet
  facet normal 0 0 1
    outer loop
      vertex 47 -0.34120218859303647 22
      vertex 52.07599709074533 5.805560782633864 22
      vertex 52.40056358618987 6.589133617827963 22
    endloop
  endfacet
  facet normal 0 0 1
    outer loop
      vertex 47 -0.34120218859303647 22
      vertex 52.40056358618987 6.589133617827963 22
      vertex 52.76569430814844 7.354646095780657 22
    endloop
  endfacet
  facet normal 0 0 1
    outer loop
      vertex 47 -0.34120218859303647 22
      vertex 56.198291492696455 14.434352212428509 22
      vertex 47 0.4210425079543122 22
    endloop
  endfacet
  facet normal 0 0 1
    outer loop
      vertex 47 -0.34120218859303647 22
      vertex 52.76569430814844 7.354646095780657 22
      vertex 53.170388458692095 8.1 22
    endloop
  endfacet
  facet normal 0 0 1
    outer loop
      vertex 47 -0.34120218859303647 22
      vertex 53.170388458692095 8.1 22
      vertex 53.613536799284134 8.823152367243438 22
    endloop
  endfacet
  facet normal 0 0 1
    outer loop
      vertex 47 -0.34120218859303647 22
      vertex 53.613536799284134 8.823152367243438 22
      vertex 54.09392469112585 9.522121087138064 22
    endloop
  endfacet
  facet normal 1 0 0
    outer loop
      vertex 57 -17.432433077631664 0
      vertex 57 -17.432433077631664 22
      vertex 57 -17.435595773160458 22
    endloop
  endfacet
  facet normal 0 0 1
    outer loop
      vertex 57 -17.435595773160458 22
      vertex 57 -17.432433077631664 22
      vertex 56.3600841769865 -12.038946172733786 22
    endloop
  endfacet
  facet normal 0 0 1
    outer loop
      vertex 57 -17.432433077631664 22
      vertex 56.875382236420634 -12.479052292553282 22
      vertex 56.3600841769865 -12.038946172733786 22
    endloop
  endfacet
  facet normal 0 0 -1
    outer loop
      vertex 47 -0.4210425079543122 0
      vertex 57 17.435595773160458 0
      vertex 54.09392469112585 9.522121087138064 0
    endloop
  endfacet
  facet normal 0 0 -1
    outer loop
      vertex 47 0.34120218859303647 0
      vertex 47.01 19.99743559577316 0
      vertex 57 17.435595773160458 0
    endloop
  endfacet
  facet normal 0.24840276829709937 0.9686568353665489 0
    outer loop
      vertex 47.01 19.99743559577316 0
      vertex 57 17.435595773160458 22
      vertex 57 17.435595773160458 0
    endloop
  endfacet
  facet normal 0 0 -1
    outer loop
      vertex 54.09392469112585 9.522121087138064 0
      vertex 57 17.435595773160458 0
      vertex 54.610235424397075 10.194990335007365 0
    endloop
  endfacet
  facet normal 0 0 -1
    outer loop
      vertex 55.74487014477793 11.45512985522207 0
      vertex 57 13.674867226743114 0
      vertex 56.3600841769865 12.038946172733786 0
    endloop
  endfacet
  facet normal 0 0 -1
    outer loop
      vertex 54.610235424397075 10.194990335007365 0
      vertex 57 17.435595773160458 0
      vertex 55.161053827266215 10.839915823013502 0
    endloop
  endfacet
  facet normal 0 0 -1
    outer loop
      vertex 55.161053827266215 10.839915823013502 0
      vertex 57 17.432433077631664 0
      vertex 55.74487014477793 11.45512985522207 0
    endloop
  endfacet
  facet normal 0 0 -1
    outer loop
      vertex 55.74487014477793 11.45512985522207 0
      vertex 57 17.432433077631664 0
      vertex 57 13.674867226743114 0
    endloop
  endfacet
  facet normal 0 0 -1
    outer loop
      vertex 56.3600841769865 12.038946172733786 0
      vertex 57 13.674867226743114 0
      vertex 57 12.585485917492075 0
    endloop
  endfacet
  facet normal 0 0 -1
    outer loop
      vertex 55.161053827266215 10.839915823013502 0
      vertex 57 17.435595773160458 0
      vertex 57 17.432433077631664 0
    endloop
  endfacet
  facet normal 1 0 0
    outer loop
      vertex 57 17.435595773160458 0
      vertex 57 17.432433077631664 22
      vertex 57 17.432433077631664 0
    endloop
  endfacet
  facet normal 0.24840276829709937 0.9686568353665489 0
    outer loop
      vertex 47.01 19.99743559577316 0
      vertex 47.01 19.99743559577316 22
      vertex 57 17.435595773160458 22
    endloop
  endfacet
  facet normal 0 0 1
    outer loop
      vertex 47 -0.34120218859303647 22
      vertex 54.09392469112585 9.522121087138064 22
      vertex 56.198291492696455 14.434352212428509 22
    endloop
  endfacet
  facet normal 0 0 1
    outer loop
      vertex 47 0.4210425079543122 22
      vertex 56.198291492696455 14.434352212428509 22
      vertex 47.01 19.99743559577316 22
    endloop
  endfacet
  facet normal 0 0 1
    outer loop
      vertex 47.01 19.99743559577316 22
      vertex 56.198291492696455 14.434352212428509 22
      vertex 56.99898979904178 17.431814025688286 22
    endloop
  endfacet
  facet normal 0 0 1
    outer loop
      vertex 47.01 19.99743559577316 22
      vertex 56.99898979904178 17.431814025688286 22
      vertex 57 17.435595773160458 22
    endloop
  endfacet
  facet normal 1 0 0
    outer loop
      vertex 57 17.435595773160458 0
      vertex 57 17.435595773160458 22
      vertex 57 17.432433077631664 22
    endloop
  endfacet
  facet normal 0 0 1
    outer loop
      vertex 54.09392469112585 9.522121087138064 22
      vertex 54.610235424397075 10.194990335007365 22
      vertex 56.198291492696455 14.434352212428509 22
    endloop
  endfacet
  facet normal 0 0 1
    outer loop
      vertex 54.610235424397075 10.194990335007365 22
      vertex 55.161053827266215 10.839915823013502 22
      vertex 56.198291492696455 14.434352212428509 22
    endloop
  endfacet
  facet normal 0 0 1
    outer loop
      vertex 55.161053827266215 10.839915823013502 22
      vertex 55.74487014477793 11.45512985522207 22
      vertex 56.198291492696455 14.434352212428509 22
    endloop
  endfacet
  facet normal 0 0 1
    outer loop
      vertex 55.74487014477793 11.45512985522207 22
      vertex 56.260922807856176 11.94484554704218 22
      vertex 56.198291492696455 14.434352212428509 22
    endloop
  endfacet
  facet normal 0 0 1
    outer loop
      vertex 57 17.435595773160458 22
      vertex 56.99898979904178 17.431814025688286 22
      vertex 57 17.432433077631664 22
    endloop
  endfacet
  facet normal 0.7604059656000324 0.6494480483301821 0
    outer loop
      vertex 54.610235424397075 -10.194990335007365 0
      vertex 54.610235424397075 -10.194990335007365 22
      vertex 55.161053827266215 -10.839915823013502 0
    endloop
  endfacet
  facet normal 0.8241261886220189 0.5664062369248282 0
    outer loop
      vertex 54.09392469112585 -9.522121087138064 0
      vertex 53.613536799284134 -8.823152367243438 0
      vertex 53.613536799284134 -8.823152367243438 22
    endloop
  endfacet
  facet normal 0.7933533402912313 0.6087614290087258 0
    outer loop
      vertex 54.610235424397075 -10.194990335007365 0
      vertex 54.09392469112585 -9.522121087138064 0
      vertex 54.09392469112585 -9.522121087138064 22
    endloop
  endfacet
  facet normal 0.852640164354091 0.522498564715951 0
    outer loop
      vertex 53.613536799284134 -8.823152367243438 0
      vertex 53.170388458692095 -8.1 0
      vertex 53.170388458692095 -8.1 22
    endloop
  endfacet
  facet normal 0.8788171126619648 0.4771587602596096 0
    outer loop
      vertex 52.76569430814844 -7.354646095780657 0
      vertex 52.76569430814844 -7.354646095780657 22
      vertex 53.170388458692095 -8.1 0
    endloop
  endfacet
  facet normal 0.9025852843498618 0.43051109680829236 0
    outer loop
      vertex 52.76569430814844 -7.354646095780657 0
      vertex 52.40056358618987 -6.589133617827963 0
      vertex 52.40056358618987 -6.589133617827963 22
    endloop
  endfacet
  facet normal 0.923879532511286 0.3826834323650919 0
    outer loop
      vertex 52.40056358618987 -6.589133617827963 0
      vertex 52.07599709074533 -5.805560782633864 0
      vertex 52.07599709074533 -5.805560782633864 22
    endloop
  endfacet
  facet normal 0.9426414910921779 0.33380685923377257 0
    outer loop
      vertex 52.07599709074533 -5.805560782633864 0
      vertex 51.79288443601851 -5.006075308874148 0
      vertex 51.79288443601851 -5.006075308874148 22
    endloop
  endfacet
  facet normal 0.9588197348681939 0.2840153447039195 0
    outer loop
      vertex 51.79288443601851 -5.006075308874148 0
      vertex 51.552001614117096 -4.192868530660836 0
      vertex 51.552001614117096 -4.192868530660836 22
    endloop
  endfacet
  facet normal 0.9723699203976751 0.23344536385591166 0
    outer loop
      vertex 51.552001614117096 -4.192868530660836 0
      vertex 51.354008868112345 -3.3681693912477013 0
      vertex 51.354008868112345 -3.3681693912477013 22
    endloop
  endfacet
  facet normal 0.991444861373811 0.13052619222004638 0
    outer loop
      vertex 51.08874529503397 -1.6933611049359862 0
      vertex 51.08874529503397 -1.6933611049359862 22
      vertex 51.199448882358766 -2.53423833365174 0
    endloop
  endfacet
  facet normal 0.9969173337331275 0.07845909572785155 0
    outer loop
      vertex 51.08874529503397 -1.6933611049359862 0
      vertex 51.0222015369759 -0.8478424911356901 0
      vertex 51.0222015369759 -0.8478424911356901 22
    endloop
  endfacet
  facet normal 0.9996573249755575 0.026176948307868406 0
    outer loop
      vertex 51.0222015369759 -0.8478424911356901 0
      vertex 51 0 0
      vertex 51 0 22
    endloop
  endfacet
  facet normal 0.9832549075639547 0.18223552549214656 0
    outer loop
      vertex 51.354008868112345 -3.3681693912477013 0
      vertex 51.199448882358766 -2.53423833365174 0
      vertex 51.199448882358766 -2.53423833365174 22
    endloop
  endfacet
  facet normal 0.9996573249755575 -0.026176948307868406 0
    outer loop
      vertex 51 0 0
      vertex 51.0222015369759 0.8478424911356901 0
      vertex 51.0222015369759 0.8478424911356901 22
    endloop
  endfacet
  facet normal 0.9969173337331275 -0.07845909572785155 0
    outer loop
      vertex 51.0222015369759 0.8478424911356901 0
      vertex 51.08874529503397 1.6933611049359862 0
      vertex 51.08874529503397 1.6933611049359862 22
    endloop
  endfacet
  facet normal 0.991444861373811 -0.13052619222004638 0
    outer loop
      vertex 51.08874529503397 1.6933611049359862 0
      vertex 51.199448882358766 2.53423833365174 0
      vertex 51.199448882358766 2.53423833365174 22
    endloop
  endfacet
  facet normal 0.9832549075639547 -0.18223552549214656 0
    outer loop
      vertex 51.199448882358766 2.53423833365174 0
      vertex 51.354008868112345 3.3681693912477013 0
      vertex 51.354008868112345 3.3681693912477013 22
    endloop
  endfacet
  facet normal 0.9723699203976751 -0.23344536385591166 0
    outer loop
      vertex 51.354008868112345 3.3681693912477013 0
      vertex 51.552001614117096 4.192868530660836 0
      vertex 51.552001614117096 4.192868530660836 22
    endloop
  endfacet
  facet normal 0.9588197348681939 -0.2840153447039195 0
    outer loop
      vertex 51.552001614117096 4.192868530660836 0
      vertex 51.79288443601851 5.006075308874148 0
      vertex 51.79288443601851 5.006075308874148 22
    endloop
  endfacet
  facet normal 0.9426414910921779 -0.33380685923377257 0
    outer loop
      vertex 51.79288443601851 5.006075308874148 0
      vertex 52.07599709074533 5.805560782633864 0
      vertex 52.07599709074533 5.805560782633864 22
    endloop
  endfacet
  facet normal 0.923879532511286 -0.3826834323650919 0
    outer loop
      vertex 52.07599709074533 5.805560782633864 0
      vertex 52.40056358618987 6.589133617827963 0
      vertex 52.40056358618987 6.589133617827963 22
    endloop
  endfacet
  facet normal 0.9025852843498618 -0.43051109680829236 0
    outer loop
      vertex 52.40056358618987 6.589133617827963 0
      vertex 52.76569430814844 7.354646095780657 0
      vertex 52.76569430814844 7.354646095780657 22
    endloop
  endfacet
  facet normal 0.3338068592337707 0.9426414910921784 0
    outer loop
      vertex 61.394439217366134 -15.124002909254667 0
      vertex 61.394439217366134 -15.124002909254667 22
      vertex 62.19392469112585 -15.407115563981487 0
    endloop
  endfacet
  facet normal 0.4771587602596096 0.8788171126619648 0
    outer loop
      vertex 59.845353904219344 -14.43430569185156 0
      vertex 59.1 -14.029611541307904 0
      vertex 59.1 -14.029611541307904 22
    endloop
  endfacet
  facet normal 0.43051109680829575 0.9025852843498604 0
    outer loop
      vertex 59.845353904219344 -14.43430569185156 0
      vertex 59.845353904219344 -14.43430569185156 22
      vertex 60.610866382172034 -14.799436413810133 0
    endloop
  endfacet
  facet normal 0.5224985647159489 0.8526401643540923 0
    outer loop
      vertex 58.376847632756565 -13.586463200715869 0
      vertex 58.376847632756565 -13.586463200715869 22
      vertex 59.1 -14.029611541307904 0
    endloop
  endfacet
  facet normal 0.38268343236508967 0.9238795325112867 0
    outer loop
      vertex 61.394439217366134 -15.124002909254667 0
      vertex 60.610866382172034 -14.799436413810133 0
      vertex 60.610866382172034 -14.799436413810133 22
    endloop
  endfacet
  facet normal 0.28401534470392276 0.9588197348681929 0
    outer loop
      vertex 62.19392469112585 -15.407115563981487 0
      vertex 62.19392469112585 -15.407115563981487 22
      vertex 63.007131469339164 -15.647998385882905 0
    endloop
  endfacet
  facet normal 0.2334453638559058 0.9723699203976764 0
    outer loop
      vertex 63.007131469339164 -15.647998385882905 0
      vertex 63.007131469339164 -15.647998385882905 22
      vertex 63.8318306087523 -15.84599113188765 0
    endloop
  endfacet
  facet normal 0.18223552549214656 0.9832549075639547 0
    outer loop
      vertex 63.8318306087523 -15.84599113188765 0
      vertex 63.8318306087523 -15.84599113188765 22
      vertex 64.66576166634826 -16.00055111764123 0
    endloop
  endfacet
  facet normal 0.13052619222005032 0.9914448613738105 0
    outer loop
      vertex 64.66576166634826 -16.00055111764123 0
      vertex 64.66576166634826 -16.00055111764123 22
      vertex 65.50663889506401 -16.111254704966026 0
    endloop
  endfacet
  facet normal 0.07845909572784754 0.9969173337331276 0
    outer loop
      vertex 65.50663889506401 -16.111254704966026 0
      vertex 65.50663889506401 -16.111254704966026 22
      vertex 66.35215750886431 -16.177798463024097 0
    endloop
  endfacet
  facet normal 0.026176948307872476 0.9996573249755573 0
    outer loop
      vertex 66.35215750886431 -16.177798463024097 0
      vertex 66.35215750886431 -16.177798463024097 22
      vertex 67.2 -16.2 0
    endloop
  endfacet
  facet normal -0.026176948307872476 0.9996573249755573 0
    outer loop
      vertex 67.2 -16.2 0
      vertex 67.2 -16.2 22
      vertex 68.0478424911357 -16.177798463024097 0
    endloop
  endfacet
  facet normal -0.07845909572784754 0.9969173337331276 0
    outer loop
      vertex 68.0478424911357 -16.177798463024097 0
      vertex 68.0478424911357 -16.177798463024097 22
      vertex 68.89336110493599 -16.111254704966026 0
    endloop
  endfacet
  facet normal -0.13052619222005032 0.9914448613738105 0
    outer loop
      vertex 68.89336110493599 -16.111254704966026 0
      vertex 68.89336110493599 -16.111254704966026 22
      vertex 69.73423833365175 -16.00055111764123 0
    endloop
  endfacet
  facet normal 0.6494480483301829 0.7604059656000316 0
    outer loop
      vertex 56.3600841769865 -12.038946172733786 0
      vertex 56.3600841769865 -12.038946172733786 22
      vertex 57 -12.585485917492075 0
    endloop
  endfacet
  facet normal 0.6883545756937512 0.7253743710122903 0
    outer loop
      vertex 56.3600841769865 -12.038946172733786 0
      vertex 55.74487014477793 -11.45512985522207 0
      vertex 55.74487014477793 -11.45512985522207 22
    endloop
  endfacet
  facet normal 0.6494480483302372 0.7604059655999853 3.7626377480198165e-16
    outer loop
      vertex 57 -12.585485917492075 0
      vertex 56.875382236420634 -12.479052292553282 22
      vertex 57.005009664992635 -12.589764575602928 0
    endloop
  endfacet
  facet normal 0.6087614290087218 0.7933533402912343 0
    outer loop
      vertex 57.005009664992635 -12.589764575602928 0
      vertex 57.005009664992635 -12.589764575602928 22
      vertex 57.677878912861935 -13.106075308874148 0
    endloop
  endfacet
  facet normal 0.5664062369248305 0.8241261886220173 0
    outer loop
      vertex 58.376847632756565 -13.586463200715869 0
      vertex 57.677878912861935 -13.106075308874148 0
      vertex 57.677878912861935 -13.106075308874148 22
    endloop
  endfacet
  facet normal 0.7253743710122914 0.6883545756937501 0
    outer loop
      vertex 55.161053827266215 -10.839915823013502 0
      vertex 55.161053827266215 -10.839915823013502 22
      vertex 55.74487014477793 -11.45512985522207 0
    endloop
  endfacet
  facet normal -0.18223552549214955 0.9832549075639543 0
    outer loop
      vertex 69.73423833365175 -16.00055111764123 0
      vertex 69.73423833365175 -16.00055111764123 22
      vertex 70.5681693912477 -15.84599113188765 0
    endloop
  endfacet
  facet normal -0.23344536385590395 0.972369920397677 0
    outer loop
      vertex 70.5681693912477 -15.84599113188765 0
      vertex 70.5681693912477 -15.84599113188765 22
      vertex 71.39286853066083 -15.647998385882905 0
    endloop
  endfacet
  facet normal -0.28401534470392276 0.9588197348681929 0
    outer loop
      vertex 71.39286853066083 -15.647998385882905 0
      vertex 71.39286853066083 -15.647998385882905 22
      vertex 72.20607530887415 -15.407115563981487 0
    endloop
  endfacet
  facet normal -0.3338068592337707 0.9426414910921784 0
    outer loop
      vertex 72.20607530887415 -15.407115563981487 0
      vertex 72.20607530887415 -15.407115563981487 22
      vertex 73.00556078263386 -15.124002909254667 0
    endloop
  endfacet
  facet normal -0.38268343236509267 0.9238795325112856 0
    outer loop
      vertex 73.00556078263386 -15.124002909254667 0
      vertex 73.00556078263386 -15.124002909254667 22
      vertex 73.78913361782796 -14.799436413810133 0
    endloop
  endfacet
  facet normal -0.4305110968082924 0.9025852843498617 0
    outer loop
      vertex 73.78913361782796 -14.799436413810133 0
      vertex 73.78913361782796 -14.799436413810133 22
      vertex 74.55464609578065 -14.43430569185156 0
    endloop
  endfacet
  facet normal -0.4771587602596096 0.8788171126619648 0
    outer loop
      vertex 74.55464609578065 -14.43430569185156 0
      vertex 74.55464609578065 -14.43430569185156 22
      vertex 75.3 -14.029611541307904 0
    endloop
  endfacet
  facet normal -0.5224985647159452 0.8526401643540946 0
    outer loop
      vertex 75.3 -14.029611541307904 0
      vertex 75.3 -14.029611541307904 22
      vertex 76.02315236724344 -13.586463200715869 0
    endloop
  endfacet
  facet normal -0.5664062369248344 0.8241261886220146 0
    outer loop
      vertex 76.02315236724344 -13.586463200715869 0
      vertex 76.02315236724344 -13.586463200715869 22
      vertex 76.72212108713806 -13.106075308874148 0
    endloop
  endfacet
  facet normal -0.6087614290087218 0.7933533402912343 0
    outer loop
      vertex 76.72212108713806 -13.106075308874148 0
      vertex 76.72212108713806 -13.106075308874148 22
      vertex 77.39499033500736 -12.589764575602928 0
    endloop
  endfacet
  facet normal -0.6494480483301832 0.7604059656000312 0
    outer loop
      vertex 77.39499033500736 -12.589764575602928 0
      vertex 77.39499033500736 -12.589764575602928 22
      vertex 78.0399158230135 -12.038946172733786 0
    endloop
  endfacet
  facet normal -0.6883545756937512 0.7253743710122903 0
    outer loop
      vertex 78.0399158230135 -12.038946172733786 0
      vertex 78.0399158230135 -12.038946172733786 22
      vertex 78.65512985522207 -11.45512985522207 0
    endloop
  endfacet
  facet normal -0.7253743710122871 0.6883545756937545 0
    outer loop
      vertex 78.65512985522207 -11.45512985522207 0
      vertex 78.65512985522207 -11.45512985522207 22
      vertex 79.23894617273379 -10.839915823013502 0
    endloop
  endfacet
  facet normal -0.7604059656000324 0.6494480483301821 0
    outer loop
      vertex 79.23894617273379 -10.839915823013502 0
      vertex 79.23894617273379 -10.839915823013502 22
      vertex 79.78976457560293 -10.194990335007365 0
    endloop
  endfacet
  facet normal -0.7933533402912393 0.6087614290087151 0
    outer loop
      vertex 79.78976457560293 -10.194990335007365 0
      vertex 79.78976457560293 -10.194990335007365 22
      vertex 80.30607530887414 -9.522121087138064 0
    endloop
  endfacet
  facet normal -0.8241261886220073 0.5664062369248452 0
    outer loop
      vertex 80.30607530887414 -9.522121087138064 0
      vertex 80.30607530887414 -9.522121087138064 22
      vertex 80.46622086749925 -9.289107853436754 0
    endloop
  endfacet
  facet normal 0.7933533402912313 0.6087614290087258 0
    outer loop
      vertex 54.610235424397075 -10.194990335007365 0
      vertex 54.09392469112585 -9.522121087138064 22
      vertex 54.610235424397075 -10.194990335007365 22
    endloop
  endfacet
  facet normal 0.8241261886220189 0.5664062369248282 0
    outer loop
      vertex 54.09392469112585 -9.522121087138064 0
      vertex 53.613536799284134 -8.823152367243438 22
      vertex 54.09392469112585 -9.522121087138064 22
    endloop
  endfacet
  facet normal 0.852640164354091 0.522498564715951 0
    outer loop
      vertex 53.613536799284134 -8.823152367243438 0
      vertex 53.170388458692095 -8.1 22
      vertex 53.613536799284134 -8.823152367243438 22
    endloop
  endfacet
  facet normal 0.9025852843498618 0.43051109680829236 0
    outer loop
      vertex 52.76569430814844 -7.354646095780657 0
      vertex 52.40056358618987 -6.589133617827963 22
      vertex 52.76569430814844 -7.354646095780657 22
    endloop
  endfacet
  facet normal 0.8788171126619648 0.4771587602596096 0
    outer loop
      vertex 53.170388458692095 -8.1 0
      vertex 52.76569430814844 -7.354646095780657 22
      vertex 53.170388458692095 -8.1 22
    endloop
  endfacet
  facet normal 0.9426414910921779 0.33380685923377257 0
    outer loop
      vertex 52.07599709074533 -5.805560782633864 0
      vertex 51.79288443601851 -5.006075308874148 22
      vertex 52.07599709074533 -5.805560782633864 22
    endloop
  endfacet
  facet normal 0.923879532511286 0.3826834323650919 0
    outer loop
      vertex 52.40056358618987 -6.589133617827963 0
      vertex 52.07599709074533 -5.805560782633864 22
      vertex 52.40056358618987 -6.589133617827963 22
    endloop
  endfacet
  facet normal 0.9588197348681939 0.2840153447039195 0
    outer loop
      vertex 51.79288443601851 -5.006075308874148 0
      vertex 51.552001614117096 -4.192868530660836 22
      vertex 51.79288443601851 -5.006075308874148 22
    endloop
  endfacet
  facet normal 0.9723699203976751 0.23344536385591166 0
    outer loop
      vertex 51.552001614117096 -4.192868530660836 0
      vertex 51.354008868112345 -3.3681693912477013 22
      vertex 51.552001614117096 -4.192868530660836 22
    endloop
  endfacet
  facet normal 0.9832549075639547 0.18223552549214656 0
    outer loop
      vertex 51.354008868112345 -3.3681693912477013 0
      vertex 51.199448882358766 -2.53423833365174 22
      vertex 51.354008868112345 -3.3681693912477013 22
    endloop
  endfacet
  facet normal 0.991444861373811 0.13052619222004638 0
    outer loop
      vertex 51.199448882358766 -2.53423833365174 0
      vertex 51.08874529503397 -1.6933611049359862 22
      vertex 51.199448882358766 -2.53423833365174 22
    endloop
  endfacet
  facet normal 0.9969173337331275 0.07845909572785155 0
    outer loop
      vertex 51.08874529503397 -1.6933611049359862 0
      vertex 51.0222015369759 -0.8478424911356901 22
      vertex 51.08874529503397 -1.6933611049359862 22
    endloop
  endfacet
  facet normal 0.9996573249755575 0.026176948307868406 0
    outer loop
      vertex 51.0222015369759 -0.8478424911356901 0
      vertex 51 0 22
      vertex 51.0222015369759 -0.8478424911356901 22
    endloop
  endfacet
  facet normal 0.9996573249755575 -0.026176948307868406 0
    outer loop
      vertex 51 0 0
      vertex 51.0222015369759 0.8478424911356901 22
      vertex 51 0 22
    endloop
  endfacet
  facet normal 0.9969173337331275 -0.07845909572785155 0
    outer loop
      vertex 51.0222015369759 0.8478424911356901 0
      vertex 51.08874529503397 1.6933611049359862 22
      vertex 51.0222015369759 0.8478424911356901 22
    endloop
  endfacet
  facet normal 0.991444861373811 -0.13052619222004638 0
    outer loop
      vertex 51.08874529503397 1.6933611049359862 0
      vertex 51.199448882358766 2.53423833365174 22
      vertex 51.08874529503397 1.6933611049359862 22
    endloop
  endfacet
  facet normal 0.9832549075639547 -0.18223552549214656 0
    outer loop
      vertex 51.199448882358766 2.53423833365174 0
      vertex 51.354008868112345 3.3681693912477013 22
      vertex 51.199448882358766 2.53423833365174 22
    endloop
  endfacet
  facet normal 0.9723699203976751 -0.23344536385591166 0
    outer loop
      vertex 51.354008868112345 3.3681693912477013 0
      vertex 51.552001614117096 4.192868530660836 22
      vertex 51.354008868112345 3.3681693912477013 22
    endloop
  endfacet
  facet normal 0.9588197348681939 -0.2840153447039195 0
    outer loop
      vertex 51.552001614117096 4.192868530660836 0
      vertex 51.79288443601851 5.006075308874148 22
      vertex 51.552001614117096 4.192868530660836 22
    endloop
  endfacet
  facet normal 0.9426414910921779 -0.33380685923377257 0
    outer loop
      vertex 51.79288443601851 5.006075308874148 0
      vertex 52.07599709074533 5.805560782633864 22
      vertex 51.79288443601851 5.006075308874148 22
    endloop
  endfacet
  facet normal 0.923879532511286 -0.3826834323650919 0
    outer loop
      vertex 52.07599709074533 5.805560782633864 0
      vertex 52.40056358618987 6.589133617827963 22
      vertex 52.07599709074533 5.805560782633864 22
    endloop
  endfacet
  facet normal 0.9025852843498618 -0.43051109680829236 0
    outer loop
      vertex 52.40056358618987 6.589133617827963 0
      vertex 52.76569430814844 7.354646095780657 22
      vertex 52.40056358618987 6.589133617827963 22
    endloop
  endfacet
  facet normal 0.5664062369248305 0.8241261886220173 0
    outer loop
      vertex 58.376847632756565 -13.586463200715869 0
      vertex 57.677878912861935 -13.106075308874148 22
      vertex 58.376847632756565 -13.586463200715869 22
    endloop
  endfacet
  facet normal 0.3338068592337707 0.9426414910921784 0
    outer loop
      vertex 62.19392469112585 -15.407115563981487 0
      vertex 61.394439217366134 -15.124002909254667 22
      vertex 62.19392469112585 -15.407115563981487 22
    endloop
  endfacet
  facet normal 0.4771587602596096 0.8788171126619648 0
    outer loop
      vertex 59.845353904219344 -14.43430569185156 0
      vertex 59.1 -14.029611541307904 22
      vertex 59.845353904219344 -14.43430569185156 22
    endloop
  endfacet
  facet normal 0.5224985647159489 0.8526401643540923 0
    outer loop
      vertex 59.1 -14.029611541307904 0
      vertex 58.376847632756565 -13.586463200715869 22
      vertex 59.1 -14.029611541307904 22
    endloop
  endfacet
  facet normal 0.43051109680829575 0.9025852843498604 0
    outer loop
      vertex 60.610866382172034 -14.799436413810133 0
      vertex 59.845353904219344 -14.43430569185156 22
      vertex 60.610866382172034 -14.799436413810133 22
    endloop
  endfacet
  facet normal 0.38268343236508967 0.9238795325112867 0
    outer loop
      vertex 61.394439217366134 -15.124002909254667 0
      vertex 60.610866382172034 -14.799436413810133 22
      vertex 61.394439217366134 -15.124002909254667 22
    endloop
  endfacet
  facet normal 0.28401534470392276 0.9588197348681929 0
    outer loop
      vertex 63.007131469339164 -15.647998385882905 0
      vertex 62.19392469112585 -15.407115563981487 22
      vertex 63.007131469339164 -15.647998385882905 22
    endloop
  endfacet
  facet normal 0.2334453638559058 0.9723699203976764 0
    outer loop
      vertex 63.8318306087523 -15.84599113188765 0
      vertex 63.007131469339164 -15.647998385882905 22
      vertex 63.8318306087523 -15.84599113188765 22
    endloop
  endfacet
  facet normal 0.18223552549214656 0.9832549075639547 0
    outer loop
      vertex 64.66576166634826 -16.00055111764123 0
      vertex 63.8318306087523 -15.84599113188765 22
      vertex 64.66576166634826 -16.00055111764123 22
    endloop
  endfacet
  facet normal 0.13052619222005032 0.9914448613738105 0
    outer loop
      vertex 65.50663889506401 -16.111254704966026 0
      vertex 64.66576166634826 -16.00055111764123 22
      vertex 65.50663889506401 -16.111254704966026 22
    endloop
  endfacet
  facet normal 0.07845909572784754 0.9969173337331276 0
    outer loop
      vertex 66.35215750886431 -16.177798463024097 0
      vertex 65.50663889506401 -16.111254704966026 22
      vertex 66.35215750886431 -16.177798463024097 22
    endloop
  endfacet
  facet normal 0.026176948307872476 0.9996573249755573 0
    outer loop
      vertex 67.2 -16.2 0
      vertex 66.35215750886431 -16.177798463024097 22
      vertex 67.2 -16.2 22
    endloop
  endfacet
  facet normal -0.026176948307872476 0.9996573249755573 0
    outer loop
      vertex 68.0478424911357 -16.177798463024097 0
      vertex 67.2 -16.2 22
      vertex 68.0478424911357 -16.177798463024097 22
    endloop
  endfacet
  facet normal -0.07845909572784754 0.9969173337331276 0
    outer loop
      vertex 68.89336110493599 -16.111254704966026 0
      vertex 68.0478424911357 -16.177798463024097 22
      vertex 68.89336110493599 -16.111254704966026 22
    endloop
  endfacet
  facet normal 0.6883545756937512 0.7253743710122903 0
    outer loop
      vertex 56.3600841769865 -12.038946172733786 0
      vertex 55.74487014477793 -11.45512985522207 22
      vertex 56.3600841769865 -12.038946172733786 22
    endloop
  endfacet
  facet normal 0.6087614290087218 0.7933533402912343 0
    outer loop
      vertex 57.677878912861935 -13.106075308874148 0
      vertex 57.005009664992635 -12.589764575602928 22
      vertex 57.677878912861935 -13.106075308874148 22
    endloop
  endfacet
  facet normal 0.6494480483302002 0.7604059656000168 0
    outer loop
      vertex 57.005009664992635 -12.589764575602928 0
      vertex 56.875382236420634 -12.479052292553282 22
      vertex 57.005009664992635 -12.589764575602928 22
    endloop
  endfacet
  facet normal 0.649448048330179 0.7604059656000348 -1.9268810952796684e-16
    outer loop
      vertex 57 -12.585485917492075 0
      vertex 56.3600841769865 -12.038946172733786 22
      vertex 56.875382236420634 -12.479052292553282 22
    endloop
  endfacet
  facet normal 0.7253743710122914 0.6883545756937501 0
    outer loop
      vertex 55.74487014477793 -11.45512985522207 0
      vertex 55.161053827266215 -10.839915823013502 22
      vertex 55.74487014477793 -11.45512985522207 22
    endloop
  endfacet
  facet normal 0.7604059656000324 0.6494480483301821 0
    outer loop
      vertex 55.161053827266215 -10.839915823013502 0
      vertex 54.610235424397075 -10.194990335007365 22
      vertex 55.161053827266215 -10.839915823013502 22
    endloop
  endfacet
  facet normal -0.13052619222005032 0.9914448613738105 0
    outer loop
      vertex 69.73423833365175 -16.00055111764123 0
      vertex 68.89336110493599 -16.111254704966026 22
      vertex 69.73423833365175 -16.00055111764123 22
    endloop
  endfacet
  facet normal -0.18223552549214955 0.9832549075639543 0
    outer loop
      vertex 70.5681693912477 -15.84599113188765 0
      vertex 69.73423833365175 -16.00055111764123 22
      vertex 70.5681693912477 -15.84599113188765 22
    endloop
  endfacet
  facet normal -0.23344536385590395 0.972369920397677 0
    outer loop
      vertex 71.39286853066083 -15.647998385882905 0
      vertex 70.5681693912477 -15.84599113188765 22
      vertex 71.39286853066083 -15.647998385882905 22
    endloop
  endfacet
  facet normal -0.28401534470392276 0.9588197348681929 0
    outer loop
      vertex 72.20607530887415 -15.407115563981487 0
      vertex 71.39286853066083 -15.647998385882905 22
      vertex 72.20607530887415 -15.407115563981487 22
    endloop
  endfacet
  facet normal -0.3338068592337707 0.9426414910921784 0
    outer loop
      vertex 73.00556078263386 -15.124002909254667 0
      vertex 72.20607530887415 -15.407115563981487 22
      vertex 73.00556078263386 -15.124002909254667 22
    endloop
  endfacet
  facet normal -0.38268343236509267 0.9238795325112856 0
    outer loop
      vertex 73.78913361782796 -14.799436413810133 0
      vertex 73.00556078263386 -15.124002909254667 22
      vertex 73.78913361782796 -14.799436413810133 22
    endloop
  endfacet
  facet normal -0.4305110968082924 0.9025852843498617 0
    outer loop
      vertex 74.55464609578065 -14.43430569185156 0
      vertex 73.78913361782796 -14.799436413810133 22
      vertex 74.55464609578065 -14.43430569185156 22
    endloop
  endfacet
  facet normal -0.4771587602596096 0.8788171126619648 0
    outer loop
      vertex 75.3 -14.029611541307904 0
      vertex 74.55464609578065 -14.43430569185156 22
      vertex 75.3 -14.029611541307904 22
    endloop
  endfacet
  facet normal -0.5224985647159452 0.8526401643540946 0
    outer loop
      vertex 76.02315236724344 -13.586463200715869 0
      vertex 75.3 -14.029611541307904 22
      vertex 76.02315236724344 -13.586463200715869 22
    endloop
  endfacet
  facet normal -0.5664062369248344 0.8241261886220146 0
    outer loop
      vertex 76.72212108713806 -13.106075308874148 0
      vertex 76.02315236724344 -13.586463200715869 22
      vertex 76.72212108713806 -13.106075308874148 22
    endloop
  endfacet
  facet normal -0.6087614290087218 0.7933533402912343 0
    outer loop
      vertex 77.39499033500736 -12.589764575602928 0
      vertex 76.72212108713806 -13.106075308874148 22
      vertex 77.39499033500736 -12.589764575602928 22
    endloop
  endfacet
  facet normal -0.6494480483301832 0.7604059656000312 0
    outer loop
      vertex 78.0399158230135 -12.038946172733786 0
      vertex 77.39499033500736 -12.589764575602928 22
      vertex 78.0399158230135 -12.038946172733786 22
    endloop
  endfacet
  facet normal -0.6883545756937512 0.7253743710122903 0
    outer loop
      vertex 78.65512985522207 -11.45512985522207 0
      vertex 78.0399158230135 -12.038946172733786 22
      vertex 78.65512985522207 -11.45512985522207 22
    endloop
  endfacet
  facet normal -0.7253743710122871 0.6883545756937545 0
    outer loop
      vertex 79.23894617273379 -10.839915823013502 0
      vertex 78.65512985522207 -11.45512985522207 22
      vertex 79.23894617273379 -10.839915823013502 22
    endloop
  endfacet
  facet normal -0.7604059656000324 0.6494480483301821 0
    outer loop
      vertex 79.78976457560293 -10.194990335007365 0
      vertex 79.23894617273379 -10.839915823013502 22
      vertex 79.78976457560293 -10.194990335007365 22
    endloop
  endfacet
  facet normal -0.7933533402912393 0.6087614290087151 0
    outer loop
      vertex 80.30607530887414 -9.522121087138064 0
      vertex 79.78976457560293 -10.194990335007365 22
      vertex 80.30607530887414 -9.522121087138064 22
    endloop
  endfacet
  facet normal -0.8241261886220073 0.5664062369248452 0
    outer loop
      vertex 80.46622086749925 -9.289107853436754 0
      vertex 80.30607530887414 -9.522121087138064 22
      vertex 80.46622086749925 -9.289107853436754 22
    endloop
  endfacet
  facet normal 0.8788171126619648 -0.4771587602596096 0
    outer loop
      vertex 52.76569430814844 7.354646095780657 0
      vertex 53.170388458692095 8.1 0
      vertex 53.170388458692095 8.1 22
    endloop
  endfacet
  facet normal 0.852640164354091 -0.522498564715951 0
    outer loop
      vertex 53.170388458692095 8.1 0
      vertex 53.613536799284134 8.823152367243438 0
      vertex 53.613536799284134 8.823152367243438 22
    endloop
  endfacet
  facet normal 0.8241261886220189 -0.5664062369248282 0
    outer loop
      vertex 53.613536799284134 8.823152367243438 0
      vertex 54.09392469112585 9.522121087138064 0
      vertex 54.09392469112585 9.522121087138064 22
    endloop
  endfacet
  facet normal 0.7933533402912313 -0.6087614290087258 0
    outer loop
      vertex 54.09392469112585 9.522121087138064 0
      vertex 54.610235424397075 10.194990335007365 0
      vertex 54.610235424397075 10.194990335007365 22
    endloop
  endfacet
  facet normal 0.7604059656000324 -0.6494480483301821 0
    outer loop
      vertex 54.610235424397075 10.194990335007365 0
      vertex 55.161053827266215 10.839915823013502 0
      vertex 55.161053827266215 10.839915823013502 22
    endloop
  endfacet
  facet normal 0.7253743710122914 -0.6883545756937501 0
    outer loop
      vertex 55.161053827266215 10.839915823013502 0
      vertex 55.74487014477793 11.45512985522207 0
      vertex 55.74487014477793 11.45512985522207 22
    endloop
  endfacet
  facet normal 0.6883545756937512 -0.7253743710122903 0
    outer loop
      vertex 55.74487014477793 11.45512985522207 0
      vertex 56.3600841769865 12.038946172733786 0
      vertex 56.3600841769865 12.038946172733786 22
    endloop
  endfacet
  facet normal 0.6494480483301829 -0.7604059656000316 2.0988348158011846e-17
    outer loop
      vertex 56.3600841769865 12.038946172733786 0
      vertex 57 12.585485917492075 0
      vertex 57.005009664992635 12.589764575602928 22
    endloop
  endfacet
  facet normal 0.6494480483302372 -0.7604059655999853 0
    outer loop
      vertex 57 12.585485917492075 0
      vertex 57.005009664992635 12.589764575602928 0
      vertex 57.005009664992635 12.589764575602928 22
    endloop
  endfacet
  facet normal 0.6087614290087218 -0.7933533402912343 0
    outer loop
      vertex 57.005009664992635 12.589764575602928 0
      vertex 57.677878912861935 13.106075308874148 0
      vertex 57.677878912861935 13.106075308874148 22
    endloop
  endfacet
  facet normal 0.5664062369248305 -0.8241261886220173 0
    outer loop
      vertex 57.677878912861935 13.106075308874148 0
      vertex 58.376847632756565 13.586463200715869 0
      vertex 58.376847632756565 13.586463200715869 22
    endloop
  endfacet
  facet normal 0.5224985647159489 -0.8526401643540923 0
    outer loop
      vertex 58.376847632756565 13.586463200715869 0
      vertex 59.1 14.029611541307904 0
      vertex 59.1 14.029611541307904 22
    endloop
  endfacet
  facet normal 0.4771587602596096 -0.8788171126619648 0
    outer loop
      vertex 59.1 14.029611541307904 0
      vertex 59.845353904219344 14.43430569185156 0
      vertex 59.845353904219344 14.43430569185156 22
    endloop
  endfacet
  facet normal 0.43051109680829575 -0.9025852843498604 0
    outer loop
      vertex 59.845353904219344 14.43430569185156 0
      vertex 60.610866382172034 14.799436413810133 0
      vertex 60.610866382172034 14.799436413810133 22
    endloop
  endfacet
  facet normal 0.38268343236508967 -0.9238795325112867 0
    outer loop
      vertex 60.610866382172034 14.799436413810133 0
      vertex 61.394439217366134 15.124002909254667 0
      vertex 61.394439217366134 15.124002909254667 22
    endloop
  endfacet
  facet normal 0.3338068592337707 -0.9426414910921784 0
    outer loop
      vertex 61.394439217366134 15.124002909254667 0
      vertex 62.19392469112585 15.407115563981487 0
      vertex 62.19392469112585 15.407115563981487 22
    endloop
  endfacet
  facet normal 0.28401534470392276 -0.9588197348681929 0
    outer loop
      vertex 62.19392469112585 15.407115563981487 0
      vertex 63.007131469339164 15.647998385882905 0
      vertex 63.007131469339164 15.647998385882905 22
    endloop
  endfacet
  facet normal 0.2334453638559058 -0.9723699203976764 0
    outer loop
      vertex 63.007131469339164 15.647998385882905 0
      vertex 63.8318306087523 15.84599113188765 0
      vertex 63.8318306087523 15.84599113188765 22
    endloop
  endfacet
  facet normal 0.18223552549214656 -0.9832549075639547 0
    outer loop
      vertex 63.8318306087523 15.84599113188765 0
      vertex 64.66576166634826 16.00055111764123 0
      vertex 64.66576166634826 16.00055111764123 22
    endloop
  endfacet
  facet normal 0.13052619222005032 -0.9914448613738105 0
    outer loop
      vertex 64.66576166634826 16.00055111764123 0
      vertex 65.50663889506401 16.111254704966026 0
      vertex 65.50663889506401 16.111254704966026 22
    endloop
  endfacet
  facet normal 0.07845909572784754 -0.9969173337331276 0
    outer loop
      vertex 65.50663889506401 16.111254704966026 0
      vertex 66.35215750886431 16.177798463024097 0
      vertex 66.35215750886431 16.177798463024097 22
    endloop
  endfacet
  facet normal 0.026176948307872476 -0.9996573249755573 0
    outer loop
      vertex 66.35215750886431 16.177798463024097 0
      vertex 67.2 16.2 0
      vertex 67.2 16.2 22
    endloop
  endfacet
  facet normal -0.026176948307872476 -0.9996573249755573 0
    outer loop
      vertex 67.2 16.2 0
      vertex 68.0478424911357 16.177798463024097 0
      vertex 68.0478424911357 16.177798463024097 22
    endloop
  endfacet
  facet normal -0.07845909572784754 -0.9969173337331276 0
    outer loop
      vertex 68.0478424911357 16.177798463024097 0
      vertex 68.89336110493599 16.111254704966026 0
      vertex 68.89336110493599 16.111254704966026 22
    endloop
  endfacet
  facet normal -0.5664062369248344 -0.8241261886220146 0
    outer loop
      vertex 76.02315236724344 13.586463200715869 0
      vertex 76.72212108713806 13.106075308874148 0
      vertex 76.72212108713806 13.106075308874148 22
    endloop
  endfacet
  facet normal -0.4771587602596096 -0.8788171126619648 0
    outer loop
      vertex 75.3 14.029611541307904 0
      vertex 75.3 14.029611541307904 22
      vertex 74.55464609578065 14.43430569185156 0
    endloop
  endfacet
  facet normal -0.5224985647159452 -0.8526401643540946 0
    outer loop
      vertex 75.3 14.029611541307904 0
      vertex 76.02315236724344 13.586463200715869 0
      vertex 76.02315236724344 13.586463200715869 22
    endloop
  endfacet
  facet normal -0.7604059656000324 -0.6494480483301821 0
    outer loop
      vertex 79.78976457560293 10.194990335007365 0
      vertex 79.78976457560293 10.194990335007365 22
      vertex 79.23894617273379 10.839915823013502 0
    endloop
  endfacet
  facet normal -0.8241261886220073 -0.5664062369248452 0
    outer loop
      vertex 80.46622086749925 9.289107853436754 0
      vertex 80.46622086749925 9.289107853436754 22
      vertex 80.30607530887414 9.522121087138064 0
    endloop
  endfacet
  facet normal -0.7933533402912393 -0.6087614290087151 0
    outer loop
      vertex 79.78976457560293 10.194990335007365 0
      vertex 80.30607530887414 9.522121087138064 0
      vertex 80.30607530887414 9.522121087138064 22
    endloop
  endfacet
  facet normal -0.6494480483301832 -0.7604059656000312 0
    outer loop
      vertex 78.0399158230135 12.038946172733786 0
      vertex 78.0399158230135 12.038946172733786 22
      vertex 77.39499033500736 12.589764575602928 0
    endloop
  endfacet
  facet normal -0.7253743710122871 -0.6883545756937545 0
    outer loop
      vertex 79.23894617273379 10.839915823013502 0
      vertex 79.23894617273379 10.839915823013502 22
      vertex 78.65512985522207 11.45512985522207 0
    endloop
  endfacet
  facet normal -0.6883545756937512 -0.7253743710122903 0
    outer loop
      vertex 78.0399158230135 12.038946172733786 0
      vertex 78.65512985522207 11.45512985522207 0
      vertex 78.65512985522207 11.45512985522207 22
    endloop
  endfacet
  facet normal -0.6087614290087218 -0.7933533402912343 0
    outer loop
      vertex 77.39499033500736 12.589764575602928 0
      vertex 77.39499033500736 12.589764575602928 22
      vertex 76.72212108713806 13.106075308874148 0
    endloop
  endfacet
  facet normal -0.18223552549214955 -0.9832549075639543 0
    outer loop
      vertex 69.73423833365175 16.00055111764123 0
      vertex 70.5681693912477 15.84599113188765 0
      vertex 70.5681693912477 15.84599113188765 22
    endloop
  endfacet
  facet normal -0.28401534470392276 -0.9588197348681929 0
    outer loop
      vertex 71.39286853066083 15.647998385882905 0
      vertex 72.20607530887415 15.407115563981487 0
      vertex 72.20607530887415 15.407115563981487 22
    endloop
  endfacet
  facet normal -0.23344536385590395 -0.972369920397677 0
    outer loop
      vertex 70.5681693912477 15.84599113188765 0
      vertex 71.39286853066083 15.647998385882905 0
      vertex 71.39286853066083 15.647998385882905 22
    endloop
  endfacet
  facet normal -0.3338068592337707 -0.9426414910921784 0
    outer loop
      vertex 72.20607530887415 15.407115563981487 0
      vertex 73.00556078263386 15.124002909254667 0
      vertex 73.00556078263386 15.124002909254667 22
    endloop
  endfacet
  facet normal -0.13052619222005032 -0.9914448613738105 0
    outer loop
      vertex 68.89336110493599 16.111254704966026 0
      vertex 69.73423833365175 16.00055111764123 0
      vertex 69.73423833365175 16.00055111764123 22
    endloop
  endfacet
  facet normal -0.38268343236509267 -0.9238795325112856 0
    outer loop
      vertex 73.00556078263386 15.124002909254667 0
      vertex 73.78913361782796 14.799436413810133 0
      vertex 73.78913361782796 14.799436413810133 22
    endloop
  endfacet
  facet normal -0.4305110968082924 -0.9025852843498617 0
    outer loop
      vertex 73.78913361782796 14.799436413810133 0
      vertex 74.55464609578065 14.43430569185156 0
      vertex 74.55464609578065 14.43430569185156 22
    endloop
  endfacet
  facet normal 0.8788171126619648 -0.4771587602596096 0
    outer loop
      vertex 52.76569430814844 7.354646095780657 0
      vertex 53.170388458692095 8.1 22
      vertex 52.76569430814844 7.354646095780657 22
    endloop
  endfacet
  facet normal 0.852640164354091 -0.522498564715951 0
    outer loop
      vertex 53.170388458692095 8.1 0
      vertex 53.613536799284134 8.823152367243438 22
      vertex 53.170388458692095 8.1 22
    endloop
  endfacet
  facet normal 0.8241261886220189 -0.5664062369248282 0
    outer loop
      vertex 53.613536799284134 8.823152367243438 0
      vertex 54.09392469112585 9.522121087138064 22
      vertex 53.613536799284134 8.823152367243438 22
    endloop
  endfacet
  facet normal 0.7933533402912313 -0.6087614290087258 0
    outer loop
      vertex 54.09392469112585 9.522121087138064 0
      vertex 54.610235424397075 10.194990335007365 22
      vertex 54.09392469112585 9.522121087138064 22
    endloop
  endfacet
  facet normal 0.7604059656000324 -0.6494480483301821 0
    outer loop
      vertex 54.610235424397075 10.194990335007365 0
      vertex 55.161053827266215 10.839915823013502 22
      vertex 54.610235424397075 10.194990335007365 22
    endloop
  endfacet
  facet normal 0.7253743710122914 -0.6883545756937501 0
    outer loop
      vertex 55.161053827266215 10.839915823013502 0
      vertex 55.74487014477793 11.45512985522207 22
      vertex 55.161053827266215 10.839915823013502 22
    endloop
  endfacet
  facet normal 0.6883545756937535 -0.7253743710122882 0
    outer loop
      vertex 55.74487014477793 11.45512985522207 0
      vertex 56.260922807856176 11.94484554704218 22
      vertex 55.74487014477793 11.45512985522207 22
    endloop
  endfacet
  facet normal 0.6883545756937401 -0.725374371012301 5.906459415020099e-16
    outer loop
      vertex 55.74487014477793 11.45512985522207 0
      vertex 56.3600841769865 12.038946172733786 22
      vertex 56.260922807856176 11.94484554704218 22
    endloop
  endfacet
  facet normal 0.6494480483301832 -0.7604059656000312 0
    outer loop
      vertex 56.3600841769865 12.038946172733786 0
      vertex 57.005009664992635 12.589764575602928 22
      vertex 56.3600841769865 12.038946172733786 22
    endloop
  endfacet
  facet normal 0.6087614290087218 -0.7933533402912343 0
    outer loop
      vertex 57.005009664992635 12.589764575602928 0
      vertex 57.677878912861935 13.106075308874148 22
      vertex 57.005009664992635 12.589764575602928 22
    endloop
  endfacet
  facet normal 0.5664062369248305 -0.8241261886220173 0
    outer loop
      vertex 57.677878912861935 13.106075308874148 0
      vertex 58.376847632756565 13.586463200715869 22
      vertex 57.677878912861935 13.106075308874148 22
    endloop
  endfacet
  facet normal 0.5224985647159489 -0.8526401643540923 0
    outer loop
      vertex 58.376847632756565 13.586463200715869 0
      vertex 59.1 14.029611541307904 22
      vertex 58.376847632756565 13.586463200715869 22
    endloop
  endfacet
  facet normal 0.4771587602596096 -0.8788171126619648 0
    outer loop
      vertex 59.1 14.029611541307904 0
      vertex 59.845353904219344 14.43430569185156 22
      vertex 59.1 14.029611541307904 22
    endloop
  endfacet
  facet normal 0.43051109680829575 -0.9025852843498604 0
    outer loop
      vertex 59.845353904219344 14.43430569185156 0
      vertex 60.610866382172034 14.799436413810133 22
      vertex 59.845353904219344 14.43430569185156 22
    endloop
  endfacet
  facet normal 0.38268343236508967 -0.9238795325112867 0
    outer loop
      vertex 60.610866382172034 14.799436413810133 0
      vertex 61.394439217366134 15.124002909254667 22
      vertex 60.610866382172034 14.799436413810133 22
    endloop
  endfacet
  facet normal 0.3338068592337707 -0.9426414910921784 0
    outer loop
      vertex 61.394439217366134 15.124002909254667 0
      vertex 62.19392469112585 15.407115563981487 22
      vertex 61.394439217366134 15.124002909254667 22
    endloop
  endfacet
  facet normal 0.28401534470392276 -0.9588197348681929 0
    outer loop
      vertex 62.19392469112585 15.407115563981487 0
      vertex 63.007131469339164 15.647998385882905 22
      vertex 62.19392469112585 15.407115563981487 22
    endloop
  endfacet
  facet normal 0.2334453638559058 -0.9723699203976764 0
    outer loop
      vertex 63.007131469339164 15.647998385882905 0
      vertex 63.8318306087523 15.84599113188765 22
      vertex 63.007131469339164 15.647998385882905 22
    endloop
  endfacet
  facet normal 0.18223552549214656 -0.9832549075639547 0
    outer loop
      vertex 63.8318306087523 15.84599113188765 0
      vertex 64.66576166634826 16.00055111764123 22
      vertex 63.8318306087523 15.84599113188765 22
    endloop
  endfacet
  facet normal 0.13052619222005032 -0.9914448613738105 0
    outer loop
      vertex 64.66576166634826 16.00055111764123 0
      vertex 65.50663889506401 16.111254704966026 22
      vertex 64.66576166634826 16.00055111764123 22
    endloop
  endfacet
  facet normal 0.07845909572784754 -0.9969173337331276 0
    outer loop
      vertex 65.50663889506401 16.111254704966026 0
      vertex 66.35215750886431 16.177798463024097 22
      vertex 65.50663889506401 16.111254704966026 22
    endloop
  endfacet
  facet normal 0.026176948307872476 -0.9996573249755573 0
    outer loop
      vertex 66.35215750886431 16.177798463024097 0
      vertex 67.2 16.2 22
      vertex 66.35215750886431 16.177798463024097 22
    endloop
  endfacet
  facet normal -0.026176948307872476 -0.9996573249755573 0
    outer loop
      vertex 67.2 16.2 0
      vertex 68.0478424911357 16.177798463024097 22
      vertex 67.2 16.2 22
    endloop
  endfacet
  facet normal -0.07845909572784754 -0.9969173337331276 0
    outer loop
      vertex 68.0478424911357 16.177798463024097 0
      vertex 68.89336110493599 16.111254704966026 22
      vertex 68.0478424911357 16.177798463024097 22
    endloop
  endfacet
  facet normal -0.13052619222005032 -0.9914448613738105 0
    outer loop
      vertex 68.89336110493599 16.111254704966026 0
      vertex 69.73423833365175 16.00055111764123 22
      vertex 68.89336110493599 16.111254704966026 22
    endloop
  endfacet
  facet normal -0.5664062369248344 -0.8241261886220146 0
    outer loop
      vertex 76.02315236724344 13.586463200715869 0
      vertex 76.72212108713806 13.106075308874148 22
      vertex 76.02315236724344 13.586463200715869 22
    endloop
  endfacet
  facet normal -0.4771587602596096 -0.8788171126619648 0
    outer loop
      vertex 74.55464609578065 14.43430569185156 0
      vertex 75.3 14.029611541307904 22
      vertex 74.55464609578065 14.43430569185156 22
    endloop
  endfacet
  facet normal -0.5224985647159452 -0.8526401643540946 0
    outer loop
      vertex 75.3 14.029611541307904 0
      vertex 76.02315236724344 13.586463200715869 22
      vertex 75.3 14.029611541307904 22
    endloop
  endfacet
  facet normal -0.7933533402912393 -0.6087614290087151 0
    outer loop
      vertex 79.78976457560293 10.194990335007365 0
      vertex 80.30607530887414 9.522121087138064 22
      vertex 79.78976457560293 10.194990335007365 22
    endloop
  endfacet
  facet normal -0.7604059656000324 -0.6494480483301821 0
    outer loop
      vertex 79.23894617273379 10.839915823013502 0
      vertex 79.78976457560293 10.194990335007365 22
      vertex 79.23894617273379 10.839915823013502 22
    endloop
  endfacet
  facet normal -0.8241261886220073 -0.5664062369248452 0
    outer loop
      vertex 80.30607530887414 9.522121087138064 0
      vertex 80.46622086749925 9.289107853436754 22
      vertex 80.30607530887414 9.522121087138064 22
    endloop
  endfacet
  facet normal -0.6883545756937512 -0.7253743710122903 0
    outer loop
      vertex 78.0399158230135 12.038946172733786 0
      vertex 78.65512985522207 11.45512985522207 22
      vertex 78.0399158230135 12.038946172733786 22
    endloop
  endfacet
  facet normal -0.6494480483301832 -0.7604059656000312 0
    outer loop
      vertex 77.39499033500736 12.589764575602928 0
      vertex 78.0399158230135 12.038946172733786 22
      vertex 77.39499033500736 12.589764575602928 22
    endloop
  endfacet
  facet normal -0.7253743710122871 -0.6883545756937545 0
    outer loop
      vertex 78.65512985522207 11.45512985522207 0
      vertex 79.23894617273379 10.839915823013502 22
      vertex 78.65512985522207 11.45512985522207 22
    endloop
  endfacet
  facet normal -0.6087614290087218 -0.7933533402912343 0
    outer loop
      vertex 76.72212108713806 13.106075308874148 0
      vertex 77.39499033500736 12.589764575602928 22
      vertex 76.72212108713806 13.106075308874148 22
    endloop
  endfacet
  facet normal -0.18223552549214955 -0.9832549075639543 0
    outer loop
      vertex 69.73423833365175 16.00055111764123 0
      vertex 70.5681693912477 15.84599113188765 22
      vertex 69.73423833365175 16.00055111764123 22
    endloop
  endfacet
  facet normal -0.23344536385590395 -0.972369920397677 0
    outer loop
      vertex 70.5681693912477 15.84599113188765 0
      vertex 71.39286853066083 15.647998385882905 22
      vertex 70.5681693912477 15.84599113188765 22
    endloop
  endfacet
  facet normal -0.28401534470392276 -0.9588197348681929 0
    outer loop
      vertex 71.39286853066083 15.647998385882905 0
      vertex 72.20607530887415 15.407115563981487 22
      vertex 71.39286853066083 15.647998385882905 22
    endloop
  endfacet
  facet normal -0.3338068592337707 -0.9426414910921784 0
    outer loop
      vertex 72.20607530887415 15.407115563981487 0
      vertex 73.00556078263386 15.124002909254667 22
      vertex 72.20607530887415 15.407115563981487 22
    endloop
  endfacet
  facet normal -0.38268343236509267 -0.9238795325112856 0
    outer loop
      vertex 73.00556078263386 15.124002909254667 0
      vertex 73.78913361782796 14.799436413810133 22
      vertex 73.00556078263386 15.124002909254667 22
    endloop
  endfacet
  facet normal -0.4305110968082924 -0.9025852843498617 0
    outer loop
      vertex 73.78913361782796 14.799436413810133 0
      vertex 74.55464609578065 14.43430569185156 22
      vertex 73.78913361782796 14.799436413810133 22
    endloop
  endfacet
  facet normal 0.5735764362871902 0.8191520443337041 0
    outer loop
      vertex 83.7418309582398 -11.582714730828544 0
      vertex 80.46622086749925 -9.289107853436754 0
      vertex 83.7418309582398 -11.582714730828544 22
    endloop
  endfacet
  facet normal 0.5735764362871902 0.8191520443337041 0
    outer loop
      vertex 80.46622086749925 -9.289107853436754 0
      vertex 80.46622086749925 -9.289107853436754 22
      vertex 83.7418309582398 -11.582714730828544 22
    endloop
  endfacet
  facet normal 0.5735764362871902 -0.8191520443337041 0
    outer loop
      vertex 80.46622086749925 9.289107853436754 0
      vertex 83.7418309582398 11.582714730828544 0
      vertex 80.46622086749925 9.289107853436754 22
    endloop
  endfacet
  facet normal 0.5735764362871902 -0.8191520443337041 0
    outer loop
      vertex 83.7418309582398 11.582714730828544 0
      vertex 83.7418309582398 11.582714730828544 22
      vertex 80.46622086749925 9.289107853436754 22
    endloop
  endfacet
endsolid PythonSCAD_Model
